cell_id,stage,comparison_group_id,task_id,condition,round_index,memory_exposed,trace_available
05a810ea4fbb7bf23d6cc9136ca82bfaf5d0eae4424f94d087b7375b830c4c96,STAGE_1B_FROZEN_POLICY_FM0_FM3,7959e81913c199ff1e0b1745a71fd79daf156cf765d9bff075931aa2ef9b0da6,7959e81913c199ff1e0b1745a71fd79daf156cf765d9bff075931aa2ef9b0da6,FM0_NO_MEMORY,,0,0
0c5f84f3521e7d44de916b459f85ae6b904fc635ea0eacf7fecb5e9ced92122c,STAGE_1B_FROZEN_POLICY_FM0_FM3,ebdae33849b6a835b0a8b0782435e0278bc40a4bf36f074b064f158a957d10a5,ebdae33849b6a835b0a8b0782435e0278bc40a4bf36f074b064f158a957d10a5,FM2_STRUCTURED_DESCRIPTIVE,,1,0
2aba1a5b38f7ba6088c3c331477b75d840e3bbe484a6ac34adec3ed9d42af8b3,STAGE_1B_FROZEN_POLICY_FM0_FM3,ebdae33849b6a835b0a8b0782435e0278bc40a4bf36f074b064f158a957d10a5,ebdae33849b6a835b0a8b0782435e0278bc40a4bf36f074b064f158a957d10a5,FM1_MATCHED_RAW_EPISODIC,,1,0
30ebdb4f5bc859d6db2a8db4329684338461775d5608b46dc598aa14a6372494,STAGE_1B_FROZEN_POLICY_FM0_FM3,7959e81913c199ff1e0b1745a71fd79daf156cf765d9bff075931aa2ef9b0da6,7959e81913c199ff1e0b1745a71fd79daf156cf765d9bff075931aa2ef9b0da6,FM2_STRUCTURED_DESCRIPTIVE,,1,0
475e20a2e4bc45364955776c080bfac66be691bebf9a5f59980a73539d147694,STAGE_1B_FROZEN_POLICY_FM0_FM3,7959e81913c199ff1e0b1745a71fd79daf156cf765d9bff075931aa2ef9b0da6,7959e81913c199ff1e0b1745a71fd79daf156cf765d9bff075931aa2ef9b0da6,FM3_GATED_PRESCRIPTIVE,,1,0
554ec0368b5a4bd0e6b4c9bffe54277d947cabbde329ffe8876e95de3055b01d,STAGE_1B_FROZEN_POLICY_FM0_FM3,989069da32a97bb1a7d24ae8b7f7944e8e8666e116835d688d18b6dee81e30f5,989069da32a97bb1a7d24ae8b7f7944e8e8666e116835d688d18b6dee81e30f5,FM3_GATED_PRESCRIPTIVE,,1,0
60017e5db3c7405259ffa2c245d8beb9cc7a5c6026391621b3eb91991aaa12fb,STAGE_1B_FROZEN_POLICY_FM0_FM3,989069da32a97bb1a7d24ae8b7f7944e8e8666e116835d688d18b6dee81e30f5,989069da32a97bb1a7d24ae8b7f7944e8e8666e116835d688d18b6dee81e30f5,FM0_NO_MEMORY,,0,0
a23f3274d56b48fd2de365750f01ce149beb930e3d9501bec7a7379cd405cd9d,STAGE_1B_FROZEN_POLICY_FM0_FM3,ebdae33849b6a835b0a8b0782435e0278bc40a4bf36f074b064f158a957d10a5,ebdae33849b6a835b0a8b0782435e0278bc40a4bf36f074b064f158a957d10a5,FM3_GATED_PRESCRIPTIVE,,1,0
a9c6f5b30343781f3cf533af063e6fa5f22dd65b821cf40bfff24e7e4829416a,STAGE_1B_FROZEN_POLICY_FM0_FM3,ebdae33849b6a835b0a8b0782435e0278bc40a4bf36f074b064f158a957d10a5,ebdae33849b6a835b0a8b0782435e0278bc40a4bf36f074b064f158a957d10a5,FM0_NO_MEMORY,,0,0
c5086c098ebbbc324a2876be95f5f2f6448f6358f7a2e2d0a9919267bd4bd7a4,STAGE_1B_FROZEN_POLICY_FM0_FM3,7959e81913c199ff1e0b1745a71fd79daf156cf765d9bff075931aa2ef9b0da6,7959e81913c199ff1e0b1745a71fd79daf156cf765d9bff075931aa2ef9b0da6,FM1_MATCHED_RAW_EPISODIC,,1,0
f39af8adfa88bcac8140e943afa42be28a7bd9010f62c37cba2e7f2740aa01ac,STAGE_1B_FROZEN_POLICY_FM0_FM3,989069da32a97bb1a7d24ae8b7f7944e8e8666e116835d688d18b6dee81e30f5,989069da32a97bb1a7d24ae8b7f7944e8e8666e116835d688d18b6dee81e30f5,FM1_MATCHED_RAW_EPISODIC,,1,0
f43f012eb0488789af9e942a772482b071ebccc490c920f0b897629969df5454,STAGE_1B_FROZEN_POLICY_FM0_FM3,989069da32a97bb1a7d24ae8b7f7944e8e8666e116835d688d18b6dee81e30f5,989069da32a97bb1a7d24ae8b7f7944e8e8666e116835d688d18b6dee81e30f5,FM2_STRUCTURED_DESCRIPTIVE,,1,0
0173b89873110cee46d8c76854cd6602c7e2a8a3d7ed04386412eb533b6dff41,STAGE_2_MULTI_ROUND_EXTERNAL_MEMORY,01cf70589a40a8dbafd45dd4f5c96416e3df013269c779ce11b72396435a7c87,01cf70589a40a8dbafd45dd4f5c96416e3df013269c779ce11b72396435a7c87,ROUND_ACTIVE_MEMORY,3,0,0
030d40c400c0166ab0e219d79b19cf35f0de1d776118d361ebcdcadc4e7015c2,STAGE_2_MULTI_ROUND_EXTERNAL_MEMORY,0cd284c701813f0bbf1d84c2ed195da24ac7ee0a4560f0451aa44c3e6dbf7d11,0cd284c701813f0bbf1d84c2ed195da24ac7ee0a4560f0451aa44c3e6dbf7d11,ROUND_ACTIVE_MEMORY,3,0,0
038ba58c7fb148dc6198d1a2055143bc3e8367931f3cc2ba2769bdef740ed447,STAGE_2_MULTI_ROUND_EXTERNAL_MEMORY,016cbad8215ed37d5f3eba376220b8b6838f7a304c319b267b769116cabec01b,016cbad8215ed37d5f3eba376220b8b6838f7a304c319b267b769116cabec01b,ROUND_ACTIVE_MEMORY,0,0,0
05f180e6a1a31cbe9b5af1cffc9e0a8de9b60aa85a6a6f95dfeb31c8f195939d,STAGE_2_MULTI_ROUND_EXTERNAL_MEMORY,0471f3ff37585b852649168551e04fe7c3a5ce1be813a91ca203e8ce9bb2081d,0471f3ff37585b852649168551e04fe7c3a5ce1be813a91ca203e8ce9bb2081d,ROUND_ACTIVE_MEMORY,2,0,0
066d3b614ee7a68c35c7fa63419934f87b843fe72851602216de969cd2a53588,STAGE_2_MULTI_ROUND_EXTERNAL_MEMORY,02ebdfe0a808a6404d30ba8bf4042bcfc87a63f05e79b3b271391ab10403364f,02ebdfe0a808a6404d30ba8bf4042bcfc87a63f05e79b3b271391ab10403364f,ROUND_ACTIVE_MEMORY,0,0,0
07693bad8db869d72200a38165e11eb96249dcfaf5131fd27410d6a74384ade6,STAGE_2_MULTI_ROUND_EXTERNAL_MEMORY,02ad689faf52a0395557cc034df9d430eae0378e01ffb319f5df88925bc0c699,02ad689faf52a0395557cc034df9d430eae0378e01ffb319f5df88925bc0c699,ROUND_ACTIVE_MEMORY,0,0,0
092f79e9d197b67959b8f51c194908a2bc1e69208c967a0a05e4e92efbb22ec1,STAGE_2_MULTI_ROUND_EXTERNAL_MEMORY,0246e97fbfbf7885bd6e39220eef7cda89cd5e561d1ad6cce23c56fd4c176961,0246e97fbfbf7885bd6e39220eef7cda89cd5e561d1ad6cce23c56fd4c176961,ROUND_ACTIVE_MEMORY,3,0,0
0a36e1b3347411f0b7528491999162b101d16c52f23c914bdf659d444932dcb8,STAGE_2_MULTI_ROUND_EXTERNAL_MEMORY,02ad689faf52a0395557cc034df9d430eae0378e01ffb319f5df88925bc0c699,02ad689faf52a0395557cc034df9d430eae0378e01ffb319f5df88925bc0c699,ROUND_ACTIVE_MEMORY,1,0,0
0d3037be19fd6d55018664d3d00a0156e02f14415cd0e4da893ca340a8cf148d,STAGE_2_MULTI_ROUND_EXTERNAL_MEMORY,035ee9100af4029e9043a870878240afc5cc489578b3fa1a2bf6062c4508102d,035ee9100af4029e9043a870878240afc5cc489578b3fa1a2bf6062c4508102d,ROUND_ACTIVE_MEMORY,0,0,0
0defa6a2e648ed859938de57fe66be51a836c5b2d2000f80e5fe1e508e203a42,STAGE_2_MULTI_ROUND_EXTERNAL_MEMORY,04fae28c557ae4971d037724983e1754cacfbb81e60e1aed7844d11fada31a71,04fae28c557ae4971d037724983e1754cacfbb81e60e1aed7844d11fada31a71,ROUND_ACTIVE_MEMORY,3,0,0
0e14ece0038523797087434c2779ef2487d169d33841300382e788c56bbf0b7e,STAGE_2_MULTI_ROUND_EXTERNAL_MEMORY,01b561978e45940c185033d51f06f3f308e78be775d1d47071541fe4fbeb71f5,01b561978e45940c185033d51f06f3f308e78be775d1d47071541fe4fbeb71f5,ROUND_ACTIVE_MEMORY,1,0,0
0e19162f98b639134f4be4c6bbc91ac520309c989e67ee38011f01e53f14b8f2,STAGE_2_MULTI_ROUND_EXTERNAL_MEMORY,0090c82e27c3851ebed26a2b3d065f9d321a1e7ad8d18fc0cc554fab4cb86d0d,0090c82e27c3851ebed26a2b3d065f9d321a1e7ad8d18fc0cc554fab4cb86d0d,ROUND_ACTIVE_MEMORY,3,0,0
0f2e41c7a42d48aadf20f5f7639fc4c0dd7c1b71cebf421314d508d37fd64e3f,STAGE_2_MULTI_ROUND_EXTERNAL_MEMORY,0cd284c701813f0bbf1d84c2ed195da24ac7ee0a4560f0451aa44c3e6dbf7d11,0cd284c701813f0bbf1d84c2ed195da24ac7ee0a4560f0451aa44c3e6dbf7d11,ROUND_ACTIVE_MEMORY,1,0,0
0f79b97159042d401bb6f061e84b3aa9fd0498ef694d62221de85fff7d975d45,STAGE_2_MULTI_ROUND_EXTERNAL_MEMORY,0186b702f01fbcc9cc4809961ae7543a4887379e58fe086e741286c4d8d9ae97,0186b702f01fbcc9cc4809961ae7543a4887379e58fe086e741286c4d8d9ae97,ROUND_ACTIVE_MEMORY,0,0,0
1183acad2a4b05ede6ed78319d464a117c86404ad56fda73a54dca9f2af49138,STAGE_2_MULTI_ROUND_EXTERNAL_MEMORY,02a440a8ed336ca6a1daa7ab59a79a7da846e20c897f685d5cc2d99363f0b40a,02a440a8ed336ca6a1daa7ab59a79a7da846e20c897f685d5cc2d99363f0b40a,ROUND_ACTIVE_MEMORY,0,0,0
1254af5c55021a9e864ae373fb8de7e8605e5466addffcd09f4f943116ab253f,STAGE_2_MULTI_ROUND_EXTERNAL_MEMORY,07289f31686a505a0f9bce6062a388f6985dd44ada50364e858bcbdfaba17069,07289f31686a505a0f9bce6062a388f6985dd44ada50364e858bcbdfaba17069,ROUND_ACTIVE_MEMORY,0,0,0
148d5fbf41cc96082891d45a370f396a709a98524cc1bc550e4dc0b9b8a6e0cf,STAGE_2_MULTI_ROUND_EXTERNAL_MEMORY,066ebf8cc69230cabacb95381d6e2a5fa09e65b5669886d9e90d9ccc269de23b,066ebf8cc69230cabacb95381d6e2a5fa09e65b5669886d9e90d9ccc269de23b,ROUND_ACTIVE_MEMORY,0,0,0
14d9996cadda06e99d26b30c096310cfe49d682705797ac6845c0a4e0551e1e5,STAGE_2_MULTI_ROUND_EXTERNAL_MEMORY,00670fcccd4e83468ec65d57d412f7af1533bf224d4d944ea7dac134b50149c9,00670fcccd4e83468ec65d57d412f7af1533bf224d4d944ea7dac134b50149c9,ROUND_ACTIVE_MEMORY,0,0,0
16b5142a7b42563975b5c574589b46ac2dc243a5cf108b6e92bb4fc0f69987ca,STAGE_2_MULTI_ROUND_EXTERNAL_MEMORY,066e00b734c2fd1b56d707a27f635e323de9a1bcf7f33b470d44aa1094f11a43,066e00b734c2fd1b56d707a27f635e323de9a1bcf7f33b470d44aa1094f11a43,ROUND_ACTIVE_MEMORY,3,0,0
17d53fa71ec2e670df5aa612b57ef164627ac2a76ac6f022e3c720c1976b0113,STAGE_2_MULTI_ROUND_EXTERNAL_MEMORY,08d34925e9b8a7c3c979b685166e8cdfe4944099e1dcc5105559e2f44f4fe6aa,08d34925e9b8a7c3c979b685166e8cdfe4944099e1dcc5105559e2f44f4fe6aa,ROUND_ACTIVE_MEMORY,2,0,0
195133f730e1463054730f315b0abc631cd25380478f8597053cdef6d850a105,STAGE_2_MULTI_ROUND_EXTERNAL_MEMORY,0591a3962b3848eb22358974273d692354f3a516a907dda60a3d6787aac3acd8,0591a3962b3848eb22358974273d692354f3a516a907dda60a3d6787aac3acd8,ROUND_ACTIVE_MEMORY,2,0,0
1d0d82f1e01a4abd77c9c433a49ee2fac0a840aa844b2528e95c1e7e4f6d527b,STAGE_2_MULTI_ROUND_EXTERNAL_MEMORY,0715f27d904723a080f547422df6c28a181b56d4694d74a6384e29b0b1f9ce05,0715f27d904723a080f547422df6c28a181b56d4694d74a6384e29b0b1f9ce05,ROUND_ACTIVE_MEMORY,0,0,0
1d1d315f941596698cacea55978f2b9ef23c95ff72d1b695f320417ff3f05024,STAGE_2_MULTI_ROUND_EXTERNAL_MEMORY,0ec279964ff50b9c59add145328a248385cb2592ceee27a5ca4af42bbae0718c,0ec279964ff50b9c59add145328a248385cb2592ceee27a5ca4af42bbae0718c,ROUND_ACTIVE_MEMORY,1,0,0
1d75bd0945622c6386b08dd82b1aae557eff71852e8de9f4a3e5bf9b8a3599c2,STAGE_2_MULTI_ROUND_EXTERNAL_MEMORY,0246e97fbfbf7885bd6e39220eef7cda89cd5e561d1ad6cce23c56fd4c176961,0246e97fbfbf7885bd6e39220eef7cda89cd5e561d1ad6cce23c56fd4c176961,ROUND_ACTIVE_MEMORY,2,0,0
1e84ea73633106b3a54524ec97133503fbd03948339ece6fc5152cc10f58157b,STAGE_2_MULTI_ROUND_EXTERNAL_MEMORY,07289f31686a505a0f9bce6062a388f6985dd44ada50364e858bcbdfaba17069,07289f31686a505a0f9bce6062a388f6985dd44ada50364e858bcbdfaba17069,ROUND_ACTIVE_MEMORY,2,0,0
1f134b3d26c8cc8385ed4978681e301a3ec45236a109777848b4db43117eb480,STAGE_2_MULTI_ROUND_EXTERNAL_MEMORY,04e8c2fd8f8402a4950b9744ce6aef75961d53b67183a9cf54d1859a195b35b1,04e8c2fd8f8402a4950b9744ce6aef75961d53b67183a9cf54d1859a195b35b1,ROUND_ACTIVE_MEMORY,0,0,0
1f9ec3cdfb98f322475bea3639fdd34db4ccd3e5fe77385d2cb220d6268bf30d,STAGE_2_MULTI_ROUND_EXTERNAL_MEMORY,00f308b02ab096d0c19b7c0367e7926e7f6015c91be5c2bb0f179ca7932384f0,00f308b02ab096d0c19b7c0367e7926e7f6015c91be5c2bb0f179ca7932384f0,ROUND_ACTIVE_MEMORY,2,0,0
1fbe4bbda837a705d524210d5a5036296b72a7fc040a2ccf7a045c6116ac8720,STAGE_2_MULTI_ROUND_EXTERNAL_MEMORY,010761b1840f65deda17b75825b6f5019160ba6bc2afeec6309a8be40fccdcd6,010761b1840f65deda17b75825b6f5019160ba6bc2afeec6309a8be40fccdcd6,ROUND_ACTIVE_MEMORY,0,0,0
206b9aab2286540d506c2252f2a77431647e08ca4a447eefb5679480736d8aea,STAGE_2_MULTI_ROUND_EXTERNAL_MEMORY,04254f0842f5c9b854014560e146fd6d4e9d49cbd55c7e216c13b92203cd0838,04254f0842f5c9b854014560e146fd6d4e9d49cbd55c7e216c13b92203cd0838,ROUND_ACTIVE_MEMORY,0,0,0
217ad0a106602f715d7c4c0937e405a4aff27651eddbb8d392440090f3960cc8,STAGE_2_MULTI_ROUND_EXTERNAL_MEMORY,0387aeff9eeceffd061a865247d50f7a83b49d7b02bbf0df4b2c0f3b7cdf3c56,0387aeff9eeceffd061a865247d50f7a83b49d7b02bbf0df4b2c0f3b7cdf3c56,ROUND_ACTIVE_MEMORY,0,0,0
219e5a9b76f6f2f9d6acda1cf1be4eeb10ec24ed11a607d3a47cac3bec9e79e6,STAGE_2_MULTI_ROUND_EXTERNAL_MEMORY,0080da591f9db90cc389afd70e960590078f4b894e2f2992ac033aceaae67a1c,0080da591f9db90cc389afd70e960590078f4b894e2f2992ac033aceaae67a1c,ROUND_ACTIVE_MEMORY,0,0,0
21e0ffff40b305a810814eb073b41767c6ba381a52d458f5c65377982a716450,STAGE_2_MULTI_ROUND_EXTERNAL_MEMORY,0186b702f01fbcc9cc4809961ae7543a4887379e58fe086e741286c4d8d9ae97,0186b702f01fbcc9cc4809961ae7543a4887379e58fe086e741286c4d8d9ae97,ROUND_ACTIVE_MEMORY,2,0,0
24b8cb67f8f49f009ea8adace9d4f3f693ea2fe2d28f8df5d5b3c3e937947b99,STAGE_2_MULTI_ROUND_EXTERNAL_MEMORY,01aa2a6339128567cedfcfd946d61fd65d03d7176adb33c4d2d727be72624ea6,01aa2a6339128567cedfcfd946d61fd65d03d7176adb33c4d2d727be72624ea6,ROUND_ACTIVE_MEMORY,1,0,0
2520cc42fb3369fca06689ffef0ad8510715887f043ffcba688239b9521553c4,STAGE_2_MULTI_ROUND_EXTERNAL_MEMORY,04e4bf826d8ea6c2174bfd11044690a69aa6b922bbfbaad9bd00895cbd74457a,04e4bf826d8ea6c2174bfd11044690a69aa6b922bbfbaad9bd00895cbd74457a,ROUND_ACTIVE_MEMORY,0,0,0
26d2739d076494762e6fda8180979d01e534922819ddaea60f9bdb873302ea43,STAGE_2_MULTI_ROUND_EXTERNAL_MEMORY,01b561978e45940c185033d51f06f3f308e78be775d1d47071541fe4fbeb71f5,01b561978e45940c185033d51f06f3f308e78be775d1d47071541fe4fbeb71f5,ROUND_ACTIVE_MEMORY,3,0,0
2733781ea3fe0fa1af10e27fcda2180e7c3baf5c2a941dd6463ff6036b48410b,STAGE_2_MULTI_ROUND_EXTERNAL_MEMORY,0df2a655a5d668a2f21be3585a6eaf6f8ca0e10a983089829faa81a01992e9ba,0df2a655a5d668a2f21be3585a6eaf6f8ca0e10a983089829faa81a01992e9ba,ROUND_ACTIVE_MEMORY,3,0,0
277933f74f6be85623f6e4a44b9f3f41fd97c0bfb8bfa4945fd17475484ce102,STAGE_2_MULTI_ROUND_EXTERNAL_MEMORY,0df2a655a5d668a2f21be3585a6eaf6f8ca0e10a983089829faa81a01992e9ba,0df2a655a5d668a2f21be3585a6eaf6f8ca0e10a983089829faa81a01992e9ba,ROUND_ACTIVE_MEMORY,1,0,0
29c3e3c043a52264132deaf95a3ba5b37830df140e569267134634d4fd09bfb0,STAGE_2_MULTI_ROUND_EXTERNAL_MEMORY,08d34925e9b8a7c3c979b685166e8cdfe4944099e1dcc5105559e2f44f4fe6aa,08d34925e9b8a7c3c979b685166e8cdfe4944099e1dcc5105559e2f44f4fe6aa,ROUND_ACTIVE_MEMORY,1,0,0
2b65f748dfe998ba1dc5adbad3cebe72f9eb039bbf0cc0d5bb2b7eed68be83fa,STAGE_2_MULTI_ROUND_EXTERNAL_MEMORY,03e7062ffe433dcf3043b9abac9dd4a25a9239a1e90fc58a804aa77b17d3cfe7,03e7062ffe433dcf3043b9abac9dd4a25a9239a1e90fc58a804aa77b17d3cfe7,ROUND_ACTIVE_MEMORY,3,0,0
2bbb660099724db55bde411831d9f4ef8c1afa1f67408714378695df4355cab2,STAGE_2_MULTI_ROUND_EXTERNAL_MEMORY,0984a1e7d274e87e384e523e0c2c44b36e9641a5a0cb73f00736de7dc8eb6e78,0984a1e7d274e87e384e523e0c2c44b36e9641a5a0cb73f00736de7dc8eb6e78,ROUND_ACTIVE_MEMORY,3,0,0
2c769efd089501a391c80d055b663d70ed8b9b772598893168b4488c397ef649,STAGE_2_MULTI_ROUND_EXTERNAL_MEMORY,059bf3f78181cd59c9fb076f0175f422d4c1a2de6da3545584a96bd950919b7d,059bf3f78181cd59c9fb076f0175f422d4c1a2de6da3545584a96bd950919b7d,ROUND_ACTIVE_MEMORY,1,0,0
30c72f9cead01a352d6f9392e361b0027e670cbd5c80151f6d830c8b7a601f25,STAGE_2_MULTI_ROUND_EXTERNAL_MEMORY,016cbad8215ed37d5f3eba376220b8b6838f7a304c319b267b769116cabec01b,016cbad8215ed37d5f3eba376220b8b6838f7a304c319b267b769116cabec01b,ROUND_ACTIVE_MEMORY,3,0,0
31990ff64e567b114f5303c7d4cba1580a411d7678dc03db464b956974cfcc4f,STAGE_2_MULTI_ROUND_EXTERNAL_MEMORY,0ada1f5b00786835baf00e29917e8875c7a2da0a168261f0c351737da3137a2a,0ada1f5b00786835baf00e29917e8875c7a2da0a168261f0c351737da3137a2a,ROUND_ACTIVE_MEMORY,1,0,0
335b4ddad065d1e61948024d0c6a0e8e81499bc3b3e0e3568bb0140d82bd1133,STAGE_2_MULTI_ROUND_EXTERNAL_MEMORY,03e7062ffe433dcf3043b9abac9dd4a25a9239a1e90fc58a804aa77b17d3cfe7,03e7062ffe433dcf3043b9abac9dd4a25a9239a1e90fc58a804aa77b17d3cfe7,ROUND_ACTIVE_MEMORY,0,0,0
33d487a9562e46cb20fc77da98f9807870a5012894ba84aebb4d643acb6d09ef,STAGE_2_MULTI_ROUND_EXTERNAL_MEMORY,01cd3dcea029f02faa9f6dd59a516a1e0ee42ab74b1654e46162f805dddea198,01cd3dcea029f02faa9f6dd59a516a1e0ee42ab74b1654e46162f805dddea198,ROUND_ACTIVE_MEMORY,2,0,0
3660be8396b8357e9ff3fb7bd0ce82278d4d72e7246e062249818d4e47604a81,STAGE_2_MULTI_ROUND_EXTERNAL_MEMORY,09ec85a257f302f723362e80d6c6a24f64ac5985b4a9bf37756744db7b91ae89,09ec85a257f302f723362e80d6c6a24f64ac5985b4a9bf37756744db7b91ae89,ROUND_ACTIVE_MEMORY,0,0,0
368f69a28e652d0b16463fa4942ee45c8a4a75c419f8f020f89360ae10d95e54,STAGE_2_MULTI_ROUND_EXTERNAL_MEMORY,0565eddaa2e670aa67dfdaf4b4963cd2cfcdd5450040a126e002ae3c9a11e389,0565eddaa2e670aa67dfdaf4b4963cd2cfcdd5450040a126e002ae3c9a11e389,ROUND_ACTIVE_MEMORY,0,0,0
3a1ab074376ba9ccd4a83511a3c16d5f35285d65ce8d3d0a965a8175fc642fd4,STAGE_2_MULTI_ROUND_EXTERNAL_MEMORY,0382e46254f31b363099cdd2c70dc52111008a70aca24d0a98ec16a2d7e1ce99,0382e46254f31b363099cdd2c70dc52111008a70aca24d0a98ec16a2d7e1ce99,ROUND_ACTIVE_MEMORY,0,0,0
3a5add81b7fbe9cbc5cc8256c47c45f81a1f334a4045b5a10c3569bc56080a34,STAGE_2_MULTI_ROUND_EXTERNAL_MEMORY,0193e4592c45ff99167287ffca1d76756ac28e031bc254f30d04a1a62fff6bed,0193e4592c45ff99167287ffca1d76756ac28e031bc254f30d04a1a62fff6bed,ROUND_ACTIVE_MEMORY,2,0,0
3acfeb820381f7fa9379a768ac1310758cb439f17dea458e67bbf4865a146b23,STAGE_2_MULTI_ROUND_EXTERNAL_MEMORY,037806a922f1858cae2fe2e2b3ab7735bd9aab0097d5ab12913f45f44dab5d30,037806a922f1858cae2fe2e2b3ab7735bd9aab0097d5ab12913f45f44dab5d30,ROUND_ACTIVE_MEMORY,2,0,0
3ad39fbb1683f03cf426b23e7b8cc6c06368ad8208fa37e34bea714de6c9c828,STAGE_2_MULTI_ROUND_EXTERNAL_MEMORY,0cd284c701813f0bbf1d84c2ed195da24ac7ee0a4560f0451aa44c3e6dbf7d11,0cd284c701813f0bbf1d84c2ed195da24ac7ee0a4560f0451aa44c3e6dbf7d11,ROUND_ACTIVE_MEMORY,2,0,0
3cd5176a314f179253c608101772af8d218558a3201c987942be44eb647bcda0,STAGE_2_MULTI_ROUND_EXTERNAL_MEMORY,0193e4592c45ff99167287ffca1d76756ac28e031bc254f30d04a1a62fff6bed,0193e4592c45ff99167287ffca1d76756ac28e031bc254f30d04a1a62fff6bed,ROUND_ACTIVE_MEMORY,3,0,0
3e3256e5d07aa4ec43137df5672a7553068ce5e1cb3ac32d5a5ce41120238a68,STAGE_2_MULTI_ROUND_EXTERNAL_MEMORY,078a60bc6911eb89afb720e8dbecb91888847cd13ba77b103335c25284f7e89f,078a60bc6911eb89afb720e8dbecb91888847cd13ba77b103335c25284f7e89f,ROUND_ACTIVE_MEMORY,1,0,0
41a8a192012e7486f334f7ab4d39c5252fab6425fe945c87c592212530dfa920,STAGE_2_MULTI_ROUND_EXTERNAL_MEMORY,078a60bc6911eb89afb720e8dbecb91888847cd13ba77b103335c25284f7e89f,078a60bc6911eb89afb720e8dbecb91888847cd13ba77b103335c25284f7e89f,ROUND_ACTIVE_MEMORY,0,0,0
425b66fa6b05b551b535428fb7afbbc7d0d8d48bfa7d19789002bc71c4aba010,STAGE_2_MULTI_ROUND_EXTERNAL_MEMORY,059bf3f78181cd59c9fb076f0175f422d4c1a2de6da3545584a96bd950919b7d,059bf3f78181cd59c9fb076f0175f422d4c1a2de6da3545584a96bd950919b7d,ROUND_ACTIVE_MEMORY,2,0,0
4378a656f40c4dd878ed93a836423d88b9de83d8284f69d721ca1e64b3ec06ee,STAGE_2_MULTI_ROUND_EXTERNAL_MEMORY,07289f31686a505a0f9bce6062a388f6985dd44ada50364e858bcbdfaba17069,07289f31686a505a0f9bce6062a388f6985dd44ada50364e858bcbdfaba17069,ROUND_ACTIVE_MEMORY,1,0,0
43ef4e7ce0fd062eea15a20d3fac25fbef3e1eb88fd4121477133dd883adceb0,STAGE_2_MULTI_ROUND_EXTERNAL_MEMORY,0382e46254f31b363099cdd2c70dc52111008a70aca24d0a98ec16a2d7e1ce99,0382e46254f31b363099cdd2c70dc52111008a70aca24d0a98ec16a2d7e1ce99,ROUND_ACTIVE_MEMORY,2,0,0
4406d64ecb5adc648589801cff3220d131801f5dfbe91a89554d2495b7471705,STAGE_2_MULTI_ROUND_EXTERNAL_MEMORY,07b3f371c99bd932a6251a250df2d8bd9a58c85622a292a20d52ddacb39c43d4,07b3f371c99bd932a6251a250df2d8bd9a58c85622a292a20d52ddacb39c43d4,ROUND_ACTIVE_MEMORY,3,0,0
446c5a284f31bd68b87d11aa06196a24d8507e2b69d7e07ae39aca4e98c9df5b,STAGE_2_MULTI_ROUND_EXTERNAL_MEMORY,071fbc547250515fa7cf9abc3d4b1e55de7c5aa96f087ac99ed4aaf6523b27d6,071fbc547250515fa7cf9abc3d4b1e55de7c5aa96f087ac99ed4aaf6523b27d6,ROUND_ACTIVE_MEMORY,1,0,0
44ece44158157a11aaf8f0d9b9393ea754d3b0cc02cb9643311c10abbfe0e8a5,STAGE_2_MULTI_ROUND_EXTERNAL_MEMORY,066ebf8cc69230cabacb95381d6e2a5fa09e65b5669886d9e90d9ccc269de23b,066ebf8cc69230cabacb95381d6e2a5fa09e65b5669886d9e90d9ccc269de23b,ROUND_ACTIVE_MEMORY,1,0,0
457868cefbf9fc4e5b1d8c58d0c495e47a7409ad8202cccc1727bf315af1fe7c,STAGE_2_MULTI_ROUND_EXTERNAL_MEMORY,03b244aaabc3f6491124ea56343a15dc848f607c6011118b8b745a0442f72356,03b244aaabc3f6491124ea56343a15dc848f607c6011118b8b745a0442f72356,ROUND_ACTIVE_MEMORY,2,0,0
46cd098db76df4424d8f1beddd90c2efe1e6203794c774dbc5472edeb9cd1bb9,STAGE_2_MULTI_ROUND_EXTERNAL_MEMORY,035ee9100af4029e9043a870878240afc5cc489578b3fa1a2bf6062c4508102d,035ee9100af4029e9043a870878240afc5cc489578b3fa1a2bf6062c4508102d,ROUND_ACTIVE_MEMORY,3,0,0
478e4b0fe63aa8aabd42d90c3506fbf1c5f1852c31cf0980e3b5f8db3a96dbff,STAGE_2_MULTI_ROUND_EXTERNAL_MEMORY,071fbc547250515fa7cf9abc3d4b1e55de7c5aa96f087ac99ed4aaf6523b27d6,071fbc547250515fa7cf9abc3d4b1e55de7c5aa96f087ac99ed4aaf6523b27d6,ROUND_ACTIVE_MEMORY,0,0,0
4bc74a5f9ad34b13b7e19bf9b2c7c338f00c33565d9496b07ed1077487f636ca,STAGE_2_MULTI_ROUND_EXTERNAL_MEMORY,0984a1e7d274e87e384e523e0c2c44b36e9641a5a0cb73f00736de7dc8eb6e78,0984a1e7d274e87e384e523e0c2c44b36e9641a5a0cb73f00736de7dc8eb6e78,ROUND_ACTIVE_MEMORY,0,0,0
4cd5c80dc7c6343ee020afcd66320014c0937e5af2737842876b100abbaf6608,STAGE_2_MULTI_ROUND_EXTERNAL_MEMORY,0715f27d904723a080f547422df6c28a181b56d4694d74a6384e29b0b1f9ce05,0715f27d904723a080f547422df6c28a181b56d4694d74a6384e29b0b1f9ce05,ROUND_ACTIVE_MEMORY,3,0,0
4e4c8e73c8a2b18fb3d0430a1a41341e666fc4f714a43c98ed50365229ce5bdc,STAGE_2_MULTI_ROUND_EXTERNAL_MEMORY,04fae28c557ae4971d037724983e1754cacfbb81e60e1aed7844d11fada31a71,04fae28c557ae4971d037724983e1754cacfbb81e60e1aed7844d11fada31a71,ROUND_ACTIVE_MEMORY,1,0,0
4f3857c0ae78a8dd8bb15eecea16223116db9ec5390e4c18978bd0e39d9879b9,STAGE_2_MULTI_ROUND_EXTERNAL_MEMORY,019516cf6b03aa24bc094c5ae46b95ecbaedafba3d628055fcd6cd08628a85fa,019516cf6b03aa24bc094c5ae46b95ecbaedafba3d628055fcd6cd08628a85fa,ROUND_ACTIVE_MEMORY,1,0,0
50e2424d358877b5837bcacda9e47e9494b64fd18c648153e5f51d55ed260793,STAGE_2_MULTI_ROUND_EXTERNAL_MEMORY,0591a3962b3848eb22358974273d692354f3a516a907dda60a3d6787aac3acd8,0591a3962b3848eb22358974273d692354f3a516a907dda60a3d6787aac3acd8,ROUND_ACTIVE_MEMORY,3,0,0
520bc6b2d30bda5cee6d7fc760bf57a75c7ef6cbe6b5851fe6080e7e8ba62fd4,STAGE_2_MULTI_ROUND_EXTERNAL_MEMORY,019516cf6b03aa24bc094c5ae46b95ecbaedafba3d628055fcd6cd08628a85fa,019516cf6b03aa24bc094c5ae46b95ecbaedafba3d628055fcd6cd08628a85fa,ROUND_ACTIVE_MEMORY,0,0,0
53835138c931958e6ad5f3afe3674f919e04295d64352dd0ebf7f002b68e315e,STAGE_2_MULTI_ROUND_EXTERNAL_MEMORY,0090c82e27c3851ebed26a2b3d065f9d321a1e7ad8d18fc0cc554fab4cb86d0d,0090c82e27c3851ebed26a2b3d065f9d321a1e7ad8d18fc0cc554fab4cb86d0d,ROUND_ACTIVE_MEMORY,0,0,0
539de2c40305881bd37db0acbcfa30d50f5def5c0039ad9c1951762bc4550b3d,STAGE_2_MULTI_ROUND_EXTERNAL_MEMORY,08d634a656ea7967ba9ca68699069b443c1aa97d154965972f64d3a3c464bef1,08d634a656ea7967ba9ca68699069b443c1aa97d154965972f64d3a3c464bef1,ROUND_ACTIVE_MEMORY,0,0,0
548134ed6886203111dc6458876ebb49449772870fbb387f6940b4c003a3154b,STAGE_2_MULTI_ROUND_EXTERNAL_MEMORY,0565eddaa2e670aa67dfdaf4b4963cd2cfcdd5450040a126e002ae3c9a11e389,0565eddaa2e670aa67dfdaf4b4963cd2cfcdd5450040a126e002ae3c9a11e389,ROUND_ACTIVE_MEMORY,2,0,0
54948ced174f2ed0abf2c66f7a3f4b5af261fc0311c02f0ceb2ae1681f1e85a1,STAGE_2_MULTI_ROUND_EXTERNAL_MEMORY,0246e97fbfbf7885bd6e39220eef7cda89cd5e561d1ad6cce23c56fd4c176961,0246e97fbfbf7885bd6e39220eef7cda89cd5e561d1ad6cce23c56fd4c176961,ROUND_ACTIVE_MEMORY,1,0,0
58e2ceb38a1902cf8808b20b21d84021b2b7492f8c37e208ddae399fb700ea4c,STAGE_2_MULTI_ROUND_EXTERNAL_MEMORY,010761b1840f65deda17b75825b6f5019160ba6bc2afeec6309a8be40fccdcd6,010761b1840f65deda17b75825b6f5019160ba6bc2afeec6309a8be40fccdcd6,ROUND_ACTIVE_MEMORY,1,0,0
5a0322b43eb596e6806dcdd8fbeff7dd6bfa6009bde5d2a49d981a3735857c6f,STAGE_2_MULTI_ROUND_EXTERNAL_MEMORY,02149ec9b0048e70d1fc37284e5535f81db604955c3e6f9874c3b9d2a3831b99,02149ec9b0048e70d1fc37284e5535f81db604955c3e6f9874c3b9d2a3831b99,ROUND_ACTIVE_MEMORY,2,0,0
5aad9faac378de6188048627bf10135dd37fb400462b5a0197f8e5edd19163a9,STAGE_2_MULTI_ROUND_EXTERNAL_MEMORY,09ec85a257f302f723362e80d6c6a24f64ac5985b4a9bf37756744db7b91ae89,09ec85a257f302f723362e80d6c6a24f64ac5985b4a9bf37756744db7b91ae89,ROUND_ACTIVE_MEMORY,3,0,0
5c0014d336cb009e5fd5ae676c4d043f2e96e41a507d9123494e32ced4bc66dc,STAGE_2_MULTI_ROUND_EXTERNAL_MEMORY,060b91b2292f078e3c71cc18ecc0d2f3ace91312ef3e5f841b10dfbccecfd92b,060b91b2292f078e3c71cc18ecc0d2f3ace91312ef3e5f841b10dfbccecfd92b,ROUND_ACTIVE_MEMORY,3,0,0
5c4aa0ca688abd456bde2a032e870f0b0d31a3adee12d54e8eeaf6ae4e96aef9,STAGE_2_MULTI_ROUND_EXTERNAL_MEMORY,10789c285739c7997cb2f13426625a20359049947927ebd928cf9ce0f4cf3354,10789c285739c7997cb2f13426625a20359049947927ebd928cf9ce0f4cf3354,ROUND_ACTIVE_MEMORY,1,0,0
5f487487e478ac8734c3e4ff0f2f6630730059cad722de933c2976b884a83bc8,STAGE_2_MULTI_ROUND_EXTERNAL_MEMORY,07a9f6cad4032ea560697b0ec745a5e07da5f5cca9403c2281bd6b46912baf95,07a9f6cad4032ea560697b0ec745a5e07da5f5cca9403c2281bd6b46912baf95,ROUND_ACTIVE_MEMORY,3,0,0
602ae60539051e95040727a2516c37af8c3a9326b4fd88801dd1510e91f24faa,STAGE_2_MULTI_ROUND_EXTERNAL_MEMORY,02a440a8ed336ca6a1daa7ab59a79a7da846e20c897f685d5cc2d99363f0b40a,02a440a8ed336ca6a1daa7ab59a79a7da846e20c897f685d5cc2d99363f0b40a,ROUND_ACTIVE_MEMORY,3,0,0
6478e1dc92a1d8cae43b78b1fb0db23eff1cd3348c99beed72eb8248433f4b75,STAGE_2_MULTI_ROUND_EXTERNAL_MEMORY,0ec279964ff50b9c59add145328a248385cb2592ceee27a5ca4af42bbae0718c,0ec279964ff50b9c59add145328a248385cb2592ceee27a5ca4af42bbae0718c,ROUND_ACTIVE_MEMORY,3,0,0
651da1ea22c8c48aa12753fd31495e184a1d68b5d80e5f41de769b8694c7b243,STAGE_2_MULTI_ROUND_EXTERNAL_MEMORY,01cd3dcea029f02faa9f6dd59a516a1e0ee42ab74b1654e46162f805dddea198,01cd3dcea029f02faa9f6dd59a516a1e0ee42ab74b1654e46162f805dddea198,ROUND_ACTIVE_MEMORY,1,0,0
68af492ce2c3cd90cbaf9a00fcca528e3a491cfe89e8b1887cbc4499d5db8658,STAGE_2_MULTI_ROUND_EXTERNAL_MEMORY,0080da591f9db90cc389afd70e960590078f4b894e2f2992ac033aceaae67a1c,0080da591f9db90cc389afd70e960590078f4b894e2f2992ac033aceaae67a1c,ROUND_ACTIVE_MEMORY,2,0,0
6a201f0e3c00980106a7bae6a7a918181d6069b6722bbe89507b381062cbbbf6,STAGE_2_MULTI_ROUND_EXTERNAL_MEMORY,0193e4592c45ff99167287ffca1d76756ac28e031bc254f30d04a1a62fff6bed,0193e4592c45ff99167287ffca1d76756ac28e031bc254f30d04a1a62fff6bed,ROUND_ACTIVE_MEMORY,1,0,0
6ac836636f359f8be49d7b584f3f70f81527bc72856240d8c9b42d6de456c810,STAGE_2_MULTI_ROUND_EXTERNAL_MEMORY,05180671816e13feb0c42a9150825476910a10396811488ace35bdc1cea31426,05180671816e13feb0c42a9150825476910a10396811488ace35bdc1cea31426,ROUND_ACTIVE_MEMORY,3,0,0
6b5f1e96dcfd550c967f22b35a492900166d9c2e827de8cdaf1de7135fc4e2d5,STAGE_2_MULTI_ROUND_EXTERNAL_MEMORY,07b3f371c99bd932a6251a250df2d8bd9a58c85622a292a20d52ddacb39c43d4,07b3f371c99bd932a6251a250df2d8bd9a58c85622a292a20d52ddacb39c43d4,ROUND_ACTIVE_MEMORY,1,0,0
6d06f7a222a18b3b11b0b2df8d767f45c9b2e7e15bbadc85b8d35b614de9bcfd,STAGE_2_MULTI_ROUND_EXTERNAL_MEMORY,037806a922f1858cae2fe2e2b3ab7735bd9aab0097d5ab12913f45f44dab5d30,037806a922f1858cae2fe2e2b3ab7735bd9aab0097d5ab12913f45f44dab5d30,ROUND_ACTIVE_MEMORY,0,0,0
6e0cbedb52d7c76fb11d456eab618affaab3ac76052336d58d5df1d16a822cdf,STAGE_2_MULTI_ROUND_EXTERNAL_MEMORY,01408615b0ebc39d73b1f06811deea1d0b4045ebd2fe9596ba4ce71f992ff9ac,01408615b0ebc39d73b1f06811deea1d0b4045ebd2fe9596ba4ce71f992ff9ac,ROUND_ACTIVE_MEMORY,1,0,0
707779f8727c08d79365ef8aafce5510d58b656f899d34743e8f00853240efb0,STAGE_2_MULTI_ROUND_EXTERNAL_MEMORY,0471f3ff37585b852649168551e04fe7c3a5ce1be813a91ca203e8ce9bb2081d,0471f3ff37585b852649168551e04fe7c3a5ce1be813a91ca203e8ce9bb2081d,ROUND_ACTIVE_MEMORY,0,0,0
71f1a9e494344fac0f93d657680efc5d126c483f6605d1a58828dc419f7b64fc,STAGE_2_MULTI_ROUND_EXTERNAL_MEMORY,0471f3ff37585b852649168551e04fe7c3a5ce1be813a91ca203e8ce9bb2081d,0471f3ff37585b852649168551e04fe7c3a5ce1be813a91ca203e8ce9bb2081d,ROUND_ACTIVE_MEMORY,3,0,0
732cd156a32ba3f3a5ebb34f1b109d9e3565ab3e5bc89ec2d60a069e767432cb,STAGE_2_MULTI_ROUND_EXTERNAL_MEMORY,01b561978e45940c185033d51f06f3f308e78be775d1d47071541fe4fbeb71f5,01b561978e45940c185033d51f06f3f308e78be775d1d47071541fe4fbeb71f5,ROUND_ACTIVE_MEMORY,2,0,0
736c96f0d3cbb09724c4460a15f173b1d64b166e7a9772c753f640726d9d909a,STAGE_2_MULTI_ROUND_EXTERNAL_MEMORY,04254f0842f5c9b854014560e146fd6d4e9d49cbd55c7e216c13b92203cd0838,04254f0842f5c9b854014560e146fd6d4e9d49cbd55c7e216c13b92203cd0838,ROUND_ACTIVE_MEMORY,2,0,0
73b5bc95f2af6b9cd2642410cdc1b140dcf11ef4c435f7944bf9fde3343bb8c1,STAGE_2_MULTI_ROUND_EXTERNAL_MEMORY,0382e46254f31b363099cdd2c70dc52111008a70aca24d0a98ec16a2d7e1ce99,0382e46254f31b363099cdd2c70dc52111008a70aca24d0a98ec16a2d7e1ce99,ROUND_ACTIVE_MEMORY,1,0,0
763314c59c3ffb9b6316b2473b10b85cba4e94ce9ca2f01492caa824b5445611,STAGE_2_MULTI_ROUND_EXTERNAL_MEMORY,0565eddaa2e670aa67dfdaf4b4963cd2cfcdd5450040a126e002ae3c9a11e389,0565eddaa2e670aa67dfdaf4b4963cd2cfcdd5450040a126e002ae3c9a11e389,ROUND_ACTIVE_MEMORY,3,0,0
77df7d245f01546482380c342fbd6e77530ae6e586fb350c5d8630a8a851f5e9,STAGE_2_MULTI_ROUND_EXTERNAL_MEMORY,02a440a8ed336ca6a1daa7ab59a79a7da846e20c897f685d5cc2d99363f0b40a,02a440a8ed336ca6a1daa7ab59a79a7da846e20c897f685d5cc2d99363f0b40a,ROUND_ACTIVE_MEMORY,2,0,0
77f7ab5ee38e4d88bfc53df5713e7107d3eaaaa4d291a011ccf889f0ef1e6ac3,STAGE_2_MULTI_ROUND_EXTERNAL_MEMORY,04254f0842f5c9b854014560e146fd6d4e9d49cbd55c7e216c13b92203cd0838,04254f0842f5c9b854014560e146fd6d4e9d49cbd55c7e216c13b92203cd0838,ROUND_ACTIVE_MEMORY,1,0,0
7b3b9d88e564cd5e9cc7c1c806d03779ced5d6f4f10aeb376fd45dcec53ca5a2,STAGE_2_MULTI_ROUND_EXTERNAL_MEMORY,04e4bf826d8ea6c2174bfd11044690a69aa6b922bbfbaad9bd00895cbd74457a,04e4bf826d8ea6c2174bfd11044690a69aa6b922bbfbaad9bd00895cbd74457a,ROUND_ACTIVE_MEMORY,3,0,0
7b8183cb944ac07e82a2c3762f0e00e8aeddb25b9ecd32c5fba88b33f5a9a052,STAGE_2_MULTI_ROUND_EXTERNAL_MEMORY,037806a922f1858cae2fe2e2b3ab7735bd9aab0097d5ab12913f45f44dab5d30,037806a922f1858cae2fe2e2b3ab7735bd9aab0097d5ab12913f45f44dab5d30,ROUND_ACTIVE_MEMORY,3,0,0
7cd62c64bd221d33bfb98d56dd46783a6faf54c8e46bfa3e408ac86599c8867b,STAGE_2_MULTI_ROUND_EXTERNAL_MEMORY,08d634a656ea7967ba9ca68699069b443c1aa97d154965972f64d3a3c464bef1,08d634a656ea7967ba9ca68699069b443c1aa97d154965972f64d3a3c464bef1,ROUND_ACTIVE_MEMORY,1,0,0
7d6c3762281a660ea8d4806d0a1273d6ce3c106dfe727c1a1a183d60a8179941,STAGE_2_MULTI_ROUND_EXTERNAL_MEMORY,0382e46254f31b363099cdd2c70dc52111008a70aca24d0a98ec16a2d7e1ce99,0382e46254f31b363099cdd2c70dc52111008a70aca24d0a98ec16a2d7e1ce99,ROUND_ACTIVE_MEMORY,3,0,0
7d9a63e1f3593d4ccd33116ae6c45cb6a87c388da3b90b1d9e75d85e5f8082bf,STAGE_2_MULTI_ROUND_EXTERNAL_MEMORY,0591a3962b3848eb22358974273d692354f3a516a907dda60a3d6787aac3acd8,0591a3962b3848eb22358974273d692354f3a516a907dda60a3d6787aac3acd8,ROUND_ACTIVE_MEMORY,0,0,0
7f73bc8fd92937a2a3999cbff2bde963016bb0a852631ca6619cf5050ae2e4ac,STAGE_2_MULTI_ROUND_EXTERNAL_MEMORY,039ae9cd85c6e81a951f9e6d9b2953c2acd48385183665f51ecd61ec216f7b99,039ae9cd85c6e81a951f9e6d9b2953c2acd48385183665f51ecd61ec216f7b99,ROUND_ACTIVE_MEMORY,2,0,0
7fb88b0baaac42be7aef4580bb13ff03b69632c268051ee6f5a7642c33f8c873,STAGE_2_MULTI_ROUND_EXTERNAL_MEMORY,019516cf6b03aa24bc094c5ae46b95ecbaedafba3d628055fcd6cd08628a85fa,019516cf6b03aa24bc094c5ae46b95ecbaedafba3d628055fcd6cd08628a85fa,ROUND_ACTIVE_MEMORY,3,0,0
7fef360094a9d865ead26458fd8c6c49b229c5ab010c277aa50de8347eea8c01,STAGE_2_MULTI_ROUND_EXTERNAL_MEMORY,016cbad8215ed37d5f3eba376220b8b6838f7a304c319b267b769116cabec01b,016cbad8215ed37d5f3eba376220b8b6838f7a304c319b267b769116cabec01b,ROUND_ACTIVE_MEMORY,1,0,0
8028505e06f92935ad1fcd65ebec961fa926dd61e929e5b9e7a3d2643052dc55,STAGE_2_MULTI_ROUND_EXTERNAL_MEMORY,04fae28c557ae4971d037724983e1754cacfbb81e60e1aed7844d11fada31a71,04fae28c557ae4971d037724983e1754cacfbb81e60e1aed7844d11fada31a71,ROUND_ACTIVE_MEMORY,2,0,0
8052c725125d7f878bedf9d97d552edad2d1539d309574b30d9c147ac759811e,STAGE_2_MULTI_ROUND_EXTERNAL_MEMORY,0ada1f5b00786835baf00e29917e8875c7a2da0a168261f0c351737da3137a2a,0ada1f5b00786835baf00e29917e8875c7a2da0a168261f0c351737da3137a2a,ROUND_ACTIVE_MEMORY,0,0,0
809a2f64cfdade26de1ddf1ffd6c5ab01debfb0ea4a8eb2f23061885331f275f,STAGE_2_MULTI_ROUND_EXTERNAL_MEMORY,0ec279964ff50b9c59add145328a248385cb2592ceee27a5ca4af42bbae0718c,0ec279964ff50b9c59add145328a248385cb2592ceee27a5ca4af42bbae0718c,ROUND_ACTIVE_MEMORY,0,0,0
8190fdee7e5296f204d65614232b10a96b12b543ee3c29264469b755b6529444,STAGE_2_MULTI_ROUND_EXTERNAL_MEMORY,010761b1840f65deda17b75825b6f5019160ba6bc2afeec6309a8be40fccdcd6,010761b1840f65deda17b75825b6f5019160ba6bc2afeec6309a8be40fccdcd6,ROUND_ACTIVE_MEMORY,2,0,0
81d2fbbf7743a03f9eca3b74c90817c8525e2cc24add19c6b7af5c9f0292ad2f,STAGE_2_MULTI_ROUND_EXTERNAL_MEMORY,0186b702f01fbcc9cc4809961ae7543a4887379e58fe086e741286c4d8d9ae97,0186b702f01fbcc9cc4809961ae7543a4887379e58fe086e741286c4d8d9ae97,ROUND_ACTIVE_MEMORY,3,0,0
821051bada64c53f9e713839dea057f0f6ce41db72cd3cc06696b8805eee222b,STAGE_2_MULTI_ROUND_EXTERNAL_MEMORY,02fa0f73ed50982f889f842bdb73391e5753f09331f8ce68fa1af0596fefc749,02fa0f73ed50982f889f842bdb73391e5753f09331f8ce68fa1af0596fefc749,ROUND_ACTIVE_MEMORY,1,0,0
83b6fd0457fcda029869999659c0cfd0ec3ff4e982b5fa85e717795991ab6ad9,STAGE_2_MULTI_ROUND_EXTERNAL_MEMORY,07b3f371c99bd932a6251a250df2d8bd9a58c85622a292a20d52ddacb39c43d4,07b3f371c99bd932a6251a250df2d8bd9a58c85622a292a20d52ddacb39c43d4,ROUND_ACTIVE_MEMORY,2,0,0
873677bea9354659f53b795f1b266869a02f39101f49d5f6ceecd21656fe5f1f,STAGE_2_MULTI_ROUND_EXTERNAL_MEMORY,066e00b734c2fd1b56d707a27f635e323de9a1bcf7f33b470d44aa1094f11a43,066e00b734c2fd1b56d707a27f635e323de9a1bcf7f33b470d44aa1094f11a43,ROUND_ACTIVE_MEMORY,1,0,0
884b5a808d8a5f6ba0e0181fa50daa6844083670d58cf8fd2970c2a8361ca456,STAGE_2_MULTI_ROUND_EXTERNAL_MEMORY,037505c2f54ad514f34b58b2e5c84ef611a19944b56db44289e1c8b63ea3c30a,037505c2f54ad514f34b58b2e5c84ef611a19944b56db44289e1c8b63ea3c30a,ROUND_ACTIVE_MEMORY,2,0,0
8bde10eb7765e4c9501462f20d589f0f8c9c5e6ef30bb40c33e23841cee41230,STAGE_2_MULTI_ROUND_EXTERNAL_MEMORY,01cd3dcea029f02faa9f6dd59a516a1e0ee42ab74b1654e46162f805dddea198,01cd3dcea029f02faa9f6dd59a516a1e0ee42ab74b1654e46162f805dddea198,ROUND_ACTIVE_MEMORY,3,0,0
8c2bcede61a3fa954f5952d4945bbadabd2d490af9a38b6c25f3e8967b47ff52,STAGE_2_MULTI_ROUND_EXTERNAL_MEMORY,0ec279964ff50b9c59add145328a248385cb2592ceee27a5ca4af42bbae0718c,0ec279964ff50b9c59add145328a248385cb2592ceee27a5ca4af42bbae0718c,ROUND_ACTIVE_MEMORY,2,0,0
8d51a4967bbf7334d8e26b68946c7929983cf3c4630576041cf382a8957e62fd,STAGE_2_MULTI_ROUND_EXTERNAL_MEMORY,037505c2f54ad514f34b58b2e5c84ef611a19944b56db44289e1c8b63ea3c30a,037505c2f54ad514f34b58b2e5c84ef611a19944b56db44289e1c8b63ea3c30a,ROUND_ACTIVE_MEMORY,1,0,0
8d5ad0b2ab6e575b850886195d9baca455c9ef2ce7acda670b3fa5fba037ac32,STAGE_2_MULTI_ROUND_EXTERNAL_MEMORY,0090c82e27c3851ebed26a2b3d065f9d321a1e7ad8d18fc0cc554fab4cb86d0d,0090c82e27c3851ebed26a2b3d065f9d321a1e7ad8d18fc0cc554fab4cb86d0d,ROUND_ACTIVE_MEMORY,2,0,0
8e0894bff839c4d2af14e9de92e5757485ebfb6d5a89579c5e29ae2d9622b58c,STAGE_2_MULTI_ROUND_EXTERNAL_MEMORY,060b91b2292f078e3c71cc18ecc0d2f3ace91312ef3e5f841b10dfbccecfd92b,060b91b2292f078e3c71cc18ecc0d2f3ace91312ef3e5f841b10dfbccecfd92b,ROUND_ACTIVE_MEMORY,1,0,0
8f008c387082d8722aab9cb15118c3b1046b20998b0f072bea4638878a7f2dc8,STAGE_2_MULTI_ROUND_EXTERNAL_MEMORY,039ae9cd85c6e81a951f9e6d9b2953c2acd48385183665f51ecd61ec216f7b99,039ae9cd85c6e81a951f9e6d9b2953c2acd48385183665f51ecd61ec216f7b99,ROUND_ACTIVE_MEMORY,3,0,0
8f04316b10e40708a8d1b6420bf056c3109144ed7db9ebe3bb5ff5d86f995e39,STAGE_2_MULTI_ROUND_EXTERNAL_MEMORY,10789c285739c7997cb2f13426625a20359049947927ebd928cf9ce0f4cf3354,10789c285739c7997cb2f13426625a20359049947927ebd928cf9ce0f4cf3354,ROUND_ACTIVE_MEMORY,3,0,0
8fc6a8bc220b88c465e03e849a1c1f8dbc198743986dc8e5739bacee4262c1c0,STAGE_2_MULTI_ROUND_EXTERNAL_MEMORY,00670fcccd4e83468ec65d57d412f7af1533bf224d4d944ea7dac134b50149c9,00670fcccd4e83468ec65d57d412f7af1533bf224d4d944ea7dac134b50149c9,ROUND_ACTIVE_MEMORY,2,0,0
8fd078974c637781e79f18008e8b4280639fdb2468cc6764d393943e1b2b778e,STAGE_2_MULTI_ROUND_EXTERNAL_MEMORY,066e00b734c2fd1b56d707a27f635e323de9a1bcf7f33b470d44aa1094f11a43,066e00b734c2fd1b56d707a27f635e323de9a1bcf7f33b470d44aa1094f11a43,ROUND_ACTIVE_MEMORY,2,0,0
9138474c60814d0d1f0020c30e7eebadab94d2c833a03b25a1dfd91050851303,STAGE_2_MULTI_ROUND_EXTERNAL_MEMORY,07a9f6cad4032ea560697b0ec745a5e07da5f5cca9403c2281bd6b46912baf95,07a9f6cad4032ea560697b0ec745a5e07da5f5cca9403c2281bd6b46912baf95,ROUND_ACTIVE_MEMORY,1,0,0
93b818e8c15f442f6e6ecf3e9b413f9cdf5192166ddbd70a2c7778c1bf1a0b75,STAGE_2_MULTI_ROUND_EXTERNAL_MEMORY,0379b23190415f5149f9e714806da9690f94b46a36d900eaef8ab0b6d7025e3c,0379b23190415f5149f9e714806da9690f94b46a36d900eaef8ab0b6d7025e3c,ROUND_ACTIVE_MEMORY,2,0,0
95f0adab66ec9ef28ae6e7c83bbdec408836407fcfa5ca098921fb7d44254dca,STAGE_2_MULTI_ROUND_EXTERNAL_MEMORY,02fa0f73ed50982f889f842bdb73391e5753f09331f8ce68fa1af0596fefc749,02fa0f73ed50982f889f842bdb73391e5753f09331f8ce68fa1af0596fefc749,ROUND_ACTIVE_MEMORY,0,0,0
96acc3892e449d60e140accf5a1e86edc58e92947ca510b91298ed97585227b5,STAGE_2_MULTI_ROUND_EXTERNAL_MEMORY,05180671816e13feb0c42a9150825476910a10396811488ace35bdc1cea31426,05180671816e13feb0c42a9150825476910a10396811488ace35bdc1cea31426,ROUND_ACTIVE_MEMORY,2,0,0
972a7054dcd80bcdb3dfcf73119226bc4a97ade613f2ab981be30dd0965b9684,STAGE_2_MULTI_ROUND_EXTERNAL_MEMORY,08d634a656ea7967ba9ca68699069b443c1aa97d154965972f64d3a3c464bef1,08d634a656ea7967ba9ca68699069b443c1aa97d154965972f64d3a3c464bef1,ROUND_ACTIVE_MEMORY,2,0,0
97cea922adc7037cf5efc891d283f961b9121ce6bc8e1585409e3609f75e1349,STAGE_2_MULTI_ROUND_EXTERNAL_MEMORY,0ada1f5b00786835baf00e29917e8875c7a2da0a168261f0c351737da3137a2a,0ada1f5b00786835baf00e29917e8875c7a2da0a168261f0c351737da3137a2a,ROUND_ACTIVE_MEMORY,3,0,0
99b2259d354f2632e474deb3bf06c63dd21520323945f1445517f4307995b540,STAGE_2_MULTI_ROUND_EXTERNAL_MEMORY,02ebdfe0a808a6404d30ba8bf4042bcfc87a63f05e79b3b271391ab10403364f,02ebdfe0a808a6404d30ba8bf4042bcfc87a63f05e79b3b271391ab10403364f,ROUND_ACTIVE_MEMORY,2,0,0
9baa613b7ff6ee5b7de681082924d56a40fef30c4508b5bb910b099d23590902,STAGE_2_MULTI_ROUND_EXTERNAL_MEMORY,03b244aaabc3f6491124ea56343a15dc848f607c6011118b8b745a0442f72356,03b244aaabc3f6491124ea56343a15dc848f607c6011118b8b745a0442f72356,ROUND_ACTIVE_MEMORY,0,0,0
9bd60bb5f22e8e8fbb1c8d5c3a8a7dc513eae47d38eebdbcf53b6d731816652a,STAGE_2_MULTI_ROUND_EXTERNAL_MEMORY,066ebf8cc69230cabacb95381d6e2a5fa09e65b5669886d9e90d9ccc269de23b,066ebf8cc69230cabacb95381d6e2a5fa09e65b5669886d9e90d9ccc269de23b,ROUND_ACTIVE_MEMORY,3,0,0
9dc5cc8fb62e33a6c11eb3bc2534832b90c22d2c6f59f0a14c8a45da0823a500,STAGE_2_MULTI_ROUND_EXTERNAL_MEMORY,09ec85a257f302f723362e80d6c6a24f64ac5985b4a9bf37756744db7b91ae89,09ec85a257f302f723362e80d6c6a24f64ac5985b4a9bf37756744db7b91ae89,ROUND_ACTIVE_MEMORY,1,0,0
9ecd65a9189bb62e954477cde5fcd107a128b2a01a023ae4e55108253f752138,STAGE_2_MULTI_ROUND_EXTERNAL_MEMORY,0565eddaa2e670aa67dfdaf4b4963cd2cfcdd5450040a126e002ae3c9a11e389,0565eddaa2e670aa67dfdaf4b4963cd2cfcdd5450040a126e002ae3c9a11e389,ROUND_ACTIVE_MEMORY,1,0,0
a07fa169829ec6286ca7880663c1da07245e06c605c902ba677f6d8beea0c81b,STAGE_2_MULTI_ROUND_EXTERNAL_MEMORY,05180671816e13feb0c42a9150825476910a10396811488ace35bdc1cea31426,05180671816e13feb0c42a9150825476910a10396811488ace35bdc1cea31426,ROUND_ACTIVE_MEMORY,1,0,0
a080b1a34e1607fa4a47f50b808d73492602ac72bf2314dab8b6d8915fc34074,STAGE_2_MULTI_ROUND_EXTERNAL_MEMORY,07b3f371c99bd932a6251a250df2d8bd9a58c85622a292a20d52ddacb39c43d4,07b3f371c99bd932a6251a250df2d8bd9a58c85622a292a20d52ddacb39c43d4,ROUND_ACTIVE_MEMORY,0,0,0
a1c511c1b60bf27d5e31ac43cad18712865ab6c71dc8fa708c3be3073a3fff0e,STAGE_2_MULTI_ROUND_EXTERNAL_MEMORY,04e8c2fd8f8402a4950b9744ce6aef75961d53b67183a9cf54d1859a195b35b1,04e8c2fd8f8402a4950b9744ce6aef75961d53b67183a9cf54d1859a195b35b1,ROUND_ACTIVE_MEMORY,1,0,0
a33622692e02368b26fb5ac2b8772df44e74bd5ce8ba756dd71531516589690d,STAGE_2_MULTI_ROUND_EXTERNAL_MEMORY,07a9f6cad4032ea560697b0ec745a5e07da5f5cca9403c2281bd6b46912baf95,07a9f6cad4032ea560697b0ec745a5e07da5f5cca9403c2281bd6b46912baf95,ROUND_ACTIVE_MEMORY,0,0,0
a426261810b318e49bfda9a4693951ecc446ecad5c41c3c035bf861939b3ba94,STAGE_2_MULTI_ROUND_EXTERNAL_MEMORY,060b91b2292f078e3c71cc18ecc0d2f3ace91312ef3e5f841b10dfbccecfd92b,060b91b2292f078e3c71cc18ecc0d2f3ace91312ef3e5f841b10dfbccecfd92b,ROUND_ACTIVE_MEMORY,2,0,0
a48429cce5076db161b96d4ab4188dce1239a8eccdc3e468f4cdfe8dbda8a6c7,STAGE_2_MULTI_ROUND_EXTERNAL_MEMORY,0ada1f5b00786835baf00e29917e8875c7a2da0a168261f0c351737da3137a2a,0ada1f5b00786835baf00e29917e8875c7a2da0a168261f0c351737da3137a2a,ROUND_ACTIVE_MEMORY,2,0,0
a58e6465d75f30ad67b12e84a15168703ddd1d39e3701b260792b896aa5a2ff8,STAGE_2_MULTI_ROUND_EXTERNAL_MEMORY,02149ec9b0048e70d1fc37284e5535f81db604955c3e6f9874c3b9d2a3831b99,02149ec9b0048e70d1fc37284e5535f81db604955c3e6f9874c3b9d2a3831b99,ROUND_ACTIVE_MEMORY,0,0,0
a5db4fb523bfe9fcfb806a84105be62b9ac03b266411cb26aa0beb26eae51b7c,STAGE_2_MULTI_ROUND_EXTERNAL_MEMORY,00f308b02ab096d0c19b7c0367e7926e7f6015c91be5c2bb0f179ca7932384f0,00f308b02ab096d0c19b7c0367e7926e7f6015c91be5c2bb0f179ca7932384f0,ROUND_ACTIVE_MEMORY,1,0,0
a667e806607e99e0597f6dbdf58c48c5726d41d429c764687eab900dd297fee7,STAGE_2_MULTI_ROUND_EXTERNAL_MEMORY,0df2a655a5d668a2f21be3585a6eaf6f8ca0e10a983089829faa81a01992e9ba,0df2a655a5d668a2f21be3585a6eaf6f8ca0e10a983089829faa81a01992e9ba,ROUND_ACTIVE_MEMORY,0,0,0
a71735d744789d984fdcb407e3e32fc2854a6956a51a08ea427bde85ac27745a,STAGE_2_MULTI_ROUND_EXTERNAL_MEMORY,071fbc547250515fa7cf9abc3d4b1e55de7c5aa96f087ac99ed4aaf6523b27d6,071fbc547250515fa7cf9abc3d4b1e55de7c5aa96f087ac99ed4aaf6523b27d6,ROUND_ACTIVE_MEMORY,3,0,0
a9669cfc3f4026405aff59c2cb706d502c02519dc637828da7c25119b1b5bfb8,STAGE_2_MULTI_ROUND_EXTERNAL_MEMORY,09ec85a257f302f723362e80d6c6a24f64ac5985b4a9bf37756744db7b91ae89,09ec85a257f302f723362e80d6c6a24f64ac5985b4a9bf37756744db7b91ae89,ROUND_ACTIVE_MEMORY,2,0,0
aad3d3b121a70c42bb859de67b4abf86c08aa0fd8ea873da4455e5db14f0af29,STAGE_2_MULTI_ROUND_EXTERNAL_MEMORY,0379b23190415f5149f9e714806da9690f94b46a36d900eaef8ab0b6d7025e3c,0379b23190415f5149f9e714806da9690f94b46a36d900eaef8ab0b6d7025e3c,ROUND_ACTIVE_MEMORY,3,0,0
ab1528cddac1b76cbe58a8b9c688ad1380e5569e8169faec6f75a9f5b3732b62,STAGE_2_MULTI_ROUND_EXTERNAL_MEMORY,00cea5f5cceffde0a991f145625ac71d0ce8a69e2e2343db65512da4692f1b9f,00cea5f5cceffde0a991f145625ac71d0ce8a69e2e2343db65512da4692f1b9f,ROUND_ACTIVE_MEMORY,2,0,0
ad11da0c2d5f9a7908f253bff13513420b676d3f49582b9a81a2010868fdbec9,STAGE_2_MULTI_ROUND_EXTERNAL_MEMORY,01cf70589a40a8dbafd45dd4f5c96416e3df013269c779ce11b72396435a7c87,01cf70589a40a8dbafd45dd4f5c96416e3df013269c779ce11b72396435a7c87,ROUND_ACTIVE_MEMORY,0,0,0
ad1ee4eabd3ce579672ffdf79166a366bfe7b761776ec3e0fda52499b74ffa53,STAGE_2_MULTI_ROUND_EXTERNAL_MEMORY,001c2937edea13649370c9b97ee55b6ff7e1c332e7820f25dff1cb766ec519d9,001c2937edea13649370c9b97ee55b6ff7e1c332e7820f25dff1cb766ec519d9,ROUND_ACTIVE_MEMORY,1,0,0
b1bb4c6befd4bdd6f82bdff8379dff39dcc184f4f06e5179ca3d83cebc28a05f,STAGE_2_MULTI_ROUND_EXTERNAL_MEMORY,05180671816e13feb0c42a9150825476910a10396811488ace35bdc1cea31426,05180671816e13feb0c42a9150825476910a10396811488ace35bdc1cea31426,ROUND_ACTIVE_MEMORY,0,0,0
b3110c92c618377fef319b29d05fc18d22876716cc9ef0de065f07e28bf3a67f,STAGE_2_MULTI_ROUND_EXTERNAL_MEMORY,04fae28c557ae4971d037724983e1754cacfbb81e60e1aed7844d11fada31a71,04fae28c557ae4971d037724983e1754cacfbb81e60e1aed7844d11fada31a71,ROUND_ACTIVE_MEMORY,0,0,0
b53637dfc44aef657b8e14161c728e17cc7916d1cb9e2ac4fbad95ad485204fa,STAGE_2_MULTI_ROUND_EXTERNAL_MEMORY,01b561978e45940c185033d51f06f3f308e78be775d1d47071541fe4fbeb71f5,01b561978e45940c185033d51f06f3f308e78be775d1d47071541fe4fbeb71f5,ROUND_ACTIVE_MEMORY,0,0,0
b539dd198797c3845ce2b608536ead2afca54efe247ed5594b317987d92aa100,STAGE_2_MULTI_ROUND_EXTERNAL_MEMORY,0715f27d904723a080f547422df6c28a181b56d4694d74a6384e29b0b1f9ce05,0715f27d904723a080f547422df6c28a181b56d4694d74a6384e29b0b1f9ce05,ROUND_ACTIVE_MEMORY,2,0,0
b5ae93b5a7116fc169961c851c5cd0d22ae261b78b86347ecb6cb2f3522b13fe,STAGE_2_MULTI_ROUND_EXTERNAL_MEMORY,01aa2a6339128567cedfcfd946d61fd65d03d7176adb33c4d2d727be72624ea6,01aa2a6339128567cedfcfd946d61fd65d03d7176adb33c4d2d727be72624ea6,ROUND_ACTIVE_MEMORY,0,0,0
b5b7c2eeca05e68da941d7c5d27bf74515bbc4bb8ec792f5c2c587de74d246b7,STAGE_2_MULTI_ROUND_EXTERNAL_MEMORY,10789c285739c7997cb2f13426625a20359049947927ebd928cf9ce0f4cf3354,10789c285739c7997cb2f13426625a20359049947927ebd928cf9ce0f4cf3354,ROUND_ACTIVE_MEMORY,0,0,0
b61a7c72b0763a6ed1dfc952f0e8bd298d782b31aa37f56b40a2727e14a782d5,STAGE_2_MULTI_ROUND_EXTERNAL_MEMORY,0090c82e27c3851ebed26a2b3d065f9d321a1e7ad8d18fc0cc554fab4cb86d0d,0090c82e27c3851ebed26a2b3d065f9d321a1e7ad8d18fc0cc554fab4cb86d0d,ROUND_ACTIVE_MEMORY,1,0,0
b70fcf68854eb806dc110d728364864438b1841a415842d520c5bf54fbc214e7,STAGE_2_MULTI_ROUND_EXTERNAL_MEMORY,00f308b02ab096d0c19b7c0367e7926e7f6015c91be5c2bb0f179ca7932384f0,00f308b02ab096d0c19b7c0367e7926e7f6015c91be5c2bb0f179ca7932384f0,ROUND_ACTIVE_MEMORY,3,0,0
b78dd5b15e043f75ce1940983019bafbaeb3a35daba903719bd3e78d9ce0cf73,STAGE_2_MULTI_ROUND_EXTERNAL_MEMORY,02ad689faf52a0395557cc034df9d430eae0378e01ffb319f5df88925bc0c699,02ad689faf52a0395557cc034df9d430eae0378e01ffb319f5df88925bc0c699,ROUND_ACTIVE_MEMORY,3,0,0
b7e8137fd4e2e7667b4e43a46953cd3a4680cdb14912548a2d638b6fe79fb904,STAGE_2_MULTI_ROUND_EXTERNAL_MEMORY,01aa2a6339128567cedfcfd946d61fd65d03d7176adb33c4d2d727be72624ea6,01aa2a6339128567cedfcfd946d61fd65d03d7176adb33c4d2d727be72624ea6,ROUND_ACTIVE_MEMORY,3,0,0
b7ed1c00d7f5b67dcf9bf8a4ee93ca6de7b744e7204724354c995c1747956662,STAGE_2_MULTI_ROUND_EXTERNAL_MEMORY,01cf70589a40a8dbafd45dd4f5c96416e3df013269c779ce11b72396435a7c87,01cf70589a40a8dbafd45dd4f5c96416e3df013269c779ce11b72396435a7c87,ROUND_ACTIVE_MEMORY,1,0,0
b8527128d745b86ffd53d36c7802aa8eaece3e7810cc723ec2a341bcbfa889ec,STAGE_2_MULTI_ROUND_EXTERNAL_MEMORY,001c2937edea13649370c9b97ee55b6ff7e1c332e7820f25dff1cb766ec519d9,001c2937edea13649370c9b97ee55b6ff7e1c332e7820f25dff1cb766ec519d9,ROUND_ACTIVE_MEMORY,0,0,0
b9a745dddfbf5bb3f4d99ebb2516de9060d7ca29ca265bef528f197589478eb9,STAGE_2_MULTI_ROUND_EXTERNAL_MEMORY,013d485aa8ffe3c11c101b0b62a665e2dc68fa2ee6f7a3fd98944a8e4cf1c256,013d485aa8ffe3c11c101b0b62a665e2dc68fa2ee6f7a3fd98944a8e4cf1c256,ROUND_ACTIVE_MEMORY,0,0,0
c16d66274f21e1c3458602745458bac30e4a7e9adc63ee893046f9635bdd4961,STAGE_2_MULTI_ROUND_EXTERNAL_MEMORY,01cf70589a40a8dbafd45dd4f5c96416e3df013269c779ce11b72396435a7c87,01cf70589a40a8dbafd45dd4f5c96416e3df013269c779ce11b72396435a7c87,ROUND_ACTIVE_MEMORY,2,0,0
c18fe6d07ac44a7dc456d86eb8ea216ad1f643750d5767a478745366098c1183,STAGE_2_MULTI_ROUND_EXTERNAL_MEMORY,0cd284c701813f0bbf1d84c2ed195da24ac7ee0a4560f0451aa44c3e6dbf7d11,0cd284c701813f0bbf1d84c2ed195da24ac7ee0a4560f0451aa44c3e6dbf7d11,ROUND_ACTIVE_MEMORY,0,0,0
c3478ee937be62d031cb68a3ad6f1734801b97434a95f12c8e2296967cb7abb7,STAGE_2_MULTI_ROUND_EXTERNAL_MEMORY,02149ec9b0048e70d1fc37284e5535f81db604955c3e6f9874c3b9d2a3831b99,02149ec9b0048e70d1fc37284e5535f81db604955c3e6f9874c3b9d2a3831b99,ROUND_ACTIVE_MEMORY,3,0,0
c406778b297f802c9218016e24c5c0fa852e57f81cdf640604546df954790940,STAGE_2_MULTI_ROUND_EXTERNAL_MEMORY,0246e97fbfbf7885bd6e39220eef7cda89cd5e561d1ad6cce23c56fd4c176961,0246e97fbfbf7885bd6e39220eef7cda89cd5e561d1ad6cce23c56fd4c176961,ROUND_ACTIVE_MEMORY,0,0,0
c44e69df64a8092901ae1595fd6f2f88648f540ddf40173aadb4f39d3276064b,STAGE_2_MULTI_ROUND_EXTERNAL_MEMORY,013d485aa8ffe3c11c101b0b62a665e2dc68fa2ee6f7a3fd98944a8e4cf1c256,013d485aa8ffe3c11c101b0b62a665e2dc68fa2ee6f7a3fd98944a8e4cf1c256,ROUND_ACTIVE_MEMORY,2,0,0
c4544da5c311e180b5f901009ec4e401fad3bdf4365f095c06b0233ba5afe043,STAGE_2_MULTI_ROUND_EXTERNAL_MEMORY,0080da591f9db90cc389afd70e960590078f4b894e2f2992ac033aceaae67a1c,0080da591f9db90cc389afd70e960590078f4b894e2f2992ac033aceaae67a1c,ROUND_ACTIVE_MEMORY,3,0,0
c54e0cba566242d1b07271b3f78b2af8993453bd985654565b8b8471ce5da26a,STAGE_2_MULTI_ROUND_EXTERNAL_MEMORY,01408615b0ebc39d73b1f06811deea1d0b4045ebd2fe9596ba4ce71f992ff9ac,01408615b0ebc39d73b1f06811deea1d0b4045ebd2fe9596ba4ce71f992ff9ac,ROUND_ACTIVE_MEMORY,0,0,0
c6f0779c978e5a99c2beec7f99e0da9c02ac035ebab43def9e0bb99d74c55c3f,STAGE_2_MULTI_ROUND_EXTERNAL_MEMORY,037505c2f54ad514f34b58b2e5c84ef611a19944b56db44289e1c8b63ea3c30a,037505c2f54ad514f34b58b2e5c84ef611a19944b56db44289e1c8b63ea3c30a,ROUND_ACTIVE_MEMORY,3,0,0
c736643f96d890ee614538d871e5f1fdd28117b33805f2f4bdcba852b59284e7,STAGE_2_MULTI_ROUND_EXTERNAL_MEMORY,04254f0842f5c9b854014560e146fd6d4e9d49cbd55c7e216c13b92203cd0838,04254f0842f5c9b854014560e146fd6d4e9d49cbd55c7e216c13b92203cd0838,ROUND_ACTIVE_MEMORY,3,0,0
c7b04f426ae8c7318bbd36bb6a2eb1a768a814a850c3db40214e27794b6d2a14,STAGE_2_MULTI_ROUND_EXTERNAL_MEMORY,07a9f6cad4032ea560697b0ec745a5e07da5f5cca9403c2281bd6b46912baf95,07a9f6cad4032ea560697b0ec745a5e07da5f5cca9403c2281bd6b46912baf95,ROUND_ACTIVE_MEMORY,2,0,0
c954be8f6bebbc68b8cf63fcf7f2c219dd89da73212743830469820987b841ff,STAGE_2_MULTI_ROUND_EXTERNAL_MEMORY,066ebf8cc69230cabacb95381d6e2a5fa09e65b5669886d9e90d9ccc269de23b,066ebf8cc69230cabacb95381d6e2a5fa09e65b5669886d9e90d9ccc269de23b,ROUND_ACTIVE_MEMORY,2,0,0
c9c180efbbf24623f158d009fbebd22b6cc06f8fb5d15d29987e5f1cb6d6009b,STAGE_2_MULTI_ROUND_EXTERNAL_MEMORY,02149ec9b0048e70d1fc37284e5535f81db604955c3e6f9874c3b9d2a3831b99,02149ec9b0048e70d1fc37284e5535f81db604955c3e6f9874c3b9d2a3831b99,ROUND_ACTIVE_MEMORY,1,0,0
ca0605fd72753ef5a34ad0ee769ff592d1bfe2dc50fe9be78580b9b47c3d84dc,STAGE_2_MULTI_ROUND_EXTERNAL_MEMORY,02fa0f73ed50982f889f842bdb73391e5753f09331f8ce68fa1af0596fefc749,02fa0f73ed50982f889f842bdb73391e5753f09331f8ce68fa1af0596fefc749,ROUND_ACTIVE_MEMORY,3,0,0
ca89f0aca49b1ff96cc09653dae8fd6427ec5b2f16b41636cea268a0128f44d3,STAGE_2_MULTI_ROUND_EXTERNAL_MEMORY,013d485aa8ffe3c11c101b0b62a665e2dc68fa2ee6f7a3fd98944a8e4cf1c256,013d485aa8ffe3c11c101b0b62a665e2dc68fa2ee6f7a3fd98944a8e4cf1c256,ROUND_ACTIVE_MEMORY,3,0,0
cb8d38b5f6210be4f91a72b9d5de0858054e3928e0525e724e4d20a7fec2c67c,STAGE_2_MULTI_ROUND_EXTERNAL_MEMORY,01408615b0ebc39d73b1f06811deea1d0b4045ebd2fe9596ba4ce71f992ff9ac,01408615b0ebc39d73b1f06811deea1d0b4045ebd2fe9596ba4ce71f992ff9ac,ROUND_ACTIVE_MEMORY,3,0,0
cbd6b3a8273f5bce81241bc44083152e3c7870c67ec2459357137e71ab009c70,STAGE_2_MULTI_ROUND_EXTERNAL_MEMORY,01cd3dcea029f02faa9f6dd59a516a1e0ee42ab74b1654e46162f805dddea198,01cd3dcea029f02faa9f6dd59a516a1e0ee42ab74b1654e46162f805dddea198,ROUND_ACTIVE_MEMORY,0,0,0
cbd8467cd9ed252fff3d3566cf63113aeec436b20743ebcfeb06db6b6488081d,STAGE_2_MULTI_ROUND_EXTERNAL_MEMORY,00cea5f5cceffde0a991f145625ac71d0ce8a69e2e2343db65512da4692f1b9f,00cea5f5cceffde0a991f145625ac71d0ce8a69e2e2343db65512da4692f1b9f,ROUND_ACTIVE_MEMORY,0,0,0
cd31485bc87654db27238b3d8494b5093e87f85a834e4b57307abb65707255ef,STAGE_2_MULTI_ROUND_EXTERNAL_MEMORY,013d485aa8ffe3c11c101b0b62a665e2dc68fa2ee6f7a3fd98944a8e4cf1c256,013d485aa8ffe3c11c101b0b62a665e2dc68fa2ee6f7a3fd98944a8e4cf1c256,ROUND_ACTIVE_MEMORY,1,0,0
cd8a37f1ea879f6a9c948a7dd3737fd96a1faae533bb72796cd15c06140d6f84,STAGE_2_MULTI_ROUND_EXTERNAL_MEMORY,02ebdfe0a808a6404d30ba8bf4042bcfc87a63f05e79b3b271391ab10403364f,02ebdfe0a808a6404d30ba8bf4042bcfc87a63f05e79b3b271391ab10403364f,ROUND_ACTIVE_MEMORY,1,0,0
cf5aa185683992b76cc5e504a8810522a898cbb45e02bd9b4bfcf4f2bdcec35f,STAGE_2_MULTI_ROUND_EXTERNAL_MEMORY,10789c285739c7997cb2f13426625a20359049947927ebd928cf9ce0f4cf3354,10789c285739c7997cb2f13426625a20359049947927ebd928cf9ce0f4cf3354,ROUND_ACTIVE_MEMORY,2,0,0
d0b491bf618941979f9bbfeb2f35198171c85c069d6888a3babcb2f6f4576c13,STAGE_2_MULTI_ROUND_EXTERNAL_MEMORY,060b91b2292f078e3c71cc18ecc0d2f3ace91312ef3e5f841b10dfbccecfd92b,060b91b2292f078e3c71cc18ecc0d2f3ace91312ef3e5f841b10dfbccecfd92b,ROUND_ACTIVE_MEMORY,0,0,0
d1373daa00660238ebada3f39d4e50f398b9b4d1effddfce16e9c9dbb4863fb8,STAGE_2_MULTI_ROUND_EXTERNAL_MEMORY,037505c2f54ad514f34b58b2e5c84ef611a19944b56db44289e1c8b63ea3c30a,037505c2f54ad514f34b58b2e5c84ef611a19944b56db44289e1c8b63ea3c30a,ROUND_ACTIVE_MEMORY,0,0,0
d290742ce4dde85da58893b56ed6b1be5fd9b4810167f88744a917eb84ed435b,STAGE_2_MULTI_ROUND_EXTERNAL_MEMORY,0387aeff9eeceffd061a865247d50f7a83b49d7b02bbf0df4b2c0f3b7cdf3c56,0387aeff9eeceffd061a865247d50f7a83b49d7b02bbf0df4b2c0f3b7cdf3c56,ROUND_ACTIVE_MEMORY,3,0,0
d2bde9c4669f0c90c3b7f3627d0cb9fcb2a2cfde09387e2d0ad1a0114112ba39,STAGE_2_MULTI_ROUND_EXTERNAL_MEMORY,078a60bc6911eb89afb720e8dbecb91888847cd13ba77b103335c25284f7e89f,078a60bc6911eb89afb720e8dbecb91888847cd13ba77b103335c25284f7e89f,ROUND_ACTIVE_MEMORY,3,0,0
d3599cd2429f833d53a2ff3927a00537a0682f87c5c6e64b0bdc5563412bbe11,STAGE_2_MULTI_ROUND_EXTERNAL_MEMORY,0379b23190415f5149f9e714806da9690f94b46a36d900eaef8ab0b6d7025e3c,0379b23190415f5149f9e714806da9690f94b46a36d900eaef8ab0b6d7025e3c,ROUND_ACTIVE_MEMORY,1,0,0
d392020af05eaee4aae61fe8d2a4d83174b7df83eba4a7cae84535380e6cb265,STAGE_2_MULTI_ROUND_EXTERNAL_MEMORY,016cbad8215ed37d5f3eba376220b8b6838f7a304c319b267b769116cabec01b,016cbad8215ed37d5f3eba376220b8b6838f7a304c319b267b769116cabec01b,ROUND_ACTIVE_MEMORY,2,0,0
d41362c4181a918c0a6170010cd40573a451030985cf42cacd4448b781ec8e1c,STAGE_2_MULTI_ROUND_EXTERNAL_MEMORY,00670fcccd4e83468ec65d57d412f7af1533bf224d4d944ea7dac134b50149c9,00670fcccd4e83468ec65d57d412f7af1533bf224d4d944ea7dac134b50149c9,ROUND_ACTIVE_MEMORY,3,0,0
d4554d6bdf13be9e0d579db482c8990a1da21e79679891253d7d7d26cdbfa873,STAGE_2_MULTI_ROUND_EXTERNAL_MEMORY,03b244aaabc3f6491124ea56343a15dc848f607c6011118b8b745a0442f72356,03b244aaabc3f6491124ea56343a15dc848f607c6011118b8b745a0442f72356,ROUND_ACTIVE_MEMORY,1,0,0
d5e9ba7d82c360bc51b22d38371072a31635fbd769c13af7b00114c5f3518c4b,STAGE_2_MULTI_ROUND_EXTERNAL_MEMORY,019516cf6b03aa24bc094c5ae46b95ecbaedafba3d628055fcd6cd08628a85fa,019516cf6b03aa24bc094c5ae46b95ecbaedafba3d628055fcd6cd08628a85fa,ROUND_ACTIVE_MEMORY,2,0,0
d674d519e89ed19ca05134ba4bb275925c9bc1a39e75dfd194a051a8a3cf2c17,STAGE_2_MULTI_ROUND_EXTERNAL_MEMORY,03e7062ffe433dcf3043b9abac9dd4a25a9239a1e90fc58a804aa77b17d3cfe7,03e7062ffe433dcf3043b9abac9dd4a25a9239a1e90fc58a804aa77b17d3cfe7,ROUND_ACTIVE_MEMORY,1,0,0
d677c83d842dcf564d477083be8190c1ae1ba2a91d3e68390090e96994486e5b,STAGE_2_MULTI_ROUND_EXTERNAL_MEMORY,039ae9cd85c6e81a951f9e6d9b2953c2acd48385183665f51ecd61ec216f7b99,039ae9cd85c6e81a951f9e6d9b2953c2acd48385183665f51ecd61ec216f7b99,ROUND_ACTIVE_MEMORY,0,0,0
d73eb703c5567fa759e84cbd3b511c406ce8dfe73db6a325fd7093cec9ba1115,STAGE_2_MULTI_ROUND_EXTERNAL_MEMORY,07289f31686a505a0f9bce6062a388f6985dd44ada50364e858bcbdfaba17069,07289f31686a505a0f9bce6062a388f6985dd44ada50364e858bcbdfaba17069,ROUND_ACTIVE_MEMORY,3,0,0
d8ecae4d74327611d9e9ec2492910da74e5d339cba1d049c31fd5a1072cdb568,STAGE_2_MULTI_ROUND_EXTERNAL_MEMORY,0080da591f9db90cc389afd70e960590078f4b894e2f2992ac033aceaae67a1c,0080da591f9db90cc389afd70e960590078f4b894e2f2992ac033aceaae67a1c,ROUND_ACTIVE_MEMORY,1,0,0
d9eccc1a339187825ecf83734073178239a742256bc32851795576ad8613e425,STAGE_2_MULTI_ROUND_EXTERNAL_MEMORY,00cea5f5cceffde0a991f145625ac71d0ce8a69e2e2343db65512da4692f1b9f,00cea5f5cceffde0a991f145625ac71d0ce8a69e2e2343db65512da4692f1b9f,ROUND_ACTIVE_MEMORY,3,0,0
dbbf0b64bdf8649154b5498f785642ce8b6e13e01b22230083a75c5236a169d0,STAGE_2_MULTI_ROUND_EXTERNAL_MEMORY,01aa2a6339128567cedfcfd946d61fd65d03d7176adb33c4d2d727be72624ea6,01aa2a6339128567cedfcfd946d61fd65d03d7176adb33c4d2d727be72624ea6,ROUND_ACTIVE_MEMORY,2,0,0
dc3753e3cc3922fe479c54d5c13238a247468514953ef6c09b0ed41874aa7849,STAGE_2_MULTI_ROUND_EXTERNAL_MEMORY,08d34925e9b8a7c3c979b685166e8cdfe4944099e1dcc5105559e2f44f4fe6aa,08d34925e9b8a7c3c979b685166e8cdfe4944099e1dcc5105559e2f44f4fe6aa,ROUND_ACTIVE_MEMORY,3,0,0
ddce5a65435f3d05b6dd4061555bace831572adcb0ebbfc14c4e43d229f20631,STAGE_2_MULTI_ROUND_EXTERNAL_MEMORY,037806a922f1858cae2fe2e2b3ab7735bd9aab0097d5ab12913f45f44dab5d30,037806a922f1858cae2fe2e2b3ab7735bd9aab0097d5ab12913f45f44dab5d30,ROUND_ACTIVE_MEMORY,1,0,0
de1ed9f34fcd0dc46d711260f964c2aab1b10e77bd04eff717b217c924c2feda,STAGE_2_MULTI_ROUND_EXTERNAL_MEMORY,0034ff220150e4261e5441b43064b32f5b09d2cd4e15d4f2512117bebf2e598a,0034ff220150e4261e5441b43064b32f5b09d2cd4e15d4f2512117bebf2e598a,ROUND_ACTIVE_MEMORY,0,0,0
deedebc777e12c25fe922a0ea14629fbd0cfc38b8a69d4e352a237e51bfd39ff,STAGE_2_MULTI_ROUND_EXTERNAL_MEMORY,059bf3f78181cd59c9fb076f0175f422d4c1a2de6da3545584a96bd950919b7d,059bf3f78181cd59c9fb076f0175f422d4c1a2de6da3545584a96bd950919b7d,ROUND_ACTIVE_MEMORY,0,0,0
df69f41829325f3358dc3434d89b70d8439745a5df5e4bba33d9325c6d0e1475,STAGE_2_MULTI_ROUND_EXTERNAL_MEMORY,03b244aaabc3f6491124ea56343a15dc848f607c6011118b8b745a0442f72356,03b244aaabc3f6491124ea56343a15dc848f607c6011118b8b745a0442f72356,ROUND_ACTIVE_MEMORY,3,0,0
e0732d0ba374c4ce99efe0c6684a96985f07c90d4f133ef412fefd7b228962ed,STAGE_2_MULTI_ROUND_EXTERNAL_MEMORY,03e7062ffe433dcf3043b9abac9dd4a25a9239a1e90fc58a804aa77b17d3cfe7,03e7062ffe433dcf3043b9abac9dd4a25a9239a1e90fc58a804aa77b17d3cfe7,ROUND_ACTIVE_MEMORY,2,0,0
e073be238f955b957198aca6630437c28de8189d68214751a6b57e5b428b1867,STAGE_2_MULTI_ROUND_EXTERNAL_MEMORY,04e4bf826d8ea6c2174bfd11044690a69aa6b922bbfbaad9bd00895cbd74457a,04e4bf826d8ea6c2174bfd11044690a69aa6b922bbfbaad9bd00895cbd74457a,ROUND_ACTIVE_MEMORY,2,0,0
e1e4b6f1e83fd169883aa467a7e5d21f288ca277eecf0c7a9b65842e26a31a1b,STAGE_2_MULTI_ROUND_EXTERNAL_MEMORY,0379b23190415f5149f9e714806da9690f94b46a36d900eaef8ab0b6d7025e3c,0379b23190415f5149f9e714806da9690f94b46a36d900eaef8ab0b6d7025e3c,ROUND_ACTIVE_MEMORY,0,0,0
e2d6a90ccdbbf2609f2028faf854fed23c73596df0f2e2f0647e7c2d19f171ff,STAGE_2_MULTI_ROUND_EXTERNAL_MEMORY,071fbc547250515fa7cf9abc3d4b1e55de7c5aa96f087ac99ed4aaf6523b27d6,071fbc547250515fa7cf9abc3d4b1e55de7c5aa96f087ac99ed4aaf6523b27d6,ROUND_ACTIVE_MEMORY,2,0,0
e38c140f1e711f33a23a5d0cbdcad6d8376ceca13f7b8ade7bb68beaeb6aaf00,STAGE_2_MULTI_ROUND_EXTERNAL_MEMORY,02a440a8ed336ca6a1daa7ab59a79a7da846e20c897f685d5cc2d99363f0b40a,02a440a8ed336ca6a1daa7ab59a79a7da846e20c897f685d5cc2d99363f0b40a,ROUND_ACTIVE_MEMORY,1,0,0
e44a6a153cd6e4f3afb718924e33111dcf5d468a8680ffbda5ca5870adc7e33b,STAGE_2_MULTI_ROUND_EXTERNAL_MEMORY,00f308b02ab096d0c19b7c0367e7926e7f6015c91be5c2bb0f179ca7932384f0,00f308b02ab096d0c19b7c0367e7926e7f6015c91be5c2bb0f179ca7932384f0,ROUND_ACTIVE_MEMORY,0,0,0
e46f8a70e7cff7d5942a2599f4ffe887c3431769f083d2bedea9db6d9dddfdc6,STAGE_2_MULTI_ROUND_EXTERNAL_MEMORY,035ee9100af4029e9043a870878240afc5cc489578b3fa1a2bf6062c4508102d,035ee9100af4029e9043a870878240afc5cc489578b3fa1a2bf6062c4508102d,ROUND_ACTIVE_MEMORY,1,0,0
e4b7ea6388e75c031d62440faade0736f2d7e78f5a27bd8d3af93a85d9b1e042,STAGE_2_MULTI_ROUND_EXTERNAL_MEMORY,0591a3962b3848eb22358974273d692354f3a516a907dda60a3d6787aac3acd8,0591a3962b3848eb22358974273d692354f3a516a907dda60a3d6787aac3acd8,ROUND_ACTIVE_MEMORY,1,0,0
e4c4f2a70f36bc5e85598dd97f9bfb75e5c192713617796b0093d9f8acf3fa50,STAGE_2_MULTI_ROUND_EXTERNAL_MEMORY,0387aeff9eeceffd061a865247d50f7a83b49d7b02bbf0df4b2c0f3b7cdf3c56,0387aeff9eeceffd061a865247d50f7a83b49d7b02bbf0df4b2c0f3b7cdf3c56,ROUND_ACTIVE_MEMORY,2,0,0
e4dbbbd2998f2bf10d175f76b04458836c921e580f083bf8afd6eb1ab1c8aba8,STAGE_2_MULTI_ROUND_EXTERNAL_MEMORY,0034ff220150e4261e5441b43064b32f5b09d2cd4e15d4f2512117bebf2e598a,0034ff220150e4261e5441b43064b32f5b09d2cd4e15d4f2512117bebf2e598a,ROUND_ACTIVE_MEMORY,1,0,0
e568c69dde176a2a8e8cd9ac87712c5654d6ea612e11281808f76933035c2394,STAGE_2_MULTI_ROUND_EXTERNAL_MEMORY,00cea5f5cceffde0a991f145625ac71d0ce8a69e2e2343db65512da4692f1b9f,00cea5f5cceffde0a991f145625ac71d0ce8a69e2e2343db65512da4692f1b9f,ROUND_ACTIVE_MEMORY,1,0,0
e58164a14154d657a59c0bd40a07eda0c4af2a65380e4a506edb5c85634e1c81,STAGE_2_MULTI_ROUND_EXTERNAL_MEMORY,078a60bc6911eb89afb720e8dbecb91888847cd13ba77b103335c25284f7e89f,078a60bc6911eb89afb720e8dbecb91888847cd13ba77b103335c25284f7e89f,ROUND_ACTIVE_MEMORY,2,0,0
e6e879fb5a093709b55da0bdaedefb9b983516a77a81d95d8ac677c0e92aa258,STAGE_2_MULTI_ROUND_EXTERNAL_MEMORY,001c2937edea13649370c9b97ee55b6ff7e1c332e7820f25dff1cb766ec519d9,001c2937edea13649370c9b97ee55b6ff7e1c332e7820f25dff1cb766ec519d9,ROUND_ACTIVE_MEMORY,2,0,0
e7d0e8e553549b1866c5fcd0559c94dc4a86c3d63903990e19537396cea7796e,STAGE_2_MULTI_ROUND_EXTERNAL_MEMORY,0471f3ff37585b852649168551e04fe7c3a5ce1be813a91ca203e8ce9bb2081d,0471f3ff37585b852649168551e04fe7c3a5ce1be813a91ca203e8ce9bb2081d,ROUND_ACTIVE_MEMORY,1,0,0
e88ff7457d4eb6a3dca2ef264aea2076fd4a817a74c2302f4e8324b0c27c7e96,STAGE_2_MULTI_ROUND_EXTERNAL_MEMORY,0186b702f01fbcc9cc4809961ae7543a4887379e58fe086e741286c4d8d9ae97,0186b702f01fbcc9cc4809961ae7543a4887379e58fe086e741286c4d8d9ae97,ROUND_ACTIVE_MEMORY,1,0,0
e9ee2e5ad240a961cd71bbdd4ec5d720535943a98da7625d9107b1fe03a92637,STAGE_2_MULTI_ROUND_EXTERNAL_MEMORY,039ae9cd85c6e81a951f9e6d9b2953c2acd48385183665f51ecd61ec216f7b99,039ae9cd85c6e81a951f9e6d9b2953c2acd48385183665f51ecd61ec216f7b99,ROUND_ACTIVE_MEMORY,1,0,0
eadde0b4a7f003aa00c2814126d400e9b32f3464cdcac2f972887bff8ce0a3e7,STAGE_2_MULTI_ROUND_EXTERNAL_MEMORY,066e00b734c2fd1b56d707a27f635e323de9a1bcf7f33b470d44aa1094f11a43,066e00b734c2fd1b56d707a27f635e323de9a1bcf7f33b470d44aa1094f11a43,ROUND_ACTIVE_MEMORY,0,0,0
eb84502d478e046c46c299c3dbf5d3f7858ab31a2778b22a4fba9a50400b8d7c,STAGE_2_MULTI_ROUND_EXTERNAL_MEMORY,0984a1e7d274e87e384e523e0c2c44b36e9641a5a0cb73f00736de7dc8eb6e78,0984a1e7d274e87e384e523e0c2c44b36e9641a5a0cb73f00736de7dc8eb6e78,ROUND_ACTIVE_MEMORY,1,0,0
eeaa78bc4283f9d21868972ea3acb83afb7c18eabce577d497d48db73bc31c16,STAGE_2_MULTI_ROUND_EXTERNAL_MEMORY,010761b1840f65deda17b75825b6f5019160ba6bc2afeec6309a8be40fccdcd6,010761b1840f65deda17b75825b6f5019160ba6bc2afeec6309a8be40fccdcd6,ROUND_ACTIVE_MEMORY,3,0,0
efb2b3be071cad6a1973e0461154bfd5d7f917a8ed9e35a380214caa370f0922,STAGE_2_MULTI_ROUND_EXTERNAL_MEMORY,0034ff220150e4261e5441b43064b32f5b09d2cd4e15d4f2512117bebf2e598a,0034ff220150e4261e5441b43064b32f5b09d2cd4e15d4f2512117bebf2e598a,ROUND_ACTIVE_MEMORY,3,0,0
f0d03487048757ffb4c48e8818b7db7a030e169c544bdd602ec5b3cf69e21430,STAGE_2_MULTI_ROUND_EXTERNAL_MEMORY,01408615b0ebc39d73b1f06811deea1d0b4045ebd2fe9596ba4ce71f992ff9ac,01408615b0ebc39d73b1f06811deea1d0b4045ebd2fe9596ba4ce71f992ff9ac,ROUND_ACTIVE_MEMORY,2,0,0
f1e681318bca02aca62cccf0bf4552a373e3d4a97037f320f198432ce36d4176,STAGE_2_MULTI_ROUND_EXTERNAL_MEMORY,001c2937edea13649370c9b97ee55b6ff7e1c332e7820f25dff1cb766ec519d9,001c2937edea13649370c9b97ee55b6ff7e1c332e7820f25dff1cb766ec519d9,ROUND_ACTIVE_MEMORY,3,0,0
f254a132da1c51f0f6c375c86e0d779d86a874f6f181605cd2bcd64d0aa46023,STAGE_2_MULTI_ROUND_EXTERNAL_MEMORY,04e8c2fd8f8402a4950b9744ce6aef75961d53b67183a9cf54d1859a195b35b1,04e8c2fd8f8402a4950b9744ce6aef75961d53b67183a9cf54d1859a195b35b1,ROUND_ACTIVE_MEMORY,2,0,0
f3c0f1b8f41709938ba02a432a0299c7315ced105288e64a5987b12de9854439,STAGE_2_MULTI_ROUND_EXTERNAL_MEMORY,00670fcccd4e83468ec65d57d412f7af1533bf224d4d944ea7dac134b50149c9,00670fcccd4e83468ec65d57d412f7af1533bf224d4d944ea7dac134b50149c9,ROUND_ACTIVE_MEMORY,1,0,0
f62f6275ae3a51e8e303360d8da12e7157187aa57c637a4782a96dc138076439,STAGE_2_MULTI_ROUND_EXTERNAL_MEMORY,0387aeff9eeceffd061a865247d50f7a83b49d7b02bbf0df4b2c0f3b7cdf3c56,0387aeff9eeceffd061a865247d50f7a83b49d7b02bbf0df4b2c0f3b7cdf3c56,ROUND_ACTIVE_MEMORY,1,0,0
f9521ca636e3d6731b37d97856ca3530f9e483391ba8293fc4110492a85fa20b,STAGE_2_MULTI_ROUND_EXTERNAL_MEMORY,0715f27d904723a080f547422df6c28a181b56d4694d74a6384e29b0b1f9ce05,0715f27d904723a080f547422df6c28a181b56d4694d74a6384e29b0b1f9ce05,ROUND_ACTIVE_MEMORY,1,0,0
fa4be9d7c26628348d250ac97c30fe7a597a9174c0ec791002176038ca011340,STAGE_2_MULTI_ROUND_EXTERNAL_MEMORY,04e8c2fd8f8402a4950b9744ce6aef75961d53b67183a9cf54d1859a195b35b1,04e8c2fd8f8402a4950b9744ce6aef75961d53b67183a9cf54d1859a195b35b1,ROUND_ACTIVE_MEMORY,3,0,0
fbf5d4e7cd0fed56deab9811825ad96516e58df742ab7105131f2573a6ec4471,STAGE_2_MULTI_ROUND_EXTERNAL_MEMORY,02ebdfe0a808a6404d30ba8bf4042bcfc87a63f05e79b3b271391ab10403364f,02ebdfe0a808a6404d30ba8bf4042bcfc87a63f05e79b3b271391ab10403364f,ROUND_ACTIVE_MEMORY,3,0,0
fc70ea0b3b283b298988bf35493d164f3a9a4f1c8bb31e95243c81f47a72e135,STAGE_2_MULTI_ROUND_EXTERNAL_MEMORY,0193e4592c45ff99167287ffca1d76756ac28e031bc254f30d04a1a62fff6bed,0193e4592c45ff99167287ffca1d76756ac28e031bc254f30d04a1a62fff6bed,ROUND_ACTIVE_MEMORY,0,0,0
fe1f7e0479b346c8a60450a38f07e272575172fd59b6a1da2c6513787f5fee97,STAGE_2_MULTI_ROUND_EXTERNAL_MEMORY,035ee9100af4029e9043a870878240afc5cc489578b3fa1a2bf6062c4508102d,035ee9100af4029e9043a870878240afc5cc489578b3fa1a2bf6062c4508102d,ROUND_ACTIVE_MEMORY,2,0,0
fe79da540d1235c0a9e78951576ad7db9fc618eecb1ca9115bbbca24495ea61f,STAGE_2_MULTI_ROUND_EXTERNAL_MEMORY,0984a1e7d274e87e384e523e0c2c44b36e9641a5a0cb73f00736de7dc8eb6e78,0984a1e7d274e87e384e523e0c2c44b36e9641a5a0cb73f00736de7dc8eb6e78,ROUND_ACTIVE_MEMORY,2,0,0
fec438c20ba19162b7759f11384af72fd91a7dd48f6952568a0e60dcdd3221f2,STAGE_2_MULTI_ROUND_EXTERNAL_MEMORY,0034ff220150e4261e5441b43064b32f5b09d2cd4e15d4f2512117bebf2e598a,0034ff220150e4261e5441b43064b32f5b09d2cd4e15d4f2512117bebf2e598a,ROUND_ACTIVE_MEMORY,2,0,0
feef38e2e3e681b31c2f5c61ba44a010180496ea71c2117b18547c8f58ae952a,STAGE_2_MULTI_ROUND_EXTERNAL_MEMORY,02ad689faf52a0395557cc034df9d430eae0378e01ffb319f5df88925bc0c699,02ad689faf52a0395557cc034df9d430eae0378e01ffb319f5df88925bc0c699,ROUND_ACTIVE_MEMORY,2,0,0
fef35fd1023e3934c19cfe1e42339c2fc3b21933f40777c78fb740aae5f263b6,STAGE_2_MULTI_ROUND_EXTERNAL_MEMORY,02fa0f73ed50982f889f842bdb73391e5753f09331f8ce68fa1af0596fefc749,02fa0f73ed50982f889f842bdb73391e5753f09331f8ce68fa1af0596fefc749,ROUND_ACTIVE_MEMORY,2,0,0
fef967a4a3738a43f87c3297b24d1e59e5f1661274c0309e8db5f6b60f1a7a5e,STAGE_2_MULTI_ROUND_EXTERNAL_MEMORY,04e4bf826d8ea6c2174bfd11044690a69aa6b922bbfbaad9bd00895cbd74457a,04e4bf826d8ea6c2174bfd11044690a69aa6b922bbfbaad9bd00895cbd74457a,ROUND_ACTIVE_MEMORY,1,0,0
ff0d96ce5a3c321f4491e890757e016d7ed8131f3e34c92477b9ff66e89b9762,STAGE_2_MULTI_ROUND_EXTERNAL_MEMORY,0df2a655a5d668a2f21be3585a6eaf6f8ca0e10a983089829faa81a01992e9ba,0df2a655a5d668a2f21be3585a6eaf6f8ca0e10a983089829faa81a01992e9ba,ROUND_ACTIVE_MEMORY,2,0,0
ff9cec27acc77433c457a8f521e95b24f4df514e2057ce6d086a692c83929cd0,STAGE_2_MULTI_ROUND_EXTERNAL_MEMORY,08d634a656ea7967ba9ca68699069b443c1aa97d154965972f64d3a3c464bef1,08d634a656ea7967ba9ca68699069b443c1aa97d154965972f64d3a3c464bef1,ROUND_ACTIVE_MEMORY,3,0,0
ffb3f192a922ed66957d072fb7d734042e75afcc08a413fb85257835827d9503,STAGE_2_MULTI_ROUND_EXTERNAL_MEMORY,059bf3f78181cd59c9fb076f0175f422d4c1a2de6da3545584a96bd950919b7d,059bf3f78181cd59c9fb076f0175f422d4c1a2de6da3545584a96bd950919b7d,ROUND_ACTIVE_MEMORY,3,0,0
ffd0b39059cc88bfd88eed3161bb160406bc4329635da44ca2c248a9239860ac,STAGE_2_MULTI_ROUND_EXTERNAL_MEMORY,08d34925e9b8a7c3c979b685166e8cdfe4944099e1dcc5105559e2f44f4fe6aa,08d34925e9b8a7c3c979b685166e8cdfe4944099e1dcc5105559e2f44f4fe6aa,ROUND_ACTIVE_MEMORY,0,0,0
00412058eba2af3001aa0cc3b9b5f6b6fcd33124b8a9c1427a3720acc28088f3,STAGE_3_FROZEN_FORMAL_EVALUATION,b306e222a2a3fd0f1a04d60a97fed88cea15a7c59782227910110cb968a79bd0,b306e222a2a3fd0f1a04d60a97fed88cea15a7c59782227910110cb968a79bd0,FM0_NO_MEMORY,,0,0
006be2e87d3c0ddd852187b0c856c550728da89db7fab9b60a3f203cd1b007a7,STAGE_3_FROZEN_FORMAL_EVALUATION,400d14f5692f0dd6c3f48bb46619af0ff17ba916e13a74db8c0ace03ccbb70bd,400d14f5692f0dd6c3f48bb46619af0ff17ba916e13a74db8c0ace03ccbb70bd,FM3_GATED_PRESCRIPTIVE,,0,0
006d77974a4f17ca2ae93282fb6eede507bc962291d4178866aa196a6886c02b,STAGE_3_FROZEN_FORMAL_EVALUATION,da1925245a42120acee5d83324fc34339dffddccde1d74a509e72c6c5a0163f9,da1925245a42120acee5d83324fc34339dffddccde1d74a509e72c6c5a0163f9,FM3_GATED_PRESCRIPTIVE,,0,0
00cfa212906c96c2966d7fcd3ca2311482679832f9eb448d723a4334243ab1b7,STAGE_3_FROZEN_FORMAL_EVALUATION,7c99740d5facda9c9b03fd9eeeadac2fb3271d5a90decdb04769f184b6c5b5da,7c99740d5facda9c9b03fd9eeeadac2fb3271d5a90decdb04769f184b6c5b5da,FM3_GATED_PRESCRIPTIVE,,0,0
0149f8f7118e03846678f7cd473aba04ab442a353a40a84b01beceac8173171f,STAGE_3_FROZEN_FORMAL_EVALUATION,4f0df1dec9b157e5c76e099a68f0df0035e139305db1dcdaad50edd7ca6567c6,4f0df1dec9b157e5c76e099a68f0df0035e139305db1dcdaad50edd7ca6567c6,FM0_NO_MEMORY,,0,0
01b2efa545cbdde6195b125b1385525e2d33790768a17d04a5a4f3275836b271,STAGE_3_FROZEN_FORMAL_EVALUATION,2028f15fc7ecda068a4db7e482beba9d3e8f751252d60f068c2e7935e198c4d1,2028f15fc7ecda068a4db7e482beba9d3e8f751252d60f068c2e7935e198c4d1,FM2_STRUCTURED_DESCRIPTIVE,,0,0
01fc32cdb466501cb3f1bf050b7bafffd600c85cf00778b83ff905a0443e2ce3,STAGE_3_FROZEN_FORMAL_EVALUATION,0546262c74097336093c393a5649a8fa7e431a7a1737d029b119318915397463,0546262c74097336093c393a5649a8fa7e431a7a1737d029b119318915397463,FM2_STRUCTURED_DESCRIPTIVE,,0,0
02e516ad5c51375f966362a342fc68740b57f80765c61eb7681476210ac8e2e7,STAGE_3_FROZEN_FORMAL_EVALUATION,e70d74caf52f707eb408f61fde844b3fe1e4f04793625c9912a3d9ff828f6531,e70d74caf52f707eb408f61fde844b3fe1e4f04793625c9912a3d9ff828f6531,FM2_STRUCTURED_DESCRIPTIVE,,0,0
030fed9b51ee6a3f531d852c27d0580db9e6f11dc85f92405ccab7d54290df1d,STAGE_3_FROZEN_FORMAL_EVALUATION,d629320fed108033b526af5237f0a6a8d9017b6ab4718a3ebe729693c9b93f06,d629320fed108033b526af5237f0a6a8d9017b6ab4718a3ebe729693c9b93f06,FM2_STRUCTURED_DESCRIPTIVE,,0,0
03816a83a43078fc4153502e82058cdc33a7ac5bc21229a1b8d86d68e2fa9baa,STAGE_3_FROZEN_FORMAL_EVALUATION,e90e1c31e1ac4051bea532a8d72ff22e2b6fcf29bff2a4d51551c9b9f2744925,e90e1c31e1ac4051bea532a8d72ff22e2b6fcf29bff2a4d51551c9b9f2744925,FM1_MATCHED_RAW_EPISODIC,,0,0
03e78d253ef0c1b8022c35dc6014bc9e642f8c49ef80b18c9facec2ebe2cea07,STAGE_3_FROZEN_FORMAL_EVALUATION,f69db7d0df8cefc386fc2ec91a4e5041beefc5c0c5cd721c60bdb16c03237c45,f69db7d0df8cefc386fc2ec91a4e5041beefc5c0c5cd721c60bdb16c03237c45,FM3_GATED_PRESCRIPTIVE,,0,0
03f4615590336db7b629c4b5e9f30c6bc7c6e611546a5fdaf0f20d3d6e36c634,STAGE_3_FROZEN_FORMAL_EVALUATION,9ac0725f419e87dfab0ddd41aaa5b20a793ef985c6912fd90b54ee7234f16a54,9ac0725f419e87dfab0ddd41aaa5b20a793ef985c6912fd90b54ee7234f16a54,FM3_GATED_PRESCRIPTIVE,,0,0
05006313e555e0b24747322910965d89a9728c6c8f75c3808fa5611f5492c9a7,STAGE_3_FROZEN_FORMAL_EVALUATION,63b85e91086d40f52ba0553f4dc65ecece2a8f16b2c5232bd4a986468e884bd0,63b85e91086d40f52ba0553f4dc65ecece2a8f16b2c5232bd4a986468e884bd0,FM0_NO_MEMORY,,0,0
058b584912a745cce738ded8e54f52eeba0c2ba11bcb2ee67303beed2109cb78,STAGE_3_FROZEN_FORMAL_EVALUATION,c873f7f4202e3594f83a6de5352fef5518214937a708d661dba5e5b19e54b552,c873f7f4202e3594f83a6de5352fef5518214937a708d661dba5e5b19e54b552,FM2_STRUCTURED_DESCRIPTIVE,,0,0
05a91bd777ef17bb1f0cf0063e505dbd934091b72ac63d3160c75fbbc71cb25a,STAGE_3_FROZEN_FORMAL_EVALUATION,d629320fed108033b526af5237f0a6a8d9017b6ab4718a3ebe729693c9b93f06,d629320fed108033b526af5237f0a6a8d9017b6ab4718a3ebe729693c9b93f06,FM1_MATCHED_RAW_EPISODIC,,0,0
05b0e1cdab28737385183d8a28045d960fecbfd99f879c96e98b04d8dc99765c,STAGE_3_FROZEN_FORMAL_EVALUATION,f09097299bf65889474571e66be4919ff718772fa9c57c423a008eaeb8e514a9,f09097299bf65889474571e66be4919ff718772fa9c57c423a008eaeb8e514a9,FM3_GATED_PRESCRIPTIVE,,0,0
060efce0d1e9ec8f82f1ee28d23a20861405f14f3c289aff0f17207a6d00cf8a,STAGE_3_FROZEN_FORMAL_EVALUATION,e2caf815620b2eb3cbdb44c80de1b965042ca1d580d7d824a5b95f0d53de5903,e2caf815620b2eb3cbdb44c80de1b965042ca1d580d7d824a5b95f0d53de5903,FM3_GATED_PRESCRIPTIVE,,0,0
061de66950e9c60ddd1e4098204da241aba1bb101d9b4469649b3535ffb65d95,STAGE_3_FROZEN_FORMAL_EVALUATION,ba1b1f73776dc0f15634ed431208474317679798d5295bcc07605b21ebda1672,ba1b1f73776dc0f15634ed431208474317679798d5295bcc07605b21ebda1672,FM3_GATED_PRESCRIPTIVE,,0,0
06a6653bca21e67e66897032ba0b7cb6203b8370ce8cd9cc13ac56a87e285482,STAGE_3_FROZEN_FORMAL_EVALUATION,fc7ee78fb5004376ddf473ce8d743fe8fa74fd55a9d8c59ad9d3da6be2527a1a,fc7ee78fb5004376ddf473ce8d743fe8fa74fd55a9d8c59ad9d3da6be2527a1a,FM3_GATED_PRESCRIPTIVE,,0,0
06cf10e25849b75aa769767a0f124ca02e00df7dcf2eaa207f6cc0a6da49ea39,STAGE_3_FROZEN_FORMAL_EVALUATION,06cd8821902acb3e77a2259e295291a7c912a3359051bc7b04b2e5d441fb7eec,06cd8821902acb3e77a2259e295291a7c912a3359051bc7b04b2e5d441fb7eec,FM3_GATED_PRESCRIPTIVE,,0,0
06e0a1d4697583f885811ba28137b7c860b0e9d6eb1e44da7e7f38e4c74ee21c,STAGE_3_FROZEN_FORMAL_EVALUATION,f28e1a1fe16d3b061bd4d149b82099b83dcb5b842fdb555ecd859fceee45b5d7,f28e1a1fe16d3b061bd4d149b82099b83dcb5b842fdb555ecd859fceee45b5d7,FM0_NO_MEMORY,,0,0
072aad60c57fe4eb642b26bdc8189b93ae5b0c9f49dade240b82e5447c91d017,STAGE_3_FROZEN_FORMAL_EVALUATION,c684cc103e12d427aaf5148f563e0c0a08d655de2189ffb133f44b302597dcfd,c684cc103e12d427aaf5148f563e0c0a08d655de2189ffb133f44b302597dcfd,FM3_GATED_PRESCRIPTIVE,,0,0
078de8e1d87c6c0cc19a1d22d6925178086c24d50bd9e54d79dedb63e0abfff8,STAGE_3_FROZEN_FORMAL_EVALUATION,fcf9a567a1870c92176cfbbf345717fd602c6f42472a4eef765a70f80932d97e,fcf9a567a1870c92176cfbbf345717fd602c6f42472a4eef765a70f80932d97e,FM0_NO_MEMORY,,0,0
07aac599f7e02f3bef8b05d0479a7f4228592f8b82295460c3fb4a58b5ea3679,STAGE_3_FROZEN_FORMAL_EVALUATION,a99aad62d7f3bc968de6cf1f35160e418e94704952998e0b5ac1d8d9a649a50e,a99aad62d7f3bc968de6cf1f35160e418e94704952998e0b5ac1d8d9a649a50e,FM2_STRUCTURED_DESCRIPTIVE,,0,0
07b8012976717e6176b1f3579706e8db851ff7ac259f5c18e1dbc0a80fbe15a9,STAGE_3_FROZEN_FORMAL_EVALUATION,266dcea51821e49a1307d53accf8dd41497491f96eaae3309a653a97849cb742,266dcea51821e49a1307d53accf8dd41497491f96eaae3309a653a97849cb742,FM1_MATCHED_RAW_EPISODIC,,0,0
087edc0b7f30ed907e74585d0de50c272cfdfe56af06859bfb92ea36b7d5349b,STAGE_3_FROZEN_FORMAL_EVALUATION,8c5007b8c62721da9c2834e6fbabb7231dd921cdb31635bf7ad95a300819298c,8c5007b8c62721da9c2834e6fbabb7231dd921cdb31635bf7ad95a300819298c,FM2_STRUCTURED_DESCRIPTIVE,,0,0
088d8c13db0e0583d2b4e01cb21f26eef9e9268c11630445afbfb1e3d1cf18a1,STAGE_3_FROZEN_FORMAL_EVALUATION,b2e3ea3f072ba5bc197a01d0193a2dcb92e3b3522e3349b2247215a4f23533e9,b2e3ea3f072ba5bc197a01d0193a2dcb92e3b3522e3349b2247215a4f23533e9,FM2_STRUCTURED_DESCRIPTIVE,,0,0
09065a215305787ce15376676938e9cae6b428115ebc1c6d69d0417967f88338,STAGE_3_FROZEN_FORMAL_EVALUATION,d12dce031eea9781c0b8debef770becaa8ccfed3ba2371669b958b0062969819,d12dce031eea9781c0b8debef770becaa8ccfed3ba2371669b958b0062969819,FM3_GATED_PRESCRIPTIVE,,0,0
092c36b1c8567b6e3f514508c839844a66289ce1115674b8d71f711c01f44fe8,STAGE_3_FROZEN_FORMAL_EVALUATION,d2630d46f12e3337e921f8f8e8fb4d16871cefd9820f476666ae4b4fce9ea233,d2630d46f12e3337e921f8f8e8fb4d16871cefd9820f476666ae4b4fce9ea233,FM3_GATED_PRESCRIPTIVE,,0,0
095324d3a2934d785b21f45e2cd8b81711d736f0cc1cdb1f941d2ada9e0d4899,STAGE_3_FROZEN_FORMAL_EVALUATION,a2f89079fed77690df2dec5ad9bf63eb6f4055c7fff07e5e3d45670a68b0408c,a2f89079fed77690df2dec5ad9bf63eb6f4055c7fff07e5e3d45670a68b0408c,FM0_NO_MEMORY,,0,0
09e07486ade628759bd58ff55dcc6f321cd40aaf609aabd2fb94e50c96995fa8,STAGE_3_FROZEN_FORMAL_EVALUATION,76fc9b08fbde6d96ef97c08040f16d74e41d6876602f495cda03e1b797caa69e,76fc9b08fbde6d96ef97c08040f16d74e41d6876602f495cda03e1b797caa69e,FM0_NO_MEMORY,,0,0
0a15705fca03ab9adbe3904ed6d828b38ece25c8c5d30335e4dd0550d891be03,STAGE_3_FROZEN_FORMAL_EVALUATION,2e9df11c7fed1372b50b3f536b1e3ff1bc62c7a26c0fe7f7829c7632f3e1dcb0,2e9df11c7fed1372b50b3f536b1e3ff1bc62c7a26c0fe7f7829c7632f3e1dcb0,FM2_STRUCTURED_DESCRIPTIVE,,0,0
0a76efb11e9184b9ff72713ad6454cb13fb7be7bc162c3963793a8e0426d5b33,STAGE_3_FROZEN_FORMAL_EVALUATION,c190aefb826e6dfc8c5b9bf277f44ac0796d1e7946e00deefa378417c7e5f2fc,c190aefb826e6dfc8c5b9bf277f44ac0796d1e7946e00deefa378417c7e5f2fc,FM2_STRUCTURED_DESCRIPTIVE,,0,0
0a8eb2226ea61841390f02df1d57b230952929371dd6bf9ff506e5c368fe8a78,STAGE_3_FROZEN_FORMAL_EVALUATION,6fc53a258d57efdacadf197aa9c83d72665c1172de45e0b091ce636129f18425,6fc53a258d57efdacadf197aa9c83d72665c1172de45e0b091ce636129f18425,FM1_MATCHED_RAW_EPISODIC,,0,0
0ab4cf42f5ba2fe432af6d632e10efbade53e538eea33b9541cbdc953ce4acdc,STAGE_3_FROZEN_FORMAL_EVALUATION,ee53869fc560245e88ed4aba3e8b407fad5d2113b834c3381221e2cf4c199e45,ee53869fc560245e88ed4aba3e8b407fad5d2113b834c3381221e2cf4c199e45,FM2_STRUCTURED_DESCRIPTIVE,,0,0
0aba58396b8bed18749bedf68ecbd9b5975b6321024d93b7a1fa8a4f1c2a7172,STAGE_3_FROZEN_FORMAL_EVALUATION,a94ceae4b4b17ff847ddcd30d6fd0c221bf1845a7d6e9823a42474f0ad147a86,a94ceae4b4b17ff847ddcd30d6fd0c221bf1845a7d6e9823a42474f0ad147a86,FM3_GATED_PRESCRIPTIVE,,0,0
0ad136cedf49fb7bd814a35810eea2d625dd214d10488d0f0112039b821a298c,STAGE_3_FROZEN_FORMAL_EVALUATION,fcf9a567a1870c92176cfbbf345717fd602c6f42472a4eef765a70f80932d97e,fcf9a567a1870c92176cfbbf345717fd602c6f42472a4eef765a70f80932d97e,FM1_MATCHED_RAW_EPISODIC,,0,0
0ad75c73c611aee33349d04dc44b39bf2eccb2bef14a84e33013399067ffa669,STAGE_3_FROZEN_FORMAL_EVALUATION,88cd8b27aaa35c6cf5ea92dd8af4b767ab3c508f57ef4412e6cfffa0ee0860a9,88cd8b27aaa35c6cf5ea92dd8af4b767ab3c508f57ef4412e6cfffa0ee0860a9,FM1_MATCHED_RAW_EPISODIC,,0,0
0afdf3f018a225a8fba2aa18938bcde6621f1360147b8216d22438f7acb71d5e,STAGE_3_FROZEN_FORMAL_EVALUATION,df96a4214a7fe1239d0cd71a9f4886a49f7ff01fb0173870af783a8f896b29bc,df96a4214a7fe1239d0cd71a9f4886a49f7ff01fb0173870af783a8f896b29bc,FM2_STRUCTURED_DESCRIPTIVE,,0,0
0b0062ca4c89f89e15971cbf51afbfc34871fb4af96240b972181e3b6a46dd62,STAGE_3_FROZEN_FORMAL_EVALUATION,941c66f5ff8ef4367612a39fb0e21b793abebacd6bd15f6fc34d0d4a590db6d3,941c66f5ff8ef4367612a39fb0e21b793abebacd6bd15f6fc34d0d4a590db6d3,FM0_NO_MEMORY,,0,0
0b055bfbb0fca6f690009917ed7de5654276fba6e20d94d971ab5e4af2812dd4,STAGE_3_FROZEN_FORMAL_EVALUATION,7efa681d78530e269e983f870d327fa88e290193a05fbccd27b87bf5ecee5535,7efa681d78530e269e983f870d327fa88e290193a05fbccd27b87bf5ecee5535,FM3_GATED_PRESCRIPTIVE,,0,0
0b6227771b27c656d463e2e4877605afa8ba4f4148d67fb9aea7f1caa4425145,STAGE_3_FROZEN_FORMAL_EVALUATION,fdb12bcc334c7fb0108211cbeda8742821f6868b96af8ff0cb24bf81013d6ee5,fdb12bcc334c7fb0108211cbeda8742821f6868b96af8ff0cb24bf81013d6ee5,FM0_NO_MEMORY,,0,0
0b7695b6f6b6b050dbb67f2e85d8f8acbd88c55b7b7eea617eafbb55dccde9f9,STAGE_3_FROZEN_FORMAL_EVALUATION,32376a1849c7dfaea743d26b87eaca5b239a34ea43f3ba031292b2f3f8b29c58,32376a1849c7dfaea743d26b87eaca5b239a34ea43f3ba031292b2f3f8b29c58,FM1_MATCHED_RAW_EPISODIC,,0,0
0ba6a90d926bd51c588e5b2a250a531917b610b8421325f48572c38f26ca24d9,STAGE_3_FROZEN_FORMAL_EVALUATION,1b321d5a2a37713dd71dab6248689b263af426ba41ec0b56718f36c87ac40a29,1b321d5a2a37713dd71dab6248689b263af426ba41ec0b56718f36c87ac40a29,FM0_NO_MEMORY,,0,0
0c0b5664885ab9406c6160dd75a6e94c57fcb0d9543e5d2e6de81f04d628d1b9,STAGE_3_FROZEN_FORMAL_EVALUATION,2236e910ed5c0d96cb6aa1be5f7ba60e55290a53c8876416c5b67e87462a4af4,2236e910ed5c0d96cb6aa1be5f7ba60e55290a53c8876416c5b67e87462a4af4,FM0_NO_MEMORY,,0,0
0c25ba47bf26497d54c54abfa800669831f2a20b59256dfda6dc6c5c4ebdf5b6,STAGE_3_FROZEN_FORMAL_EVALUATION,caa80bd6f772d18ad7b6c910ea40c1c547de37625060237650b0a7044e812228,caa80bd6f772d18ad7b6c910ea40c1c547de37625060237650b0a7044e812228,FM1_MATCHED_RAW_EPISODIC,,0,0
0c2e9db41b0f0a7ff7c2b15b9eaddff9c62b457713337541f3d30828372f763b,STAGE_3_FROZEN_FORMAL_EVALUATION,9333e8922d6aec6a07767d7e3bbf20b7216e19bda2cb081a54d37fef0ff986eb,9333e8922d6aec6a07767d7e3bbf20b7216e19bda2cb081a54d37fef0ff986eb,FM1_MATCHED_RAW_EPISODIC,,0,0
0c337563a1a157147c8017efbf5900ca17a97b8cc1fa34422cbe7468f712b820,STAGE_3_FROZEN_FORMAL_EVALUATION,c8a61da53df787533b2a9b7483755aa04cbbf72edd02c33f7fd570004c1ce481,c8a61da53df787533b2a9b7483755aa04cbbf72edd02c33f7fd570004c1ce481,FM3_GATED_PRESCRIPTIVE,,0,0
0c3f2270a9c58bd08e399320bb3df730cd23ce5cb0eccca17b2004a689e8e15f,STAGE_3_FROZEN_FORMAL_EVALUATION,37e3c856d7b65ca7a07b743f784b969d53012951178d85417fc7a6f000a93612,37e3c856d7b65ca7a07b743f784b969d53012951178d85417fc7a6f000a93612,FM1_MATCHED_RAW_EPISODIC,,0,0
0c69c4572bb1bafbc4a16c10ae4d16fd1fe853e9060400bd6be849db5b83be0f,STAGE_3_FROZEN_FORMAL_EVALUATION,f850514f31e42da61c30c21b1572cc98a67425b355522c8ab670cbc367362e7c,f850514f31e42da61c30c21b1572cc98a67425b355522c8ab670cbc367362e7c,FM2_STRUCTURED_DESCRIPTIVE,,0,0
0c83e692a983799002ec0244f11ca4de462c0585e8aee527b1fdd9f66384f6ce,STAGE_3_FROZEN_FORMAL_EVALUATION,4f0df1dec9b157e5c76e099a68f0df0035e139305db1dcdaad50edd7ca6567c6,4f0df1dec9b157e5c76e099a68f0df0035e139305db1dcdaad50edd7ca6567c6,FM3_GATED_PRESCRIPTIVE,,0,0
0d62672608a186f7698ae9050196f38bb106a12130ca20c212a0a0b7251e6665,STAGE_3_FROZEN_FORMAL_EVALUATION,003493beb6024d0571a3fa54d666f48af8e00700a96f0aaffd0d7f9e4d772d95,003493beb6024d0571a3fa54d666f48af8e00700a96f0aaffd0d7f9e4d772d95,FM0_NO_MEMORY,,0,0
0df1375e37362b82b4b96788bb422195f4883b3a86e20a60840d5d2a9b57b0bf,STAGE_3_FROZEN_FORMAL_EVALUATION,e42d640224db33338b8a2e3e376aa73d552d7c945bac3e1c68e5069000d5ba39,e42d640224db33338b8a2e3e376aa73d552d7c945bac3e1c68e5069000d5ba39,FM3_GATED_PRESCRIPTIVE,,0,0
0faccd5fb02728ab287369377472e721cab3cf98eaae84a82c932c90689090f9,STAGE_3_FROZEN_FORMAL_EVALUATION,72331b2789142ff998a3542384e0af71eca024368204f5aa1dd138d9725115a3,72331b2789142ff998a3542384e0af71eca024368204f5aa1dd138d9725115a3,FM3_GATED_PRESCRIPTIVE,,0,0
0fd70cc7e396ddfd99f43cd25d9ac3bb7818072c1b412ec74840b23c27a7e078,STAGE_3_FROZEN_FORMAL_EVALUATION,ade458d758b8417ec467da6d368acb79762ed014960afaea9c2a6b5c64abce6c,ade458d758b8417ec467da6d368acb79762ed014960afaea9c2a6b5c64abce6c,FM3_GATED_PRESCRIPTIVE,,0,0
10935bc6e4f50d73421403f0b565f0d54720c661e2afbc9ecbee2b8d4971074f,STAGE_3_FROZEN_FORMAL_EVALUATION,e007082fd9dbb5689464c86f5303768562dbd65295e2e28d10272e3de9a7a541,e007082fd9dbb5689464c86f5303768562dbd65295e2e28d10272e3de9a7a541,FM3_GATED_PRESCRIPTIVE,,0,0
10dce5d880e4a1831dcbf1d65f2b09f9a7d461eb62e655e84dc822525a5c9299,STAGE_3_FROZEN_FORMAL_EVALUATION,16186e0b3272135a3b9123068f03ddedd919723a8e358c6d2907357b27af0f32,16186e0b3272135a3b9123068f03ddedd919723a8e358c6d2907357b27af0f32,FM2_STRUCTURED_DESCRIPTIVE,,0,0
113316473cef9d68a14fbb884d2c56a714f30a5f5ff6f7085a0b8fe68bc40ec4,STAGE_3_FROZEN_FORMAL_EVALUATION,d3cf2c5f964092dfea7178456f04959d1b56fc9da243696b83b4b7a5ef72b656,d3cf2c5f964092dfea7178456f04959d1b56fc9da243696b83b4b7a5ef72b656,FM0_NO_MEMORY,,0,0
116666512c139176fabcc2b313f3d768ad347d07c5deddbdec4c6abd8cb8c9bd,STAGE_3_FROZEN_FORMAL_EVALUATION,bdcc50683fa6c8723ec3a5f05aa1b9fe391300d35db0df8b9da07db579a7484d,bdcc50683fa6c8723ec3a5f05aa1b9fe391300d35db0df8b9da07db579a7484d,FM1_MATCHED_RAW_EPISODIC,,0,0
117225d0f63b010d28c03428d723cfe1f1c53cf180b6e30573147ee92262e135,STAGE_3_FROZEN_FORMAL_EVALUATION,83a179f2339c48ce868c42e9819c6d528d959260aa9c35f728097c5f007cac4f,83a179f2339c48ce868c42e9819c6d528d959260aa9c35f728097c5f007cac4f,FM3_GATED_PRESCRIPTIVE,,0,0
11a175dc061629bbb9c6812be63ec1bd1ae3117de3b2f37ac400a777a593dfd3,STAGE_3_FROZEN_FORMAL_EVALUATION,fb24b3dff92768b8c15b84c8c14964076dc7750b353328367208bb4a7ed2713f,fb24b3dff92768b8c15b84c8c14964076dc7750b353328367208bb4a7ed2713f,FM2_STRUCTURED_DESCRIPTIVE,,0,0
11db5d0d6bf75ecc02a04a8efa66c196e0fe34fa45b5d65e0b68d2bf1ee9f514,STAGE_3_FROZEN_FORMAL_EVALUATION,a8b37bbd99604124070c9db7c33c7a6fcb2016fc8a4194df51bbe3f4fb4e8e64,a8b37bbd99604124070c9db7c33c7a6fcb2016fc8a4194df51bbe3f4fb4e8e64,FM0_NO_MEMORY,,0,0
11dfa5e9e66c3515aad14201ac099c2753bcb33e2b40ae6d40e5a75627b3b3ff,STAGE_3_FROZEN_FORMAL_EVALUATION,787d7b1d6567c6f4df89749353667031edb54e991ec58f4ed7e74ceb9a390c8e,787d7b1d6567c6f4df89749353667031edb54e991ec58f4ed7e74ceb9a390c8e,FM0_NO_MEMORY,,0,0
11e5ba8972a91bf92d4457edd2c5d9828a5e20d8ed712612e5d42561ecb87213,STAGE_3_FROZEN_FORMAL_EVALUATION,453ee4ceb87996882d49890ebfb7ef66bbd799aab136fb16b65e9c85353f3e7d,453ee4ceb87996882d49890ebfb7ef66bbd799aab136fb16b65e9c85353f3e7d,FM3_GATED_PRESCRIPTIVE,,0,0
121e3f518ca8534104fdd7e504ec88001744a9fe26de3536e0451e6ebfb71a43,STAGE_3_FROZEN_FORMAL_EVALUATION,d2630d46f12e3337e921f8f8e8fb4d16871cefd9820f476666ae4b4fce9ea233,d2630d46f12e3337e921f8f8e8fb4d16871cefd9820f476666ae4b4fce9ea233,FM1_MATCHED_RAW_EPISODIC,,0,0
126383e8b8552597393cfd0eb005656f4d9c13fece9cdfed545c0aa1ae8a5cd9,STAGE_3_FROZEN_FORMAL_EVALUATION,8b77d955a9219274e8a9df633cb772b54b6d228697e33b3bca61ce72ce34b405,8b77d955a9219274e8a9df633cb772b54b6d228697e33b3bca61ce72ce34b405,FM3_GATED_PRESCRIPTIVE,,0,0
12710a86aeb8309d4adc7282cd8f238df0902a7982728dfad5394b7b6b13863e,STAGE_3_FROZEN_FORMAL_EVALUATION,6eaa61931c40de01d16e3e38a7cf3dea43b9363b4f2e63d0fd813d11c0c4fa5b,6eaa61931c40de01d16e3e38a7cf3dea43b9363b4f2e63d0fd813d11c0c4fa5b,FM0_NO_MEMORY,,0,0
132e001ecb993d8987c052f4903fbe95fa71918fbe4a90cf216d3507841075ae,STAGE_3_FROZEN_FORMAL_EVALUATION,bdcc50683fa6c8723ec3a5f05aa1b9fe391300d35db0df8b9da07db579a7484d,bdcc50683fa6c8723ec3a5f05aa1b9fe391300d35db0df8b9da07db579a7484d,FM2_STRUCTURED_DESCRIPTIVE,,0,0
134d0ef68e54ab34fd001fc4c9ab0656bdcbc008a4e8ecea150a9f95fea6cff6,STAGE_3_FROZEN_FORMAL_EVALUATION,400d14f5692f0dd6c3f48bb46619af0ff17ba916e13a74db8c0ace03ccbb70bd,400d14f5692f0dd6c3f48bb46619af0ff17ba916e13a74db8c0ace03ccbb70bd,FM2_STRUCTURED_DESCRIPTIVE,,0,0
13a4d9f1146198ca332db529bb162e6ddc147f1fca1b96edfc115c41a050b825,STAGE_3_FROZEN_FORMAL_EVALUATION,c204693144acf4903fe866263771b44e21f2c6524174dc5c60cc075a9236dd8e,c204693144acf4903fe866263771b44e21f2c6524174dc5c60cc075a9236dd8e,FM2_STRUCTURED_DESCRIPTIVE,,0,0
13b956f16f5a527585e5e4ce9ff167bfd2c84b59510d72e12c8819098b4acd4b,STAGE_3_FROZEN_FORMAL_EVALUATION,9061b26c447a5f389f52355bc6a5c9c3c5c361b472087d801e5ce69576deea5d,9061b26c447a5f389f52355bc6a5c9c3c5c361b472087d801e5ce69576deea5d,FM2_STRUCTURED_DESCRIPTIVE,,0,0
13dcd05fb352f93c6fa280df73591f83e3363fdedad148d28b3aaee5538db4e9,STAGE_3_FROZEN_FORMAL_EVALUATION,2a326c9d5d194b28c4780dd4a611dbc7f6fda7ab51fb0eb3073e309b9284681e,2a326c9d5d194b28c4780dd4a611dbc7f6fda7ab51fb0eb3073e309b9284681e,FM3_GATED_PRESCRIPTIVE,,0,0
140965d8aa26a1ecb7d562fbe10f539340d82950a06620d51f4a02b508d52eb1,STAGE_3_FROZEN_FORMAL_EVALUATION,913bb5b1a7a794e8eb46a5c5f5479dee57f7670dbeee5bdf4a2499a759523fb5,913bb5b1a7a794e8eb46a5c5f5479dee57f7670dbeee5bdf4a2499a759523fb5,FM3_GATED_PRESCRIPTIVE,,0,0
147759793e6ebb53d0b3f4a9484618aa12cdad7857e8f1f0f9f64059347b25d6,STAGE_3_FROZEN_FORMAL_EVALUATION,58b95fbce310d039f490a621902f14851e5b948a2cd9f7a4012bca7e173d0918,58b95fbce310d039f490a621902f14851e5b948a2cd9f7a4012bca7e173d0918,FM0_NO_MEMORY,,0,0
14fe6bd600d1564da61c8e0b76a7af0f00d9d29523f615b674c42068cdcf79b9,STAGE_3_FROZEN_FORMAL_EVALUATION,b65d7bfe8da830f4ef12ff6cd6a61b637ec630a76781ad725541f9803a118003,b65d7bfe8da830f4ef12ff6cd6a61b637ec630a76781ad725541f9803a118003,FM0_NO_MEMORY,,0,0
151641f88a6c97d17340731287500bf02baa7af232b67831fd4cd882fac97192,STAGE_3_FROZEN_FORMAL_EVALUATION,9eabea3d7d28b8c40dfeff869c8a7255802f9335a828b9d67b2189ba15a57c1f,9eabea3d7d28b8c40dfeff869c8a7255802f9335a828b9d67b2189ba15a57c1f,FM1_MATCHED_RAW_EPISODIC,,0,0
157f6f78adeaf4a4dfac0338e1f1e33b0972aa0c916c843370281f9d0f011370,STAGE_3_FROZEN_FORMAL_EVALUATION,1191792376f591acb634ecea8da3085e2521dad5c710b9d9a90ef162b1356e7a,1191792376f591acb634ecea8da3085e2521dad5c710b9d9a90ef162b1356e7a,FM2_STRUCTURED_DESCRIPTIVE,,0,0
15d13be1322558abb8e887f96e601cdc6cb8752c2b3453b52aeea7b9cf1a5b0f,STAGE_3_FROZEN_FORMAL_EVALUATION,2a326c9d5d194b28c4780dd4a611dbc7f6fda7ab51fb0eb3073e309b9284681e,2a326c9d5d194b28c4780dd4a611dbc7f6fda7ab51fb0eb3073e309b9284681e,FM1_MATCHED_RAW_EPISODIC,,0,0
15e278e98f8bb3cc7e83603175a277eb7be9919e7fd2520ee8cd13c67a8ef2fe,STAGE_3_FROZEN_FORMAL_EVALUATION,ff3faf0528b470b5433e01c605858a10e2f9bd60322a0ce6ce4af69ed3560e5b,ff3faf0528b470b5433e01c605858a10e2f9bd60322a0ce6ce4af69ed3560e5b,FM3_GATED_PRESCRIPTIVE,,0,0
15e38281724249d6b2ff343c0a8bbe4e8fbb5c8ad1077ce313a1762fd4d2be2e,STAGE_3_FROZEN_FORMAL_EVALUATION,395816af774fd4bf554cc547f74905254e4031f4b2ca51abb20bec5f61665334,395816af774fd4bf554cc547f74905254e4031f4b2ca51abb20bec5f61665334,FM0_NO_MEMORY,,0,0
16386a7b39b90803b434971fe8c857d9337ad5023a2ad6bb1c8e8d6027df3101,STAGE_3_FROZEN_FORMAL_EVALUATION,6c5ffa674deb34afcf22c7c7bfab19e4bb88f24dbdde04851695cee3d698165a,6c5ffa674deb34afcf22c7c7bfab19e4bb88f24dbdde04851695cee3d698165a,FM3_GATED_PRESCRIPTIVE,,0,0
1642c6bd7d32dd4ba109454707af4223f9ba1434e336fb3610fd709c6b5af145,STAGE_3_FROZEN_FORMAL_EVALUATION,58b95fbce310d039f490a621902f14851e5b948a2cd9f7a4012bca7e173d0918,58b95fbce310d039f490a621902f14851e5b948a2cd9f7a4012bca7e173d0918,FM1_MATCHED_RAW_EPISODIC,,0,0
1650bc1b6df30e9ea5124d3a5fe7aecb3f692d763ee0584943289d70c449c5c5,STAGE_3_FROZEN_FORMAL_EVALUATION,9eabea3d7d28b8c40dfeff869c8a7255802f9335a828b9d67b2189ba15a57c1f,9eabea3d7d28b8c40dfeff869c8a7255802f9335a828b9d67b2189ba15a57c1f,FM0_NO_MEMORY,,0,0
165b2660cc2a9e7a934d1f063da40a15c87c390452b44a1d7d88121f9043ac91,STAGE_3_FROZEN_FORMAL_EVALUATION,f8c043123df07f1668705685435925d69bfb37d945ab30fbea703fe36ef751ad,f8c043123df07f1668705685435925d69bfb37d945ab30fbea703fe36ef751ad,FM2_STRUCTURED_DESCRIPTIVE,,0,0
16c1cb529d8956bb8b727b230313a85a32dde06f651cd175dc6327fbbe5abf4a,STAGE_3_FROZEN_FORMAL_EVALUATION,dde148f6373bfdc2afda6af94e6a5f5e304573a08bef9541cec885a60099b568,dde148f6373bfdc2afda6af94e6a5f5e304573a08bef9541cec885a60099b568,FM0_NO_MEMORY,,0,0
16c4c7bc18a03e2ea308191867cc88ead90431ebb159eb6d5551eb93e1c66d48,STAGE_3_FROZEN_FORMAL_EVALUATION,ba1b1f73776dc0f15634ed431208474317679798d5295bcc07605b21ebda1672,ba1b1f73776dc0f15634ed431208474317679798d5295bcc07605b21ebda1672,FM2_STRUCTURED_DESCRIPTIVE,,0,0
16d0ca47eab1561c0a7ce91638a29c8a0d53e64cf1065197161452bcf1ce886e,STAGE_3_FROZEN_FORMAL_EVALUATION,4fbe8b2ff593bb5651cd9730276b52ff2aae7f5f85d4c09ac2de2123da6f5ee5,4fbe8b2ff593bb5651cd9730276b52ff2aae7f5f85d4c09ac2de2123da6f5ee5,FM3_GATED_PRESCRIPTIVE,,0,0
16fc078d39d8b365317f997d0df892fe34c7a3327f5306b3d7f89c7dec7cdc7e,STAGE_3_FROZEN_FORMAL_EVALUATION,b65d7bfe8da830f4ef12ff6cd6a61b637ec630a76781ad725541f9803a118003,b65d7bfe8da830f4ef12ff6cd6a61b637ec630a76781ad725541f9803a118003,FM1_MATCHED_RAW_EPISODIC,,0,0
175acbe0a41b095409dd17f3d49821d68427d27b0d450064139f14871493dec8,STAGE_3_FROZEN_FORMAL_EVALUATION,f28e1a1fe16d3b061bd4d149b82099b83dcb5b842fdb555ecd859fceee45b5d7,f28e1a1fe16d3b061bd4d149b82099b83dcb5b842fdb555ecd859fceee45b5d7,FM3_GATED_PRESCRIPTIVE,,0,0
17f07f3d56d5cd1449c0f40fa6ed831196608baacda937f7c0d3156d2fcf44cb,STAGE_3_FROZEN_FORMAL_EVALUATION,fd2efce47d9af9e913bdebb7d97e2588c8ef214b0b4e07bf67f3675140199bda,fd2efce47d9af9e913bdebb7d97e2588c8ef214b0b4e07bf67f3675140199bda,FM2_STRUCTURED_DESCRIPTIVE,,0,0
17f92ed050e568ed2dcbc16cd8497aeec3f41f3102e1a39f3401975de525bd02,STAGE_3_FROZEN_FORMAL_EVALUATION,2df4a3e9f33b35ae33196d738c0b2b9be6bf934815ee6c56560840e09964d159,2df4a3e9f33b35ae33196d738c0b2b9be6bf934815ee6c56560840e09964d159,FM1_MATCHED_RAW_EPISODIC,,0,0
183cfba7105ea8b297d4f897d16327bfc48227e18ab5892a97ca5eb2ecb21a1c,STAGE_3_FROZEN_FORMAL_EVALUATION,e0aee4f850eb8f0c64ef77e40ea5a6114ef69b07ba480744c539219ce15026a7,e0aee4f850eb8f0c64ef77e40ea5a6114ef69b07ba480744c539219ce15026a7,FM0_NO_MEMORY,,0,0
1840b8581ab00b8b1b02dd229bb561e3ee4394554e67ea0f5d2e1f677b41d6d9,STAGE_3_FROZEN_FORMAL_EVALUATION,d3cf2c5f964092dfea7178456f04959d1b56fc9da243696b83b4b7a5ef72b656,d3cf2c5f964092dfea7178456f04959d1b56fc9da243696b83b4b7a5ef72b656,FM3_GATED_PRESCRIPTIVE,,0,0
186074a48eb13ff65cca74b54cec477584eb86093d7294b216f06ba030bf1d97,STAGE_3_FROZEN_FORMAL_EVALUATION,afd2da8642fc2623772e8d3f18113656c786179bbf98b2fac049f0a4dc5221ac,afd2da8642fc2623772e8d3f18113656c786179bbf98b2fac049f0a4dc5221ac,FM0_NO_MEMORY,,0,0
189b719bea74592c2b9a47550316acd9b6aad5fe8ba43fdb647757b2b8ff69f7,STAGE_3_FROZEN_FORMAL_EVALUATION,3c96fcc7d27dd498cdd1b3439dafedf1af5dccc95c8f067008f2bbe6e2b60822,3c96fcc7d27dd498cdd1b3439dafedf1af5dccc95c8f067008f2bbe6e2b60822,FM0_NO_MEMORY,,0,0
18c013d34390fbec48ec5d097df85a8bdb30256e89d70b3e147e5534ac58fae2,STAGE_3_FROZEN_FORMAL_EVALUATION,9ddcc003f32db2db39290984fb2d1819e6364bf3cafcc89e5ca42ff77f61af9f,9ddcc003f32db2db39290984fb2d1819e6364bf3cafcc89e5ca42ff77f61af9f,FM3_GATED_PRESCRIPTIVE,,0,0
1906aff685e9f207040b44daaea8f1ba9eafd4e05ac4c223dd136a9fbb602adb,STAGE_3_FROZEN_FORMAL_EVALUATION,b306e222a2a3fd0f1a04d60a97fed88cea15a7c59782227910110cb968a79bd0,b306e222a2a3fd0f1a04d60a97fed88cea15a7c59782227910110cb968a79bd0,FM2_STRUCTURED_DESCRIPTIVE,,0,0
190e4d9561838c549553459f29d3a981b939857a97f8971c6f59ef8a1f7a1f6c,STAGE_3_FROZEN_FORMAL_EVALUATION,1f713258cf7ccd65b75b595b4a71a921426786dc5d7496c61071c176a600c6a0,1f713258cf7ccd65b75b595b4a71a921426786dc5d7496c61071c176a600c6a0,FM1_MATCHED_RAW_EPISODIC,,0,0
1914a430ea8aab87e13f2d9ea6d18c5926b996196bd921dda85b6104374de6a9,STAGE_3_FROZEN_FORMAL_EVALUATION,b2d62e04f90466ef2aaf9ef221ada9fb4f5d19538c6d3f82a941365ac7ec2cea,b2d62e04f90466ef2aaf9ef221ada9fb4f5d19538c6d3f82a941365ac7ec2cea,FM3_GATED_PRESCRIPTIVE,,0,0
19405108f9e52cacda9512841cf02c479dd0be7601ba84254379ac4c16161a7d,STAGE_3_FROZEN_FORMAL_EVALUATION,32376a1849c7dfaea743d26b87eaca5b239a34ea43f3ba031292b2f3f8b29c58,32376a1849c7dfaea743d26b87eaca5b239a34ea43f3ba031292b2f3f8b29c58,FM0_NO_MEMORY,,0,0
1949de574c117d0ce112399c99568dc64e9ef71d93996162455b6d41a8d2ab35,STAGE_3_FROZEN_FORMAL_EVALUATION,e38e5758b56c3ddc3addd7d391651c0eaacbc8e355d07b45d052202203610b11,e38e5758b56c3ddc3addd7d391651c0eaacbc8e355d07b45d052202203610b11,FM3_GATED_PRESCRIPTIVE,,0,0
194dbbd533777c7dd3162def59f59af1ff189bc7332edeea23ecfdd663b80f84,STAGE_3_FROZEN_FORMAL_EVALUATION,3d19a2c079ecee1b216a9457a0db9fc24fe78568925c8bcea49af7b14012f8f2,3d19a2c079ecee1b216a9457a0db9fc24fe78568925c8bcea49af7b14012f8f2,FM3_GATED_PRESCRIPTIVE,,0,0
196aac462b50523fd8fdd9d3d3e99dd0a650326d6d61c048eb40052b3c499f48,STAGE_3_FROZEN_FORMAL_EVALUATION,2be74b9b4e63b9edd26f27b183dc998adc7437be84d20fe45456659833c56389,2be74b9b4e63b9edd26f27b183dc998adc7437be84d20fe45456659833c56389,FM3_GATED_PRESCRIPTIVE,,0,0
19e96550e08cb7b3eefff70714b91562f69ea8e4a8a039b9ebf9a0ea258640dc,STAGE_3_FROZEN_FORMAL_EVALUATION,2bffeb8054375400c6bd6f014c93457ce2320292a45cceb13173131612ad0069,2bffeb8054375400c6bd6f014c93457ce2320292a45cceb13173131612ad0069,FM3_GATED_PRESCRIPTIVE,,0,0
1a1dc71070fc199144f27e665dfa8bc6304fc982f7da58e2db7ed816d43f2067,STAGE_3_FROZEN_FORMAL_EVALUATION,98bc1723fc55e9f5fd5201d11742f41b47d1597f1cb3c6719f734bf786918933,98bc1723fc55e9f5fd5201d11742f41b47d1597f1cb3c6719f734bf786918933,FM3_GATED_PRESCRIPTIVE,,0,0
1a1f33ddc111c5966a2f5f7e49b0401767bca363180773a73216e6cd00d8ecfe,STAGE_3_FROZEN_FORMAL_EVALUATION,5bb883bb11aabe259d58e3e727e4edb4374641e172c4166e86121d14b71655c6,5bb883bb11aabe259d58e3e727e4edb4374641e172c4166e86121d14b71655c6,FM1_MATCHED_RAW_EPISODIC,,0,0
1a209010afe07c8c7614815a722ee8c733238d5e8605f93206b5d01ee5edd97f,STAGE_3_FROZEN_FORMAL_EVALUATION,6d138bd4feb3272a84eece56ecbd9da2d5466ba0f85bfb07ff66a54ec4cc56b0,6d138bd4feb3272a84eece56ecbd9da2d5466ba0f85bfb07ff66a54ec4cc56b0,FM1_MATCHED_RAW_EPISODIC,,0,0
1a767742c4d4dfe39de4ffb49b235fd7dfe853d202830111240a06fc3a047b4b,STAGE_3_FROZEN_FORMAL_EVALUATION,1edafa1fdaa214d529d3610c0587f9bc0c25f0677c86ca1e9f4191815f7fcdea,1edafa1fdaa214d529d3610c0587f9bc0c25f0677c86ca1e9f4191815f7fcdea,FM1_MATCHED_RAW_EPISODIC,,0,0
1aa31484c1794be3a39568cb9ead0d84a63eae035bc939ed7cf083fab1353777,STAGE_3_FROZEN_FORMAL_EVALUATION,5abbf1fe79627321f5936f5f5928273fc76014c200fb48081a73ffb67b1e8aa7,5abbf1fe79627321f5936f5f5928273fc76014c200fb48081a73ffb67b1e8aa7,FM3_GATED_PRESCRIPTIVE,,0,0
1ab7a05220deab1f187b6f753b6a561f694a4c29383936c0a512a3aa3ccb4a95,STAGE_3_FROZEN_FORMAL_EVALUATION,9ac0725f419e87dfab0ddd41aaa5b20a793ef985c6912fd90b54ee7234f16a54,9ac0725f419e87dfab0ddd41aaa5b20a793ef985c6912fd90b54ee7234f16a54,FM1_MATCHED_RAW_EPISODIC,,0,0
1ac4724d736a2132a44d5ac2bf09fa47306c05e4fec363d0205ca5d281775d22,STAGE_3_FROZEN_FORMAL_EVALUATION,fa75124b1dd987fd34505f6d3de70426d1e43bea9dd379c3fd58cca020663ff9,fa75124b1dd987fd34505f6d3de70426d1e43bea9dd379c3fd58cca020663ff9,FM0_NO_MEMORY,,0,0
1acc7c5eab45e89d1fd89a75a899651c5310be8446e61c624ed90aa06a03d782,STAGE_3_FROZEN_FORMAL_EVALUATION,f37c0084751707c0ca56375140c69b3797d7c71577b7896f29d84ca7f900a77b,f37c0084751707c0ca56375140c69b3797d7c71577b7896f29d84ca7f900a77b,FM0_NO_MEMORY,,0,0
1afeeed3e99f2d719495d6434f8db8abba6dd4278e44f16715bd137aaae5db55,STAGE_3_FROZEN_FORMAL_EVALUATION,34f0e800e86f45f20d8e4d8ea1649d5f882af7e99fe44db270a3f268f707ef0d,34f0e800e86f45f20d8e4d8ea1649d5f882af7e99fe44db270a3f268f707ef0d,FM0_NO_MEMORY,,0,0
1b2c5e24d0e5f2781d483fc3a13c994304374b4d59db84e32e040f8f5c59e178,STAGE_3_FROZEN_FORMAL_EVALUATION,645f36c72ef39192be89c8ead643822d988b1d07ec5f7a645f1e41549f814c2b,645f36c72ef39192be89c8ead643822d988b1d07ec5f7a645f1e41549f814c2b,FM1_MATCHED_RAW_EPISODIC,,0,0
1b5570f8f4cb7edcb8422c38fc7fad0639148d32e1f0043af16963d5f002f1e4,STAGE_3_FROZEN_FORMAL_EVALUATION,f43a9c21b95447ad2dc23ab3833ed58b57a517d511b19864aff293253dba6125,f43a9c21b95447ad2dc23ab3833ed58b57a517d511b19864aff293253dba6125,FM2_STRUCTURED_DESCRIPTIVE,,0,0
1b6aa2f462602803b2ae255bb16f7106232145b849ef5339d0a566b203a388fe,STAGE_3_FROZEN_FORMAL_EVALUATION,c873f7f4202e3594f83a6de5352fef5518214937a708d661dba5e5b19e54b552,c873f7f4202e3594f83a6de5352fef5518214937a708d661dba5e5b19e54b552,FM3_GATED_PRESCRIPTIVE,,0,0
1b6c028821cba55e608ab82d89012b9832e159f6db05db4808fa11ebc4655ee7,STAGE_3_FROZEN_FORMAL_EVALUATION,a94ceae4b4b17ff847ddcd30d6fd0c221bf1845a7d6e9823a42474f0ad147a86,a94ceae4b4b17ff847ddcd30d6fd0c221bf1845a7d6e9823a42474f0ad147a86,FM1_MATCHED_RAW_EPISODIC,,0,0
1b8555cd973338593c3f00f02366300761c84ba1c19e050c6d7b3d6dc79474f8,STAGE_3_FROZEN_FORMAL_EVALUATION,3f231b5689ebd32ff89df5fda53d2d4daedd4eb16dd111822c78c63c861045a3,3f231b5689ebd32ff89df5fda53d2d4daedd4eb16dd111822c78c63c861045a3,FM0_NO_MEMORY,,0,0
1bf1e4c774c190c95b7d54909ea4eec0019c1c1b489932e98fea1e55fed736fa,STAGE_3_FROZEN_FORMAL_EVALUATION,d12dce031eea9781c0b8debef770becaa8ccfed3ba2371669b958b0062969819,d12dce031eea9781c0b8debef770becaa8ccfed3ba2371669b958b0062969819,FM0_NO_MEMORY,,0,0
1c5575df97d2e9c8fe5233dd010ba77651cc3b229b95b1c3ce0adcd98fc79121,STAGE_3_FROZEN_FORMAL_EVALUATION,3a742c362945a800f18a5ad57e5701986ba4f7b4cde6c04845796e0551649d17,3a742c362945a800f18a5ad57e5701986ba4f7b4cde6c04845796e0551649d17,FM0_NO_MEMORY,,0,0
1cb25fdf6c96737a61fdbd063d7206be994278a3d9c9ca7bc6e15fe3f11a15fb,STAGE_3_FROZEN_FORMAL_EVALUATION,135630e66a82eac380a5099292d384c77eb34719a5b9fa7b74cf263d85e919d6,135630e66a82eac380a5099292d384c77eb34719a5b9fa7b74cf263d85e919d6,FM2_STRUCTURED_DESCRIPTIVE,,0,0
1d79fdedb752c0181ea724fa8c09e27ae3e9473893ab94946c6f53bc2316f396,STAGE_3_FROZEN_FORMAL_EVALUATION,c684cc103e12d427aaf5148f563e0c0a08d655de2189ffb133f44b302597dcfd,c684cc103e12d427aaf5148f563e0c0a08d655de2189ffb133f44b302597dcfd,FM1_MATCHED_RAW_EPISODIC,,0,0
1dd480524ac3cb908f731518dc972819a62c1a232b772d7cea68a83cac2cf2da,STAGE_3_FROZEN_FORMAL_EVALUATION,2f1a003fd0355c645d71e613db0ae974f3310e2528da4b163bbb8b3d4d15b6c3,2f1a003fd0355c645d71e613db0ae974f3310e2528da4b163bbb8b3d4d15b6c3,FM1_MATCHED_RAW_EPISODIC,,0,0
1dec9882b0c44f8ecccf88e82e6f7934f4f85dd71a07cac2e299ccbf1ca28652,STAGE_3_FROZEN_FORMAL_EVALUATION,1f144d6f19febefc941beddbf8940e69600eb3df412769b259b52c14e487a739,1f144d6f19febefc941beddbf8940e69600eb3df412769b259b52c14e487a739,FM0_NO_MEMORY,,0,0
1df84978258a197a1faac28f75e8f48332324cae245510cc9766c1f0469eaead,STAGE_3_FROZEN_FORMAL_EVALUATION,bd8aa757af6e3f896eca38f90cc154a0b11d980dc1e91ef14a91266ff8ec4298,bd8aa757af6e3f896eca38f90cc154a0b11d980dc1e91ef14a91266ff8ec4298,FM2_STRUCTURED_DESCRIPTIVE,,0,0
1e05b7fdfafd73bb1246aa068c8a391db19319676d62fc56c06be6a7e4c24b25,STAGE_3_FROZEN_FORMAL_EVALUATION,9ac0725f419e87dfab0ddd41aaa5b20a793ef985c6912fd90b54ee7234f16a54,9ac0725f419e87dfab0ddd41aaa5b20a793ef985c6912fd90b54ee7234f16a54,FM0_NO_MEMORY,,0,0
1e299acbebbe0366c8e7d88da1d02870b242568bc091c61c2130366522ad356e,STAGE_3_FROZEN_FORMAL_EVALUATION,910d0c1275986da52a6550263c9c766b5c0b5a4e4286c651dbc53e1410a6f009,910d0c1275986da52a6550263c9c766b5c0b5a4e4286c651dbc53e1410a6f009,FM2_STRUCTURED_DESCRIPTIVE,,0,0
1e8ccc79d9c8abde1e78e9ceee074e980305592a9f41d01466619cbca6a415f4,STAGE_3_FROZEN_FORMAL_EVALUATION,dd4f7c2bb7de5e881412d7871b220413ba6c05d620c5f47c55bcc00eb7cedb38,dd4f7c2bb7de5e881412d7871b220413ba6c05d620c5f47c55bcc00eb7cedb38,FM0_NO_MEMORY,,0,0
1ed3f1288c2b17d653cfcc9adab9bea225a7133ee3e3854c0df0a802434f5c4f,STAGE_3_FROZEN_FORMAL_EVALUATION,dd4f7c2bb7de5e881412d7871b220413ba6c05d620c5f47c55bcc00eb7cedb38,dd4f7c2bb7de5e881412d7871b220413ba6c05d620c5f47c55bcc00eb7cedb38,FM3_GATED_PRESCRIPTIVE,,0,0
1eed9b1177dea88e8f24a7e6a0771bfe8ea3b64ea42d37ed4b8dfda8949956f9,STAGE_3_FROZEN_FORMAL_EVALUATION,6353e63200064e2d08408ca252123a12691ea29742dbb879ca7b30f76e0c2b28,6353e63200064e2d08408ca252123a12691ea29742dbb879ca7b30f76e0c2b28,FM2_STRUCTURED_DESCRIPTIVE,,0,0
1ef7552190517b1db4ec3e66e9b24ea7b70cc52a99b8dd470b589ec5c9f6f9ff,STAGE_3_FROZEN_FORMAL_EVALUATION,de8d9035871e434a2fe8aa94e9a83d7e01ea59665735df8fb30c24a81b73c622,de8d9035871e434a2fe8aa94e9a83d7e01ea59665735df8fb30c24a81b73c622,FM2_STRUCTURED_DESCRIPTIVE,,0,0
1f92d23a62641ac2b3ee1e3f7783686bf5e6345bf4a54aa8ef4dd42b85acb2bc,STAGE_3_FROZEN_FORMAL_EVALUATION,e70d74caf52f707eb408f61fde844b3fe1e4f04793625c9912a3d9ff828f6531,e70d74caf52f707eb408f61fde844b3fe1e4f04793625c9912a3d9ff828f6531,FM1_MATCHED_RAW_EPISODIC,,0,0
1f984d8bbc9a6b8f3c849145f75568fe3c95ba9e44c1aeb091ff4f483d87b4b4,STAGE_3_FROZEN_FORMAL_EVALUATION,16153c638df26c225bdcb2558227feb7ca977dbd854fc132eef2078992582c89,16153c638df26c225bdcb2558227feb7ca977dbd854fc132eef2078992582c89,FM3_GATED_PRESCRIPTIVE,,0,0
1ff651f7560edf178a605b023bb0f824700ab28ed977c0345fbd6a276c0cb4df,STAGE_3_FROZEN_FORMAL_EVALUATION,c684cc103e12d427aaf5148f563e0c0a08d655de2189ffb133f44b302597dcfd,c684cc103e12d427aaf5148f563e0c0a08d655de2189ffb133f44b302597dcfd,FM0_NO_MEMORY,,0,0
1ffcbff643dd35dd4ead12eaf081b87a5704c2ffc8989ad549ff61185ed7cac0,STAGE_3_FROZEN_FORMAL_EVALUATION,76035d685eef338415ae2754b2ea02214b0d4346701324b0ab219d2f7a1ce5bd,76035d685eef338415ae2754b2ea02214b0d4346701324b0ab219d2f7a1ce5bd,FM2_STRUCTURED_DESCRIPTIVE,,0,0
2021b82b85bb873195710e4fd5606b4a4e87db98515cdcb4e664113dc85feba1,STAGE_3_FROZEN_FORMAL_EVALUATION,37e3c856d7b65ca7a07b743f784b969d53012951178d85417fc7a6f000a93612,37e3c856d7b65ca7a07b743f784b969d53012951178d85417fc7a6f000a93612,FM0_NO_MEMORY,,0,0
204b9f2cf4b58e45b3f2293a43ac4fe5b7446f36ff281c54edaf89e8947b4492,STAGE_3_FROZEN_FORMAL_EVALUATION,489c4b77dffccefd2162cd6a1f01aead570180e96a786561d19ba28f78e0a80e,489c4b77dffccefd2162cd6a1f01aead570180e96a786561d19ba28f78e0a80e,FM2_STRUCTURED_DESCRIPTIVE,,0,0
2069cfe8d9991c394a3cd6dea342b7372918ab5f02c3d924fef1b29df037a5e7,STAGE_3_FROZEN_FORMAL_EVALUATION,8d870094be7858046fe5a6a7d84116ca39a67522fd65bc0a69595c0d5b51ac88,8d870094be7858046fe5a6a7d84116ca39a67522fd65bc0a69595c0d5b51ac88,FM0_NO_MEMORY,,0,0
206ae0353e7d5d31f2b5d147b3a41a8798347ba6ced3491a7fb2dd97584b3b38,STAGE_3_FROZEN_FORMAL_EVALUATION,3f72df965c1ab08042dcc8e82955b09eda454ed01e118c3b166c3be3bec2ae2e,3f72df965c1ab08042dcc8e82955b09eda454ed01e118c3b166c3be3bec2ae2e,FM0_NO_MEMORY,,0,0
20b22f3dfbcbea3dedd37593ac30a4423ea0ce4e6b761a4960a1af9d9c7e28e9,STAGE_3_FROZEN_FORMAL_EVALUATION,798f26082685163a1df0e3e62738808eb7c975e84531b94cb0abec9592cea7c6,798f26082685163a1df0e3e62738808eb7c975e84531b94cb0abec9592cea7c6,FM3_GATED_PRESCRIPTIVE,,0,0
20ea26d9bb93791bc00313ff5f29c0f54da52efac82178d9bdaa6240a9a8beb7,STAGE_3_FROZEN_FORMAL_EVALUATION,0b4e3161f84f42332f88ae31537c531ece103d0c77825e07185dc1980e265e34,0b4e3161f84f42332f88ae31537c531ece103d0c77825e07185dc1980e265e34,FM3_GATED_PRESCRIPTIVE,,0,0
20f422f03913312b5184820cb1977ea30ff078810aca8ea860be3cf56acf13aa,STAGE_3_FROZEN_FORMAL_EVALUATION,5f2e47105b1649a4394a8a8a2ef7bbeeb3fd23067776b3d63b75870b1e592f70,5f2e47105b1649a4394a8a8a2ef7bbeeb3fd23067776b3d63b75870b1e592f70,FM2_STRUCTURED_DESCRIPTIVE,,0,0
21456f3247901cfcd38a25d3ca7887b2dffe315c9f76a15be5836ad431f810fa,STAGE_3_FROZEN_FORMAL_EVALUATION,bd8aa757af6e3f896eca38f90cc154a0b11d980dc1e91ef14a91266ff8ec4298,bd8aa757af6e3f896eca38f90cc154a0b11d980dc1e91ef14a91266ff8ec4298,FM3_GATED_PRESCRIPTIVE,,0,0
215749362c06f7e01a2de3120cc510ac6df17f43229728add573164f0f566cc4,STAGE_3_FROZEN_FORMAL_EVALUATION,8c5007b8c62721da9c2834e6fbabb7231dd921cdb31635bf7ad95a300819298c,8c5007b8c62721da9c2834e6fbabb7231dd921cdb31635bf7ad95a300819298c,FM0_NO_MEMORY,,0,0
2191052d8389ed2a2e423547181c3818f213762221fbcf47c8e480da9856bf5b,STAGE_3_FROZEN_FORMAL_EVALUATION,397b48bd18e693d0194eaaf50e468b5b1f6d0c6f1303b17bba5d617f8a1ab9b1,397b48bd18e693d0194eaaf50e468b5b1f6d0c6f1303b17bba5d617f8a1ab9b1,FM3_GATED_PRESCRIPTIVE,,0,0
21c6e5cdc26a40bac54ba693e844088466efc1d073147c52ea9eb325877bb224,STAGE_3_FROZEN_FORMAL_EVALUATION,111aa5985a41c8a7d6d87f78966d3c3f7acf1570415d0e21af03450342bf4051,111aa5985a41c8a7d6d87f78966d3c3f7acf1570415d0e21af03450342bf4051,FM0_NO_MEMORY,,0,0
21fac4a0f5e6c2e21065fc1d382651895eb5991ffbeb07094d8e03410a7c7d66,STAGE_3_FROZEN_FORMAL_EVALUATION,65c2c2cfd5192b7e281fe5700e5452d24b7f62b00bfe64514308b501eb2df980,65c2c2cfd5192b7e281fe5700e5452d24b7f62b00bfe64514308b501eb2df980,FM1_MATCHED_RAW_EPISODIC,,0,0
2294eb8cdc44aceb93af31cd56d710686bc947a3259b51bf2e9241a6d3a36649,STAGE_3_FROZEN_FORMAL_EVALUATION,2bffeb8054375400c6bd6f014c93457ce2320292a45cceb13173131612ad0069,2bffeb8054375400c6bd6f014c93457ce2320292a45cceb13173131612ad0069,FM0_NO_MEMORY,,0,0
22b45acb6980ffdb90ee88f80b32f97c925868f6ac75845e6242fe2ff8232e0d,STAGE_3_FROZEN_FORMAL_EVALUATION,b306e222a2a3fd0f1a04d60a97fed88cea15a7c59782227910110cb968a79bd0,b306e222a2a3fd0f1a04d60a97fed88cea15a7c59782227910110cb968a79bd0,FM1_MATCHED_RAW_EPISODIC,,0,0
2307391882e34420eeb813905d8f3dc80fc63a7a082349a194eeab32ab948266,STAGE_3_FROZEN_FORMAL_EVALUATION,50bfe79472d36fa959e29900bdc3e41b52869af10f93f8faa086f334726e5907,50bfe79472d36fa959e29900bdc3e41b52869af10f93f8faa086f334726e5907,FM0_NO_MEMORY,,0,0
234930a4d3bd017354014960bed4e6e45d3e02bc5a51e787b7c87c972f72d95a,STAGE_3_FROZEN_FORMAL_EVALUATION,1f51bb964beb2ca4b89de4b53bd7f4fe46c98e7fecf78ea543bb36573d8a91da,1f51bb964beb2ca4b89de4b53bd7f4fe46c98e7fecf78ea543bb36573d8a91da,FM3_GATED_PRESCRIPTIVE,,0,0
2378b3a5140542e8584906d317215626b71a17b08aad0c369107f0e763134dd7,STAGE_3_FROZEN_FORMAL_EVALUATION,4fbe8b2ff593bb5651cd9730276b52ff2aae7f5f85d4c09ac2de2123da6f5ee5,4fbe8b2ff593bb5651cd9730276b52ff2aae7f5f85d4c09ac2de2123da6f5ee5,FM2_STRUCTURED_DESCRIPTIVE,,0,0
23f89899a44af362f8c7179700eab5530adb84c22108ad917bdc4fbcaa0ce997,STAGE_3_FROZEN_FORMAL_EVALUATION,b22f9a97e4f6fcc25b8bae36a939717ccc951d73c341eeccf9dc7a5dc8a67877,b22f9a97e4f6fcc25b8bae36a939717ccc951d73c341eeccf9dc7a5dc8a67877,FM0_NO_MEMORY,,0,0
2435c9532a3206b9eb4d8502c95395453f13d93f8dd62022c1e9427d64af8a91,STAGE_3_FROZEN_FORMAL_EVALUATION,729c6acafa551802247b663f7da1cd8fbe14f9151156cf968b2aa12874789f80,729c6acafa551802247b663f7da1cd8fbe14f9151156cf968b2aa12874789f80,FM1_MATCHED_RAW_EPISODIC,,0,0
248bbbf79cda1a01b485343f322986a9309c27169ed0471330f165207770f1d3,STAGE_3_FROZEN_FORMAL_EVALUATION,af1db020bb87087906d74fd63dd946a9ecfdc723c4037735f238469844313ce5,af1db020bb87087906d74fd63dd946a9ecfdc723c4037735f238469844313ce5,FM3_GATED_PRESCRIPTIVE,,0,0
252ff74ac1ff933dfcdf16559cf7d70a0d7ad91f1a88a2b8889472d68999baa1,STAGE_3_FROZEN_FORMAL_EVALUATION,d12dce031eea9781c0b8debef770becaa8ccfed3ba2371669b958b0062969819,d12dce031eea9781c0b8debef770becaa8ccfed3ba2371669b958b0062969819,FM1_MATCHED_RAW_EPISODIC,,0,0
254104893810621d2a8103dd2b55ed34edb2d749b9a7cb91897048a9aee32635,STAGE_3_FROZEN_FORMAL_EVALUATION,ba8687de7517191dbfc915d082b8bd02672b2c3397f8cd1abcef374314b8dd7f,ba8687de7517191dbfc915d082b8bd02672b2c3397f8cd1abcef374314b8dd7f,FM3_GATED_PRESCRIPTIVE,,0,0
25560f98b0c05398508a33ffc54071bc2f789444377c2be040f46169f5511489,STAGE_3_FROZEN_FORMAL_EVALUATION,a94ceae4b4b17ff847ddcd30d6fd0c221bf1845a7d6e9823a42474f0ad147a86,a94ceae4b4b17ff847ddcd30d6fd0c221bf1845a7d6e9823a42474f0ad147a86,FM0_NO_MEMORY,,0,0
25769e605ec345595b11ab72aee85ab85d5fc5ab9cd13d56fdb8ae755ea3c337,STAGE_3_FROZEN_FORMAL_EVALUATION,a6e31827a86f728742e6c2a28d9797331b6abee643208c83d7597fbb9aa184ef,a6e31827a86f728742e6c2a28d9797331b6abee643208c83d7597fbb9aa184ef,FM0_NO_MEMORY,,0,0
25a38d9f5bf0dc163fe517dd1b5f9f4e5236e21f084e86766c8e5b5f34aaa326,STAGE_3_FROZEN_FORMAL_EVALUATION,e2caf815620b2eb3cbdb44c80de1b965042ca1d580d7d824a5b95f0d53de5903,e2caf815620b2eb3cbdb44c80de1b965042ca1d580d7d824a5b95f0d53de5903,FM2_STRUCTURED_DESCRIPTIVE,,0,0
25c5eb0035b20d8309986727f70cc5681a7b849e54762767d0f12ba45ace2ae6,STAGE_3_FROZEN_FORMAL_EVALUATION,7efa681d78530e269e983f870d327fa88e290193a05fbccd27b87bf5ecee5535,7efa681d78530e269e983f870d327fa88e290193a05fbccd27b87bf5ecee5535,FM1_MATCHED_RAW_EPISODIC,,0,0
25d1f865f88497a01641a11805fca31604187934f2386782f8072c8dbf252c53,STAGE_3_FROZEN_FORMAL_EVALUATION,0daf369ee1493afd993c377f6c49eedbe493abd88624206266ccb0c3e236ebad,0daf369ee1493afd993c377f6c49eedbe493abd88624206266ccb0c3e236ebad,FM0_NO_MEMORY,,0,0
264c699547b1f10116961b640ee4c5ea424e3486fcdd4c55a9ce2b0d5510ffaa,STAGE_3_FROZEN_FORMAL_EVALUATION,bd73534e9031cdf63e1d87bf4942afe3eb4de857c9808325a9c44178491aa848,bd73534e9031cdf63e1d87bf4942afe3eb4de857c9808325a9c44178491aa848,FM2_STRUCTURED_DESCRIPTIVE,,0,0
2654a4bdcbdb77be3f30a2e8fbbbf8260213ac40526175b716af0c82adb7498b,STAGE_3_FROZEN_FORMAL_EVALUATION,af65e1bda5a13fff1efa7cb161a9ccef394834058471d32c0979ac7a84422629,af65e1bda5a13fff1efa7cb161a9ccef394834058471d32c0979ac7a84422629,FM3_GATED_PRESCRIPTIVE,,0,0
26666ca524b942463d89beb5010579293fe22c024d8dd5a792baedf43624da71,STAGE_3_FROZEN_FORMAL_EVALUATION,111aa5985a41c8a7d6d87f78966d3c3f7acf1570415d0e21af03450342bf4051,111aa5985a41c8a7d6d87f78966d3c3f7acf1570415d0e21af03450342bf4051,FM3_GATED_PRESCRIPTIVE,,0,0
273f4b761a9384fa880973d2bb774a7c806203853caf3ca6f91c8b067a72e3e4,STAGE_3_FROZEN_FORMAL_EVALUATION,307c6da7cd5a6befcf9c577ae5bc5cba575f72c067184849af7c992cb3788fad,307c6da7cd5a6befcf9c577ae5bc5cba575f72c067184849af7c992cb3788fad,FM1_MATCHED_RAW_EPISODIC,,0,0
276fd7f7a7a5a4745b74238314ebbfe429b018128dd91474a2014d404509ccb9,STAGE_3_FROZEN_FORMAL_EVALUATION,db593769c0ccb8780a911d475a94942656d50f1d03de0e88ffe42a2d162d35bd,db593769c0ccb8780a911d475a94942656d50f1d03de0e88ffe42a2d162d35bd,FM2_STRUCTURED_DESCRIPTIVE,,0,0
27905e1eb204c30a038c610952799f13a99a59af67cad5d6522b0f17198098ed,STAGE_3_FROZEN_FORMAL_EVALUATION,7d43db91601c93736854daa3e440b7ed9f2919a7a3b423ab52e5f62bba6b8644,7d43db91601c93736854daa3e440b7ed9f2919a7a3b423ab52e5f62bba6b8644,FM2_STRUCTURED_DESCRIPTIVE,,0,0
27940b7935c9eba818e504dd2105f94e7498caaa43da218b3096a07afbb88f9a,STAGE_3_FROZEN_FORMAL_EVALUATION,ba3d8890684ca4a264a615a49194bf277f34ee8743adf4fb29a6f2b3523cce51,ba3d8890684ca4a264a615a49194bf277f34ee8743adf4fb29a6f2b3523cce51,FM3_GATED_PRESCRIPTIVE,,0,0
283a8af24c8acef1a4c4a0ef4c220de91fa3dad90dc76450396c75f08d11c7e2,STAGE_3_FROZEN_FORMAL_EVALUATION,7d43db91601c93736854daa3e440b7ed9f2919a7a3b423ab52e5f62bba6b8644,7d43db91601c93736854daa3e440b7ed9f2919a7a3b423ab52e5f62bba6b8644,FM1_MATCHED_RAW_EPISODIC,,0,0
2887aac39021987d1c4529df0d4430ab6e52203c1ec170c4a459ca7f1b0fca33,STAGE_3_FROZEN_FORMAL_EVALUATION,d9e5f53603dc7715c060a99cdc2f923bf08e3c74f0c3901b9e52ae20af5e6c24,d9e5f53603dc7715c060a99cdc2f923bf08e3c74f0c3901b9e52ae20af5e6c24,FM2_STRUCTURED_DESCRIPTIVE,,0,0
28c3d47c64187975070196cfc36c0e271d18c09b834509ac6fa977c14c4ba7c0,STAGE_3_FROZEN_FORMAL_EVALUATION,16186e0b3272135a3b9123068f03ddedd919723a8e358c6d2907357b27af0f32,16186e0b3272135a3b9123068f03ddedd919723a8e358c6d2907357b27af0f32,FM0_NO_MEMORY,,0,0
28d126cf93dfcf4e0ec15a3a46d40f77f5f0d27737303170ee739f7f7c8706ee,STAGE_3_FROZEN_FORMAL_EVALUATION,301913133ed097db409eb3150f688ae8b0c5fbfd4f9d4d2cbe75e6006e4ec441,301913133ed097db409eb3150f688ae8b0c5fbfd4f9d4d2cbe75e6006e4ec441,FM1_MATCHED_RAW_EPISODIC,,0,0
28fe596c3c4e038fa1f1e357720646c2460f9ce276b7317bcf3a85d0674ac2e7,STAGE_3_FROZEN_FORMAL_EVALUATION,6353e63200064e2d08408ca252123a12691ea29742dbb879ca7b30f76e0c2b28,6353e63200064e2d08408ca252123a12691ea29742dbb879ca7b30f76e0c2b28,FM3_GATED_PRESCRIPTIVE,,0,0
29870c5e6ce31d76732a58bb33124c0b4a96955fa5bd910a8a4e18da7f10ba06,STAGE_3_FROZEN_FORMAL_EVALUATION,5e910bbc72b892506277ed6dc213e757a8ad32d90fc7dd862c5ae7671caca163,5e910bbc72b892506277ed6dc213e757a8ad32d90fc7dd862c5ae7671caca163,FM0_NO_MEMORY,,0,0
2a093b911363b2827adcd0349b2a316dd721a460b74f905e3db2580639e52f17,STAGE_3_FROZEN_FORMAL_EVALUATION,3a742c362945a800f18a5ad57e5701986ba4f7b4cde6c04845796e0551649d17,3a742c362945a800f18a5ad57e5701986ba4f7b4cde6c04845796e0551649d17,FM2_STRUCTURED_DESCRIPTIVE,,0,0
2a0b85ae7e306c3db9d3b7a897161bc2f7dbe2be0da87fcb0125ee43f9dec4b3,STAGE_3_FROZEN_FORMAL_EVALUATION,910d0c1275986da52a6550263c9c766b5c0b5a4e4286c651dbc53e1410a6f009,910d0c1275986da52a6550263c9c766b5c0b5a4e4286c651dbc53e1410a6f009,FM3_GATED_PRESCRIPTIVE,,0,0
2a21092215a0c65cb3f823e4714d307130f308c867107ccaa1c0c2a7f9614834,STAGE_3_FROZEN_FORMAL_EVALUATION,2223403684b8c0961dd02805a30a9cdf20838732cfce42a067ca35f937addf09,2223403684b8c0961dd02805a30a9cdf20838732cfce42a067ca35f937addf09,FM3_GATED_PRESCRIPTIVE,,0,0
2a8c461c16732f4f43a4743b6543ba873652229792b09ffa84e48c83fc74edfc,STAGE_3_FROZEN_FORMAL_EVALUATION,307c6da7cd5a6befcf9c577ae5bc5cba575f72c067184849af7c992cb3788fad,307c6da7cd5a6befcf9c577ae5bc5cba575f72c067184849af7c992cb3788fad,FM0_NO_MEMORY,,0,0
2a8db428d52e390c407d03e873ea08e2e4aba30981aa8a7ce719fd544bd29b35,STAGE_3_FROZEN_FORMAL_EVALUATION,9d58366ef25db7cebd2444116acd39085d6132e8a6f729344b2642047ccf9056,9d58366ef25db7cebd2444116acd39085d6132e8a6f729344b2642047ccf9056,FM2_STRUCTURED_DESCRIPTIVE,,0,0
2a8e04bea1cb014dfd169de0d96fcd1d2d20220b4cb5ce4257988e018f75cbf5,STAGE_3_FROZEN_FORMAL_EVALUATION,729c6acafa551802247b663f7da1cd8fbe14f9151156cf968b2aa12874789f80,729c6acafa551802247b663f7da1cd8fbe14f9151156cf968b2aa12874789f80,FM0_NO_MEMORY,,0,0
2aa8a301cf68e0e99934c3ce0275601c049ff26663f60cee1a2c8d153b9accdc,STAGE_3_FROZEN_FORMAL_EVALUATION,a8b37bbd99604124070c9db7c33c7a6fcb2016fc8a4194df51bbe3f4fb4e8e64,a8b37bbd99604124070c9db7c33c7a6fcb2016fc8a4194df51bbe3f4fb4e8e64,FM2_STRUCTURED_DESCRIPTIVE,,0,0
2b413e82b7d070a14924d43d35cbe54d6e265c60a32bc2805bd0436ca9b513f7,STAGE_3_FROZEN_FORMAL_EVALUATION,814c35c206636731696ee4bf3a466185c027779bea160ab92b722763a7a088c7,814c35c206636731696ee4bf3a466185c027779bea160ab92b722763a7a088c7,FM2_STRUCTURED_DESCRIPTIVE,,0,0
2b8b58aeba0dcf22f723332fe12f391fdb38bfcafd06f20b6aab159874a99074,STAGE_3_FROZEN_FORMAL_EVALUATION,f25921b4ba82b234150556f4097b59d4581bffbb78a2ef13443b2389dd9db973,f25921b4ba82b234150556f4097b59d4581bffbb78a2ef13443b2389dd9db973,FM2_STRUCTURED_DESCRIPTIVE,,0,0
2bbd08d3815c114c2899102adda9b16bb6048c0ebd4ef514e9aeffaef7733d3d,STAGE_3_FROZEN_FORMAL_EVALUATION,397b48bd18e693d0194eaaf50e468b5b1f6d0c6f1303b17bba5d617f8a1ab9b1,397b48bd18e693d0194eaaf50e468b5b1f6d0c6f1303b17bba5d617f8a1ab9b1,FM0_NO_MEMORY,,0,0
2bc34074e214707ff6d403e6b449bae72ab874610b13d7546fa27da251291d6a,STAGE_3_FROZEN_FORMAL_EVALUATION,c63cbba84598234be095a459b9eb1068ad26d0deff41c44a4bfa643b53e089f6,c63cbba84598234be095a459b9eb1068ad26d0deff41c44a4bfa643b53e089f6,FM3_GATED_PRESCRIPTIVE,,0,0
2bc7ec85c9abc919c8dddb59f51c31a01e1aba0199979fdf65c05bcdc294bf46,STAGE_3_FROZEN_FORMAL_EVALUATION,645f36c72ef39192be89c8ead643822d988b1d07ec5f7a645f1e41549f814c2b,645f36c72ef39192be89c8ead643822d988b1d07ec5f7a645f1e41549f814c2b,FM3_GATED_PRESCRIPTIVE,,0,0
2bf31ed421b74297234b2d1ea88ff1431f96f0f45078a0641838c3ac06df32b7,STAGE_3_FROZEN_FORMAL_EVALUATION,c8a61da53df787533b2a9b7483755aa04cbbf72edd02c33f7fd570004c1ce481,c8a61da53df787533b2a9b7483755aa04cbbf72edd02c33f7fd570004c1ce481,FM0_NO_MEMORY,,0,0
2bf5db53d6ed9ec6f1c0236c45cb4a94bc479c1da8015ecd6553c8993d6d456d,STAGE_3_FROZEN_FORMAL_EVALUATION,f500633f7992b75a082c682cf4396c50b5a20978657b032bd3ec9c5455c1f993,f500633f7992b75a082c682cf4396c50b5a20978657b032bd3ec9c5455c1f993,FM2_STRUCTURED_DESCRIPTIVE,,0,0
2c13e754f07dd7c29f255a0f60606ebc3ed52cc7f20e97ea4a2bd1c021ad1f12,STAGE_3_FROZEN_FORMAL_EVALUATION,4212a13e41cffc175b898d7342858fa857789ba9e7a0f38384d711ee41eae331,4212a13e41cffc175b898d7342858fa857789ba9e7a0f38384d711ee41eae331,FM2_STRUCTURED_DESCRIPTIVE,,0,0
2c39faba7668114a413d2ba7846d02b869a36c83ee16a90fd2976043c4dfd51b,STAGE_3_FROZEN_FORMAL_EVALUATION,2df4a3e9f33b35ae33196d738c0b2b9be6bf934815ee6c56560840e09964d159,2df4a3e9f33b35ae33196d738c0b2b9be6bf934815ee6c56560840e09964d159,FM2_STRUCTURED_DESCRIPTIVE,,0,0
2c41abe4a2991c448d17edd1c748470f05a87642f15927eb2cc390d055d63796,STAGE_3_FROZEN_FORMAL_EVALUATION,d9cae5ea66f1cda00086c86d040d1ccb8f72cee028425f7bc3e6da56d547feb6,d9cae5ea66f1cda00086c86d040d1ccb8f72cee028425f7bc3e6da56d547feb6,FM1_MATCHED_RAW_EPISODIC,,0,0
2cb0ef8864288ddf1520dbfec061981a8331649435b1e59bd308fe3022cefb54,STAGE_3_FROZEN_FORMAL_EVALUATION,5a015a29e4c63536d51883df0906522e8d2aa34763976e67222247c20f558e40,5a015a29e4c63536d51883df0906522e8d2aa34763976e67222247c20f558e40,FM1_MATCHED_RAW_EPISODIC,,0,0
2cc97626a01f183072e70defd838df0d7baad1a528c6bf2187f61fbf75a6eb1e,STAGE_3_FROZEN_FORMAL_EVALUATION,8ef1eea0e1fcea4c38f5d3af0f0b590c94b17730187ff80ae965f05317dc4254,8ef1eea0e1fcea4c38f5d3af0f0b590c94b17730187ff80ae965f05317dc4254,FM1_MATCHED_RAW_EPISODIC,,0,0
2cdcd708b30607fcd0642d921fbf31515890503448201a6679abdac60d101241,STAGE_3_FROZEN_FORMAL_EVALUATION,d8240c2488d3bb81795af30ba53135e56c92c7a52841a988c8d7a5739358ab08,d8240c2488d3bb81795af30ba53135e56c92c7a52841a988c8d7a5739358ab08,FM0_NO_MEMORY,,0,0
2ce07b5f420526bd3f3d745a2c1fbcb4a4965b09a5454ceed2e0095d5ad69928,STAGE_3_FROZEN_FORMAL_EVALUATION,3aa4ee21bf3ff8a70ba80d611217f696a9f2cb78c4e69295c9a1118112149d48,3aa4ee21bf3ff8a70ba80d611217f696a9f2cb78c4e69295c9a1118112149d48,FM1_MATCHED_RAW_EPISODIC,,0,0
2db660e6ef94fdbbf116e308fcf83f1e7926caa6824ef542b29c60144da3a17e,STAGE_3_FROZEN_FORMAL_EVALUATION,511ce16048e30b6154238e6b161cea9fa5642a3062a6d3b9922544a6ddd145eb,511ce16048e30b6154238e6b161cea9fa5642a3062a6d3b9922544a6ddd145eb,FM3_GATED_PRESCRIPTIVE,,0,0
2dd416df2950dc576e26f9560573567ba4d02b278d0ec4c9fa74217c6f70ff87,STAGE_3_FROZEN_FORMAL_EVALUATION,83a179f2339c48ce868c42e9819c6d528d959260aa9c35f728097c5f007cac4f,83a179f2339c48ce868c42e9819c6d528d959260aa9c35f728097c5f007cac4f,FM2_STRUCTURED_DESCRIPTIVE,,0,0
2df2e25976a30b7636ec392e0366ee8f5bfdbeff105ddd6a483af203c8fc139c,STAGE_3_FROZEN_FORMAL_EVALUATION,c1ac7fbe6c096af42161ac454aaafef04e7b6eb1b49a78128cb3224dd823b344,c1ac7fbe6c096af42161ac454aaafef04e7b6eb1b49a78128cb3224dd823b344,FM2_STRUCTURED_DESCRIPTIVE,,0,0
2e3a953f1d2dce367c8aae0cbc2d393b20fdf5dfc9d8a8c2eddf227bae1466d0,STAGE_3_FROZEN_FORMAL_EVALUATION,34f0e800e86f45f20d8e4d8ea1649d5f882af7e99fe44db270a3f268f707ef0d,34f0e800e86f45f20d8e4d8ea1649d5f882af7e99fe44db270a3f268f707ef0d,FM1_MATCHED_RAW_EPISODIC,,0,0
2e8f17f605eab00eea9886a4ad56aa0bc9073e323cfff49b2544a93e7c20660d,STAGE_3_FROZEN_FORMAL_EVALUATION,395816af774fd4bf554cc547f74905254e4031f4b2ca51abb20bec5f61665334,395816af774fd4bf554cc547f74905254e4031f4b2ca51abb20bec5f61665334,FM2_STRUCTURED_DESCRIPTIVE,,0,0
2ed045bc3b4833725adc3ef72736140e74f30ee4db1ff95574203fb4a24e7797,STAGE_3_FROZEN_FORMAL_EVALUATION,39b8dda2ab6d5124465527a78bdb1c7d3e7f17b0c263b5b60f4731e8ff18ba1a,39b8dda2ab6d5124465527a78bdb1c7d3e7f17b0c263b5b60f4731e8ff18ba1a,FM3_GATED_PRESCRIPTIVE,,0,0
2ed91be03218cb5209cf293e53b340f95523333e79d1d860966104a4aa8a3764,STAGE_3_FROZEN_FORMAL_EVALUATION,dd4f7c2bb7de5e881412d7871b220413ba6c05d620c5f47c55bcc00eb7cedb38,dd4f7c2bb7de5e881412d7871b220413ba6c05d620c5f47c55bcc00eb7cedb38,FM2_STRUCTURED_DESCRIPTIVE,,0,0
2efedcc62dc385cd86c62730c553090226b0fe97f5b7779c5d41986a9c01beae,STAGE_3_FROZEN_FORMAL_EVALUATION,58c8280e2054e5a754dee268067f127dbf04bc698c48d6d9c52a679b6fad2d32,58c8280e2054e5a754dee268067f127dbf04bc698c48d6d9c52a679b6fad2d32,FM0_NO_MEMORY,,0,0
2f1093c50e5e6148e0a9cbee01a705d22e7f1980491093d4a1c1eeb5f9e05a72,STAGE_3_FROZEN_FORMAL_EVALUATION,af65e1bda5a13fff1efa7cb161a9ccef394834058471d32c0979ac7a84422629,af65e1bda5a13fff1efa7cb161a9ccef394834058471d32c0979ac7a84422629,FM1_MATCHED_RAW_EPISODIC,,0,0
2f9205bae412b21402c3a8f7e18a68e5fccde4cda0e2de1e8be3d2e760e4cac8,STAGE_3_FROZEN_FORMAL_EVALUATION,db593769c0ccb8780a911d475a94942656d50f1d03de0e88ffe42a2d162d35bd,db593769c0ccb8780a911d475a94942656d50f1d03de0e88ffe42a2d162d35bd,FM1_MATCHED_RAW_EPISODIC,,0,0
303e0d2605b043b2ba8e30343f37789d453d8038645771f8b72659f69a438075,STAGE_3_FROZEN_FORMAL_EVALUATION,ae930f1c9fa2a61471b95a4344b8feb27a78c0115046ff487e4e13312a668249,ae930f1c9fa2a61471b95a4344b8feb27a78c0115046ff487e4e13312a668249,FM3_GATED_PRESCRIPTIVE,,0,0
3090cb8bc681fac92e1206f8713ec9d5e4a324b480b417d8513273652c8c4c95,STAGE_3_FROZEN_FORMAL_EVALUATION,c85c5bf3ca4d310e76043d22465aa4f0a9f05b2e89f6763ed48aea0069b0b484,c85c5bf3ca4d310e76043d22465aa4f0a9f05b2e89f6763ed48aea0069b0b484,FM1_MATCHED_RAW_EPISODIC,,0,0
30da51b2fbde518c7e0a57501821a0956e9a0dc6c27413bddc149b0ceebcb875,STAGE_3_FROZEN_FORMAL_EVALUATION,2f1a003fd0355c645d71e613db0ae974f3310e2528da4b163bbb8b3d4d15b6c3,2f1a003fd0355c645d71e613db0ae974f3310e2528da4b163bbb8b3d4d15b6c3,FM0_NO_MEMORY,,0,0
3171ddbb8f564229d3e67350627ab170f4eac174902f436844a464599e3e575f,STAGE_3_FROZEN_FORMAL_EVALUATION,5f2e47105b1649a4394a8a8a2ef7bbeeb3fd23067776b3d63b75870b1e592f70,5f2e47105b1649a4394a8a8a2ef7bbeeb3fd23067776b3d63b75870b1e592f70,FM3_GATED_PRESCRIPTIVE,,0,0
31c0b5e3121b39249a16ca8637c208f1e5cc946d66498ad3aed72988eac18af4,STAGE_3_FROZEN_FORMAL_EVALUATION,65c2c2cfd5192b7e281fe5700e5452d24b7f62b00bfe64514308b501eb2df980,65c2c2cfd5192b7e281fe5700e5452d24b7f62b00bfe64514308b501eb2df980,FM0_NO_MEMORY,,0,0
321d5933b5d3a69359d2a12946ef01adf827abf9dfc8c9f7ac7edf26c679d7e2,STAGE_3_FROZEN_FORMAL_EVALUATION,13e2149fd53e9a3a5dbfde4a3400ef3376b9bb1a9092505b65fc36d74a48b01d,13e2149fd53e9a3a5dbfde4a3400ef3376b9bb1a9092505b65fc36d74a48b01d,FM0_NO_MEMORY,,0,0
329a7223c655a565e5110e2f9037fb23e85bd604fd5574db1ea40d1169d0744d,STAGE_3_FROZEN_FORMAL_EVALUATION,8ef1eea0e1fcea4c38f5d3af0f0b590c94b17730187ff80ae965f05317dc4254,8ef1eea0e1fcea4c38f5d3af0f0b590c94b17730187ff80ae965f05317dc4254,FM3_GATED_PRESCRIPTIVE,,0,0
32c44916bb893cb984e01b81b37a2714f0c0e1912a53fecb73e07531f6e09561,STAGE_3_FROZEN_FORMAL_EVALUATION,fdb12bcc334c7fb0108211cbeda8742821f6868b96af8ff0cb24bf81013d6ee5,fdb12bcc334c7fb0108211cbeda8742821f6868b96af8ff0cb24bf81013d6ee5,FM1_MATCHED_RAW_EPISODIC,,0,0
3304b30ff9403a5087ff17f763cc2dac4e35ccbc2056744b77354fbff7b20f6e,STAGE_3_FROZEN_FORMAL_EVALUATION,785b0e55f3142d39fa6cb2f94c769813bbfb41cad4eecbae7126ea9f9d534993,785b0e55f3142d39fa6cb2f94c769813bbfb41cad4eecbae7126ea9f9d534993,FM2_STRUCTURED_DESCRIPTIVE,,0,0
3314c03eebf59430d5813e574b68b6ae308dc12fc7128dffaf7af2a96e97ae83,STAGE_3_FROZEN_FORMAL_EVALUATION,72331b2789142ff998a3542384e0af71eca024368204f5aa1dd138d9725115a3,72331b2789142ff998a3542384e0af71eca024368204f5aa1dd138d9725115a3,FM0_NO_MEMORY,,0,0
334a8f2445cb23fb5d1db84a9ebb7d561e76c0a161ea477a7a94b5a428d3ed47,STAGE_3_FROZEN_FORMAL_EVALUATION,76fc9b08fbde6d96ef97c08040f16d74e41d6876602f495cda03e1b797caa69e,76fc9b08fbde6d96ef97c08040f16d74e41d6876602f495cda03e1b797caa69e,FM2_STRUCTURED_DESCRIPTIVE,,0,0
3366a6ff8ff1386e23dcb8b103cbc144ec3224334b128a019c9bdbe6617639d7,STAGE_3_FROZEN_FORMAL_EVALUATION,ad1a433a25da48b982b531672dad6c67688d85dfb0edcc89852b41a2ce91fa97,ad1a433a25da48b982b531672dad6c67688d85dfb0edcc89852b41a2ce91fa97,FM0_NO_MEMORY,,0,0
33b12cf1aa407b7044e0ba033d358d126f57779de613dc00e83ab88fc1f52a23,STAGE_3_FROZEN_FORMAL_EVALUATION,01b6f44034d4995181aa5affa292cb265f3baf44bcb2a9b63fe34193384eb983,01b6f44034d4995181aa5affa292cb265f3baf44bcb2a9b63fe34193384eb983,FM2_STRUCTURED_DESCRIPTIVE,,0,0
33cc525e72ee7e6b22a0127bd51b707da5cb838d6623f78927e2695eb0db6cc8,STAGE_3_FROZEN_FORMAL_EVALUATION,a0051834d5c512777d1a04f4fe75d909d6ef9913b3063e0ec37d0eb4f4d1c503,a0051834d5c512777d1a04f4fe75d909d6ef9913b3063e0ec37d0eb4f4d1c503,FM3_GATED_PRESCRIPTIVE,,0,0
33d190406c3da37354ca7416691d957a2b60262f65343f1d2fcfbfd459d64598,STAGE_3_FROZEN_FORMAL_EVALUATION,1ec1508e5a11de90e567d19e42eb4b2e72ba8f0d984a5873255b3a645122e1fc,1ec1508e5a11de90e567d19e42eb4b2e72ba8f0d984a5873255b3a645122e1fc,FM2_STRUCTURED_DESCRIPTIVE,,0,0
3443404813462c8d8c51bfbe975af36ec669fceb51d5650daab0497177054bb2,STAGE_3_FROZEN_FORMAL_EVALUATION,b2e3ea3f072ba5bc197a01d0193a2dcb92e3b3522e3349b2247215a4f23533e9,b2e3ea3f072ba5bc197a01d0193a2dcb92e3b3522e3349b2247215a4f23533e9,FM0_NO_MEMORY,,0,0
347b9a85d7d05681de8d1b258fb0b307c3f6fd31f3670cada51fc6dd8d1f3ea8,STAGE_3_FROZEN_FORMAL_EVALUATION,7b62cb1f12c210cc8842211d359b15d174fbe6c1ec9d7d7fee7681eb808bf75a,7b62cb1f12c210cc8842211d359b15d174fbe6c1ec9d7d7fee7681eb808bf75a,FM1_MATCHED_RAW_EPISODIC,,0,0
349dd440a6d00c270f88cb53004da45b15e3f21db7c2d65725f7c14b0900aba6,STAGE_3_FROZEN_FORMAL_EVALUATION,0b782582a19371a4f4fea7035e39e5528049ca9eb0757c0c842270039aebe611,0b782582a19371a4f4fea7035e39e5528049ca9eb0757c0c842270039aebe611,FM2_STRUCTURED_DESCRIPTIVE,,0,0
35210010529142dc77d4da3f9fae670ef3263003237789c1d92e16e0e66e80e0,STAGE_3_FROZEN_FORMAL_EVALUATION,705843cf9c01e309ec7bd9bf91478465e840dc180ea760a3823a9d24346c1c92,705843cf9c01e309ec7bd9bf91478465e840dc180ea760a3823a9d24346c1c92,FM1_MATCHED_RAW_EPISODIC,,0,0
352183a838e30c1385a743736462c2f165f1ed6d324cf8b708127c614adce4bd,STAGE_3_FROZEN_FORMAL_EVALUATION,f65f79c26b5e3b86a8b15032e61eba98b2c4f231d4908cfaed21635fc0f1224f,f65f79c26b5e3b86a8b15032e61eba98b2c4f231d4908cfaed21635fc0f1224f,FM1_MATCHED_RAW_EPISODIC,,0,0
3530e85f423db71f01cc0450d820b512fdda01e34ad783426a4bea33614d6a2b,STAGE_3_FROZEN_FORMAL_EVALUATION,534c2199ce65eb83ef537fa7fb0249e5f5a3569e62b55376579c80d1f896c4d2,534c2199ce65eb83ef537fa7fb0249e5f5a3569e62b55376579c80d1f896c4d2,FM1_MATCHED_RAW_EPISODIC,,0,0
35a2bd6ccb00b019046b86b10cf51daf2c5f836360824f08241cfae13a641094,STAGE_3_FROZEN_FORMAL_EVALUATION,ba8687de7517191dbfc915d082b8bd02672b2c3397f8cd1abcef374314b8dd7f,ba8687de7517191dbfc915d082b8bd02672b2c3397f8cd1abcef374314b8dd7f,FM0_NO_MEMORY,,0,0
35e9df039b18bd1ec7b578b410ed0deab4c1ed6aa4cd1ec0c08521cfbce98af5,STAGE_3_FROZEN_FORMAL_EVALUATION,b2d62e04f90466ef2aaf9ef221ada9fb4f5d19538c6d3f82a941365ac7ec2cea,b2d62e04f90466ef2aaf9ef221ada9fb4f5d19538c6d3f82a941365ac7ec2cea,FM0_NO_MEMORY,,0,0
3634c73235c2b9050d9d470ea6c2b06218d3ad99e141747af878e14ae995c2ad,STAGE_3_FROZEN_FORMAL_EVALUATION,da1925245a42120acee5d83324fc34339dffddccde1d74a509e72c6c5a0163f9,da1925245a42120acee5d83324fc34339dffddccde1d74a509e72c6c5a0163f9,FM1_MATCHED_RAW_EPISODIC,,0,0
369a752c45572c8dea46fee3336384965e4cfd5a9ee0d8321a6348fb0ee42911,STAGE_3_FROZEN_FORMAL_EVALUATION,f2c944eac5da20d5de0361f39a1998fa84f7069db9f86a6ed2b25762e56449c2,f2c944eac5da20d5de0361f39a1998fa84f7069db9f86a6ed2b25762e56449c2,FM3_GATED_PRESCRIPTIVE,,0,0
3814160ab6e85c9acfa4e7c1d69fad449717639099ed53d6e626224ae07d8dbe,STAGE_3_FROZEN_FORMAL_EVALUATION,9ddcc003f32db2db39290984fb2d1819e6364bf3cafcc89e5ca42ff77f61af9f,9ddcc003f32db2db39290984fb2d1819e6364bf3cafcc89e5ca42ff77f61af9f,FM1_MATCHED_RAW_EPISODIC,,0,0
38172652bb55c86d1eaacae481b21b5ca9eb57643092991d2994651abc30b58f,STAGE_3_FROZEN_FORMAL_EVALUATION,06cd8821902acb3e77a2259e295291a7c912a3359051bc7b04b2e5d441fb7eec,06cd8821902acb3e77a2259e295291a7c912a3359051bc7b04b2e5d441fb7eec,FM0_NO_MEMORY,,0,0
3824b9469abe9894008a65c4977738c17ceb5342438d64bd5317471d8cc94f12,STAGE_3_FROZEN_FORMAL_EVALUATION,c55110584e9dcbb3b2024fce22a5878063ffff3a38cef21ef5f595e54e438989,c55110584e9dcbb3b2024fce22a5878063ffff3a38cef21ef5f595e54e438989,FM3_GATED_PRESCRIPTIVE,,0,0
384472cb1878bb7228d5f02ae16b06f6a9fa57b9d950b6e1ceb50162e53227a3,STAGE_3_FROZEN_FORMAL_EVALUATION,58b95fbce310d039f490a621902f14851e5b948a2cd9f7a4012bca7e173d0918,58b95fbce310d039f490a621902f14851e5b948a2cd9f7a4012bca7e173d0918,FM2_STRUCTURED_DESCRIPTIVE,,0,0
388840bc050cd0beb4167bf74bf6f729176011edeb7b1024136bdf4dbc4700a0,STAGE_3_FROZEN_FORMAL_EVALUATION,7538cab348724836811358e6c21e653bc0f35914c60528b052801111f57384af,7538cab348724836811358e6c21e653bc0f35914c60528b052801111f57384af,FM0_NO_MEMORY,,0,0
389e3671addc9bdfe752509049285437f507115ff7a316815619cba3bb192a09,STAGE_3_FROZEN_FORMAL_EVALUATION,2028f15fc7ecda068a4db7e482beba9d3e8f751252d60f068c2e7935e198c4d1,2028f15fc7ecda068a4db7e482beba9d3e8f751252d60f068c2e7935e198c4d1,FM1_MATCHED_RAW_EPISODIC,,0,0
390918496b2cda4df68285627cb35a67739f2f8ce73837cd538778313374900b,STAGE_3_FROZEN_FORMAL_EVALUATION,7efa681d78530e269e983f870d327fa88e290193a05fbccd27b87bf5ecee5535,7efa681d78530e269e983f870d327fa88e290193a05fbccd27b87bf5ecee5535,FM2_STRUCTURED_DESCRIPTIVE,,0,0
3934e05011178204047ea5aaad29ec71098e51c3b803e7e81b5fdacf4f510b4c,STAGE_3_FROZEN_FORMAL_EVALUATION,c55110584e9dcbb3b2024fce22a5878063ffff3a38cef21ef5f595e54e438989,c55110584e9dcbb3b2024fce22a5878063ffff3a38cef21ef5f595e54e438989,FM2_STRUCTURED_DESCRIPTIVE,,0,0
39595280582897a5557feb48974eeddf0bc4854eb7958a16f1c66e95de2972f2,STAGE_3_FROZEN_FORMAL_EVALUATION,a76f38ef8ea0bf1900e575ffd987369402e81dbdbf15dbdfe99683946535bb6e,a76f38ef8ea0bf1900e575ffd987369402e81dbdbf15dbdfe99683946535bb6e,FM2_STRUCTURED_DESCRIPTIVE,,0,0
39b69f0543d25e5fc66a437505245e67759cfe287e16d330906c2dc9136cd542,STAGE_3_FROZEN_FORMAL_EVALUATION,8777b23bf2baddcb4ec7e021a0dafd6060c5629c0c8d8595d4f723744070fee3,8777b23bf2baddcb4ec7e021a0dafd6060c5629c0c8d8595d4f723744070fee3,FM1_MATCHED_RAW_EPISODIC,,0,0
39c56dce2c152b8cb67e2a87b17836231bdb30055ccb6f43d930d69f18e16835,STAGE_3_FROZEN_FORMAL_EVALUATION,6d9958e435a0c4b6759effcc413a839b785af606c3fc92dbaceeca19871b6112,6d9958e435a0c4b6759effcc413a839b785af606c3fc92dbaceeca19871b6112,FM2_STRUCTURED_DESCRIPTIVE,,0,0
39ee93d93607aa3a23d6eb9832fd3e892b0dd3dbf716c336ff2494c44b03b618,STAGE_3_FROZEN_FORMAL_EVALUATION,3c96fcc7d27dd498cdd1b3439dafedf1af5dccc95c8f067008f2bbe6e2b60822,3c96fcc7d27dd498cdd1b3439dafedf1af5dccc95c8f067008f2bbe6e2b60822,FM1_MATCHED_RAW_EPISODIC,,0,0
39fe0eeb6b48638fe98d05230f6c69abec26a7736adecca41ae8b88b9770464b,STAGE_3_FROZEN_FORMAL_EVALUATION,0355c534b639e517cfd9155fc8cd017e2f38976f20ba9ec365293bc0b162b887,0355c534b639e517cfd9155fc8cd017e2f38976f20ba9ec365293bc0b162b887,FM3_GATED_PRESCRIPTIVE,,0,0
3a3d8ba738fb5700261f1d89fb3b223bc3a2651d7aa68eb103ed962b500d655d,STAGE_3_FROZEN_FORMAL_EVALUATION,1e1387682d5bd068e241ecf10041cae32e437418c3d77a376d83c6bdeb0baf8f,1e1387682d5bd068e241ecf10041cae32e437418c3d77a376d83c6bdeb0baf8f,FM1_MATCHED_RAW_EPISODIC,,0,0
3a64edffaf1293a96f5e4a9f087f39344cf216453b6b817d2a6f6e01a078ed92,STAGE_3_FROZEN_FORMAL_EVALUATION,5abbf1fe79627321f5936f5f5928273fc76014c200fb48081a73ffb67b1e8aa7,5abbf1fe79627321f5936f5f5928273fc76014c200fb48081a73ffb67b1e8aa7,FM2_STRUCTURED_DESCRIPTIVE,,0,0
3a8cf1c3a4e5da7d64ae2dcc30a10f7ed3548688ee3e4c30e44a90ff3e307200,STAGE_3_FROZEN_FORMAL_EVALUATION,194bb13bb086bbb717fdae1d0c25ab8b8b94e67d3ccc2f8c4ae9767475a7d5ef,194bb13bb086bbb717fdae1d0c25ab8b8b94e67d3ccc2f8c4ae9767475a7d5ef,FM3_GATED_PRESCRIPTIVE,,0,0
3aa5322e2502bcd6f9b9ab089141e2bf2c9b0c9734e5b1a809dc79291b56fdac,STAGE_3_FROZEN_FORMAL_EVALUATION,3aa4ee21bf3ff8a70ba80d611217f696a9f2cb78c4e69295c9a1118112149d48,3aa4ee21bf3ff8a70ba80d611217f696a9f2cb78c4e69295c9a1118112149d48,FM2_STRUCTURED_DESCRIPTIVE,,0,0
3ae494ece30015bee0b8b0a5362e7b6d6ca087eb48ba0f66105e6d2fb39886dc,STAGE_3_FROZEN_FORMAL_EVALUATION,b1a5a1a6bd27a01ae24d03a25aa83fac0fa62d7ff035e56e9e53fd39ba72e626,b1a5a1a6bd27a01ae24d03a25aa83fac0fa62d7ff035e56e9e53fd39ba72e626,FM3_GATED_PRESCRIPTIVE,,0,0
3b3358b32419cfa27999f2ce06375557fb223d6a7c995c81ee02d026797c717a,STAGE_3_FROZEN_FORMAL_EVALUATION,707372129e74a31373372c9e18ca3dcf64306edde976266e76fe06a99a50e0a1,707372129e74a31373372c9e18ca3dcf64306edde976266e76fe06a99a50e0a1,FM2_STRUCTURED_DESCRIPTIVE,,0,0
3b6c2dce4f34f2c3ffe80eb4cc50bc334d6ee3df7acc9ae23e51f58afa9adffa,STAGE_3_FROZEN_FORMAL_EVALUATION,33e1184ce21ceffc94a65d662f1228df22b509fcfe4dd2bde1ba9ce3902b7af5,33e1184ce21ceffc94a65d662f1228df22b509fcfe4dd2bde1ba9ce3902b7af5,FM2_STRUCTURED_DESCRIPTIVE,,0,0
3b9e292999b981f5e0fa0207b52abf5bdfef60bd98396c536617fe95cf5b497e,STAGE_3_FROZEN_FORMAL_EVALUATION,b26e637acde919ee7ade0d791698f33b045f6562a8f1a16f9cef09049f7032b3,b26e637acde919ee7ade0d791698f33b045f6562a8f1a16f9cef09049f7032b3,FM0_NO_MEMORY,,0,0
3c57b19c97b4d562932b5f4b98faa314781e6307bd26c1eee6c282f12f7cb5e6,STAGE_3_FROZEN_FORMAL_EVALUATION,3f4d42f0daf1d4235b42a99433a9607c7400e9bbe8bf3c04cec1fe825ecd0a09,3f4d42f0daf1d4235b42a99433a9607c7400e9bbe8bf3c04cec1fe825ecd0a09,FM1_MATCHED_RAW_EPISODIC,,0,0
3c58b887ceb6eb80945f872f90816f06d61974b322461812f41baff5a325abde,STAGE_3_FROZEN_FORMAL_EVALUATION,3f72df965c1ab08042dcc8e82955b09eda454ed01e118c3b166c3be3bec2ae2e,3f72df965c1ab08042dcc8e82955b09eda454ed01e118c3b166c3be3bec2ae2e,FM1_MATCHED_RAW_EPISODIC,,0,0
3c68cc48652bdc3124377ad35ecf2b39fcf945f63ee6ea1edff30b3d9f9c046f,STAGE_3_FROZEN_FORMAL_EVALUATION,be3f82d5bd606ae5c413b6140ad1b41c6074ff1e4f90acd8b3bf4c869ab3618f,be3f82d5bd606ae5c413b6140ad1b41c6074ff1e4f90acd8b3bf4c869ab3618f,FM3_GATED_PRESCRIPTIVE,,0,0
3d0b0fe5e8c2d014b81db37ed888e618f98b2f30c7447c1175dadea611fd972e,STAGE_3_FROZEN_FORMAL_EVALUATION,e90e1c31e1ac4051bea532a8d72ff22e2b6fcf29bff2a4d51551c9b9f2744925,e90e1c31e1ac4051bea532a8d72ff22e2b6fcf29bff2a4d51551c9b9f2744925,FM0_NO_MEMORY,,0,0
3d16d169b88793efee37f9f97252437e59c79516ecadeda409e5b0ed29f06155,STAGE_3_FROZEN_FORMAL_EVALUATION,5bb883bb11aabe259d58e3e727e4edb4374641e172c4166e86121d14b71655c6,5bb883bb11aabe259d58e3e727e4edb4374641e172c4166e86121d14b71655c6,FM3_GATED_PRESCRIPTIVE,,0,0
3d3990814ebf734305228803960ec9b64a0f654e4bebb99f27fba17e7f529874,STAGE_3_FROZEN_FORMAL_EVALUATION,d629320fed108033b526af5237f0a6a8d9017b6ab4718a3ebe729693c9b93f06,d629320fed108033b526af5237f0a6a8d9017b6ab4718a3ebe729693c9b93f06,FM3_GATED_PRESCRIPTIVE,,0,0
3d62228841e5deb5ee15f74af687bd07d70ef146adf6e794aecac3ca891d7550,STAGE_3_FROZEN_FORMAL_EVALUATION,301913133ed097db409eb3150f688ae8b0c5fbfd4f9d4d2cbe75e6006e4ec441,301913133ed097db409eb3150f688ae8b0c5fbfd4f9d4d2cbe75e6006e4ec441,FM2_STRUCTURED_DESCRIPTIVE,,0,0
3d7a11d9bae647284677ee1f0749afd05c9a07e9fbafdbec931e5d1208add56f,STAGE_3_FROZEN_FORMAL_EVALUATION,6c5ffa674deb34afcf22c7c7bfab19e4bb88f24dbdde04851695cee3d698165a,6c5ffa674deb34afcf22c7c7bfab19e4bb88f24dbdde04851695cee3d698165a,FM2_STRUCTURED_DESCRIPTIVE,,0,0
3da88af295aef01e95a4a8d6e0586bcc5838d32726e58dfdbd125171320cae1b,STAGE_3_FROZEN_FORMAL_EVALUATION,cb913167c58ed588abf487d51994dec02fd33c995dc8f19eaaf916acd90f4196,cb913167c58ed588abf487d51994dec02fd33c995dc8f19eaaf916acd90f4196,FM2_STRUCTURED_DESCRIPTIVE,,0,0
3dcfa29ea457bdf8eb2851d6f2059a4357285020567e7a163e5986ed3e6fb25e,STAGE_3_FROZEN_FORMAL_EVALUATION,ba3d8890684ca4a264a615a49194bf277f34ee8743adf4fb29a6f2b3523cce51,ba3d8890684ca4a264a615a49194bf277f34ee8743adf4fb29a6f2b3523cce51,FM1_MATCHED_RAW_EPISODIC,,0,0
3dfe049d1e65f15ea216728f27a4b8090b130aa617b18c9707d90da5fb842024,STAGE_3_FROZEN_FORMAL_EVALUATION,35cf4034fdaf61fbf4b7c86682509cef8f9aeb8b3bbf3e7158ac17114878473a,35cf4034fdaf61fbf4b7c86682509cef8f9aeb8b3bbf3e7158ac17114878473a,FM0_NO_MEMORY,,0,0
3e099c04a36df57c90e38adfc1d5b06e30abf97775e875363a6a28aa0bb92e53,STAGE_3_FROZEN_FORMAL_EVALUATION,1cc7cfde4a48db274a308df7dfe149785753b1c62a981881dc89cf3ab047de96,1cc7cfde4a48db274a308df7dfe149785753b1c62a981881dc89cf3ab047de96,FM2_STRUCTURED_DESCRIPTIVE,,0,0
3e6bfa78dbb74349a6373a31cb29f81f798e9d307e9f1f6960e4f1ed44b42421,STAGE_3_FROZEN_FORMAL_EVALUATION,63b85e91086d40f52ba0553f4dc65ecece2a8f16b2c5232bd4a986468e884bd0,63b85e91086d40f52ba0553f4dc65ecece2a8f16b2c5232bd4a986468e884bd0,FM2_STRUCTURED_DESCRIPTIVE,,0,0
3ed1bc38b8a59d89d31af674a8b269869274db75b0e4d009c7f6045621013207,STAGE_3_FROZEN_FORMAL_EVALUATION,5abbf1fe79627321f5936f5f5928273fc76014c200fb48081a73ffb67b1e8aa7,5abbf1fe79627321f5936f5f5928273fc76014c200fb48081a73ffb67b1e8aa7,FM1_MATCHED_RAW_EPISODIC,,0,0
3f12376782beea22cedf17cb0ee4a99cc31f88d678d6ff0d50a73b36fbcbbb3b,STAGE_3_FROZEN_FORMAL_EVALUATION,13e2149fd53e9a3a5dbfde4a3400ef3376b9bb1a9092505b65fc36d74a48b01d,13e2149fd53e9a3a5dbfde4a3400ef3376b9bb1a9092505b65fc36d74a48b01d,FM1_MATCHED_RAW_EPISODIC,,0,0
3f2dc01943d5f3748d16c999d3ff133293c72b3161843f84d27c673cc019a01f,STAGE_3_FROZEN_FORMAL_EVALUATION,c1738b43244172e40daf363e27fd249c81b61bb14f3f1ccb93426dfcc1d6c188,c1738b43244172e40daf363e27fd249c81b61bb14f3f1ccb93426dfcc1d6c188,FM3_GATED_PRESCRIPTIVE,,0,0
3f36e248767234ab2dd23a5d1cbd3bf1221b7bd10a2b45b281c4ed055bf111b9,STAGE_3_FROZEN_FORMAL_EVALUATION,e38e5758b56c3ddc3addd7d391651c0eaacbc8e355d07b45d052202203610b11,e38e5758b56c3ddc3addd7d391651c0eaacbc8e355d07b45d052202203610b11,FM1_MATCHED_RAW_EPISODIC,,0,0
3fcfa5a30cba20c9601e026646fe4636d8aeccf950cde74561b517db54e863ec,STAGE_3_FROZEN_FORMAL_EVALUATION,ad1a433a25da48b982b531672dad6c67688d85dfb0edcc89852b41a2ce91fa97,ad1a433a25da48b982b531672dad6c67688d85dfb0edcc89852b41a2ce91fa97,FM1_MATCHED_RAW_EPISODIC,,0,0
4002a949bcf30e43ccc2c929c611484df5f20842927f9eb5d5bd4e61c88cce71,STAGE_3_FROZEN_FORMAL_EVALUATION,ad1a433a25da48b982b531672dad6c67688d85dfb0edcc89852b41a2ce91fa97,ad1a433a25da48b982b531672dad6c67688d85dfb0edcc89852b41a2ce91fa97,FM2_STRUCTURED_DESCRIPTIVE,,0,0
40d486ff8fa4a50f2b70b17958c3c26cc9f9350d292dc51b549cbe9e9ea35d47,STAGE_3_FROZEN_FORMAL_EVALUATION,dbcb6a14e0ad59c5020143c887ec34c3a75e3393a579d7a0e6413b47e17452a9,dbcb6a14e0ad59c5020143c887ec34c3a75e3393a579d7a0e6413b47e17452a9,FM2_STRUCTURED_DESCRIPTIVE,,0,0
40eef8caa26ea4cdca7878938bd6fbbbdf7498fdaa2e9102353af0ff43be3790,STAGE_3_FROZEN_FORMAL_EVALUATION,88cd8b27aaa35c6cf5ea92dd8af4b767ab3c508f57ef4412e6cfffa0ee0860a9,88cd8b27aaa35c6cf5ea92dd8af4b767ab3c508f57ef4412e6cfffa0ee0860a9,FM3_GATED_PRESCRIPTIVE,,0,0
40fbe0606b6cc6e85dcc5080c9bfb89f3588232b1077eaeb0b635eff25cc79ba,STAGE_3_FROZEN_FORMAL_EVALUATION,ae930f1c9fa2a61471b95a4344b8feb27a78c0115046ff487e4e13312a668249,ae930f1c9fa2a61471b95a4344b8feb27a78c0115046ff487e4e13312a668249,FM1_MATCHED_RAW_EPISODIC,,0,0
4135a7b6813c5b996a469777a9632dcd5adaa3813b748d2593302021719c17d6,STAGE_3_FROZEN_FORMAL_EVALUATION,460695368fcf50132ba0a0ef1fadb5ae026230dbbcddbab87a2b041aa10c2f73,460695368fcf50132ba0a0ef1fadb5ae026230dbbcddbab87a2b041aa10c2f73,FM3_GATED_PRESCRIPTIVE,,0,0
413fb43c8a3466ee577383f8b0296a7811fbcfaf44cc75099b7495810cf2c082,STAGE_3_FROZEN_FORMAL_EVALUATION,2b81b1a14808cf6e2a387203c073520e6887ce113e90454dfb441ac120dba603,2b81b1a14808cf6e2a387203c073520e6887ce113e90454dfb441ac120dba603,FM0_NO_MEMORY,,0,0
414de6ab9acdec5ea0d760c9a95cbe3c290235653b70e80ee7776fa2d5a90df2,STAGE_3_FROZEN_FORMAL_EVALUATION,88bdc49b4d58988d6da6672f056d8d671b48c599fc5d2dc8d681614f74acf052,88bdc49b4d58988d6da6672f056d8d671b48c599fc5d2dc8d681614f74acf052,FM1_MATCHED_RAW_EPISODIC,,0,0
41682e8d7f29bf4ffdb858900fbbc6320c53aa2dc2b09dcbe1b85807762ba6f6,STAGE_3_FROZEN_FORMAL_EVALUATION,2028f15fc7ecda068a4db7e482beba9d3e8f751252d60f068c2e7935e198c4d1,2028f15fc7ecda068a4db7e482beba9d3e8f751252d60f068c2e7935e198c4d1,FM3_GATED_PRESCRIPTIVE,,0,0
41c1f8ebdd0825eddeade57275732fccaab8de3c3803b33cd260fb8c32ac6bab,STAGE_3_FROZEN_FORMAL_EVALUATION,9ddcc003f32db2db39290984fb2d1819e6364bf3cafcc89e5ca42ff77f61af9f,9ddcc003f32db2db39290984fb2d1819e6364bf3cafcc89e5ca42ff77f61af9f,FM0_NO_MEMORY,,0,0
41df68d8cab62298a23e1ae7e4a1a146db0ba8c90861963ec68d7b4dc9951fcd,STAGE_3_FROZEN_FORMAL_EVALUATION,d3cf2c5f964092dfea7178456f04959d1b56fc9da243696b83b4b7a5ef72b656,d3cf2c5f964092dfea7178456f04959d1b56fc9da243696b83b4b7a5ef72b656,FM2_STRUCTURED_DESCRIPTIVE,,0,0
41e23a07536301f44d84476a566d723e34963029a8b4bf3f41f3855cfbe4bd6e,STAGE_3_FROZEN_FORMAL_EVALUATION,c85c5bf3ca4d310e76043d22465aa4f0a9f05b2e89f6763ed48aea0069b0b484,c85c5bf3ca4d310e76043d22465aa4f0a9f05b2e89f6763ed48aea0069b0b484,FM0_NO_MEMORY,,0,0
42f279609230c9b4293bca13c7e509faa7610b014fcc265797f171946bb51356,STAGE_3_FROZEN_FORMAL_EVALUATION,c8a61da53df787533b2a9b7483755aa04cbbf72edd02c33f7fd570004c1ce481,c8a61da53df787533b2a9b7483755aa04cbbf72edd02c33f7fd570004c1ce481,FM2_STRUCTURED_DESCRIPTIVE,,0,0
43cabacd57c88e07dedad51ce8953f06bfa9034553f34a68374c4ce898def0bb,STAGE_3_FROZEN_FORMAL_EVALUATION,5abbf1fe79627321f5936f5f5928273fc76014c200fb48081a73ffb67b1e8aa7,5abbf1fe79627321f5936f5f5928273fc76014c200fb48081a73ffb67b1e8aa7,FM0_NO_MEMORY,,0,0
43cc39c2afd3c097d86a8e71c7da935027b2a79ff39400cdb8136d78f8de472d,STAGE_3_FROZEN_FORMAL_EVALUATION,d9cae5ea66f1cda00086c86d040d1ccb8f72cee028425f7bc3e6da56d547feb6,d9cae5ea66f1cda00086c86d040d1ccb8f72cee028425f7bc3e6da56d547feb6,FM3_GATED_PRESCRIPTIVE,,0,0
43d96f26d485cbd1250163a3a54ed52073db4f05c44fbe94d005f57efb8f74d4,STAGE_3_FROZEN_FORMAL_EVALUATION,1ac635da19fddb65b0157b733fceae8aeaca4cf3a7f2d0b92e1410f94078baca,1ac635da19fddb65b0157b733fceae8aeaca4cf3a7f2d0b92e1410f94078baca,FM2_STRUCTURED_DESCRIPTIVE,,0,0
43f241796fd6948bcc8babe7563296f0e8ba8a646d93c3a091920fb4b95f147b,STAGE_3_FROZEN_FORMAL_EVALUATION,b65d7bfe8da830f4ef12ff6cd6a61b637ec630a76781ad725541f9803a118003,b65d7bfe8da830f4ef12ff6cd6a61b637ec630a76781ad725541f9803a118003,FM3_GATED_PRESCRIPTIVE,,0,0
43f561d6f9276527ca32db6126a5277093dfb09b6ed3e7e06993af42d7df007f,STAGE_3_FROZEN_FORMAL_EVALUATION,e52caa1bcbf936b896faf0a469c4d5445fe950b5e123d95d4e55d51ac1f90369,e52caa1bcbf936b896faf0a469c4d5445fe950b5e123d95d4e55d51ac1f90369,FM3_GATED_PRESCRIPTIVE,,0,0
4402d8e75f2e9a4ab5d8328b7cde041382f54d7e40bfcca35fcbdd0fdbf57047,STAGE_3_FROZEN_FORMAL_EVALUATION,645f36c72ef39192be89c8ead643822d988b1d07ec5f7a645f1e41549f814c2b,645f36c72ef39192be89c8ead643822d988b1d07ec5f7a645f1e41549f814c2b,FM2_STRUCTURED_DESCRIPTIVE,,0,0
440f57d015a19b39ffe498f422f9f3ae7cf3f123e162501a35e1c9deff689295,STAGE_3_FROZEN_FORMAL_EVALUATION,1ec1508e5a11de90e567d19e42eb4b2e72ba8f0d984a5873255b3a645122e1fc,1ec1508e5a11de90e567d19e42eb4b2e72ba8f0d984a5873255b3a645122e1fc,FM1_MATCHED_RAW_EPISODIC,,0,0
441ae1da7b33d1168609f533eb7d1909ea0e957b9cea6d008f2d01ea7e14df5c,STAGE_3_FROZEN_FORMAL_EVALUATION,00cd9fa3fd2dd43f74f3c00010e956bd4547c9eec5e34e7c3c5587c77de5f19b,00cd9fa3fd2dd43f74f3c00010e956bd4547c9eec5e34e7c3c5587c77de5f19b,FM3_GATED_PRESCRIPTIVE,,0,0
4439314c787b0aa471534ac0e20bc2ce2fb350559055b5f6ee03ebc40ed85d11,STAGE_3_FROZEN_FORMAL_EVALUATION,803cd1d2f6bb0fa03e999fd8f209befa2b0a531f05684d7a60ca066c38cc4974,803cd1d2f6bb0fa03e999fd8f209befa2b0a531f05684d7a60ca066c38cc4974,FM2_STRUCTURED_DESCRIPTIVE,,0,0
44570d33955bf5261b0b50deb33b583cc4dfe321020edf083acbb25ee82b13a2,STAGE_3_FROZEN_FORMAL_EVALUATION,32d710bd08e180ae1404a1ff32c534ad84aecc7955078784e880c68c7ff4d090,32d710bd08e180ae1404a1ff32c534ad84aecc7955078784e880c68c7ff4d090,FM0_NO_MEMORY,,0,0
445e35df90f0363a04b16a60738a94396ef989673c7a620964609979cabc6b54,STAGE_3_FROZEN_FORMAL_EVALUATION,135630e66a82eac380a5099292d384c77eb34719a5b9fa7b74cf263d85e919d6,135630e66a82eac380a5099292d384c77eb34719a5b9fa7b74cf263d85e919d6,FM0_NO_MEMORY,,0,0
447a163e67a4602ffe2b54f7f8efb07cfa31c6e7a17af37ca90e49f3bcd3a57f,STAGE_3_FROZEN_FORMAL_EVALUATION,2bffeb8054375400c6bd6f014c93457ce2320292a45cceb13173131612ad0069,2bffeb8054375400c6bd6f014c93457ce2320292a45cceb13173131612ad0069,FM2_STRUCTURED_DESCRIPTIVE,,0,0
44d79eeb8ad936d3205ee9d481b692de4fd85043b9f0909302ad2fe24a92a1b0,STAGE_3_FROZEN_FORMAL_EVALUATION,50734d37e1e04926e4a569f4682c0bb3601f9efbc71ce19c9e547755e9a423b1,50734d37e1e04926e4a569f4682c0bb3601f9efbc71ce19c9e547755e9a423b1,FM3_GATED_PRESCRIPTIVE,,0,0
45b2c6c8f3633f3008c0a7007c0b7ec7d332b9d98849550bb9946a6aa6fc946a,STAGE_3_FROZEN_FORMAL_EVALUATION,4f30a35053cad4e0686155c3c5213c50a3dd552ad17d61a5bb8fb93d2b2f5b27,4f30a35053cad4e0686155c3c5213c50a3dd552ad17d61a5bb8fb93d2b2f5b27,FM2_STRUCTURED_DESCRIPTIVE,,0,0
45bcf3a13088195d509d80895784a3ec8720dfba89f1e2f57091f2b05b5165ad,STAGE_3_FROZEN_FORMAL_EVALUATION,ed5db4ae73abdbb3a5e755d384a6ee5f7dfbe6909a3d467e326f0ad603c93d2d,ed5db4ae73abdbb3a5e755d384a6ee5f7dfbe6909a3d467e326f0ad603c93d2d,FM1_MATCHED_RAW_EPISODIC,,0,0
45cc8f1b266cdce8d26bc2b5c5e7640839b383f64c28fd5be040b6b14d5aa139,STAGE_3_FROZEN_FORMAL_EVALUATION,d8240c2488d3bb81795af30ba53135e56c92c7a52841a988c8d7a5739358ab08,d8240c2488d3bb81795af30ba53135e56c92c7a52841a988c8d7a5739358ab08,FM2_STRUCTURED_DESCRIPTIVE,,0,0
45dde890514c72b1253d632194a7e41a25395d3149722fa9b688a8601d13de17,STAGE_3_FROZEN_FORMAL_EVALUATION,39b8dda2ab6d5124465527a78bdb1c7d3e7f17b0c263b5b60f4731e8ff18ba1a,39b8dda2ab6d5124465527a78bdb1c7d3e7f17b0c263b5b60f4731e8ff18ba1a,FM2_STRUCTURED_DESCRIPTIVE,,0,0
46568a5c971df5e8f8c5b8dde7500ccdc05d9c79e580c91e23a238ffe67c4815,STAGE_3_FROZEN_FORMAL_EVALUATION,ad1a433a25da48b982b531672dad6c67688d85dfb0edcc89852b41a2ce91fa97,ad1a433a25da48b982b531672dad6c67688d85dfb0edcc89852b41a2ce91fa97,FM3_GATED_PRESCRIPTIVE,,0,0
46a8268caaf8cab27bf0f41d79bd425d66191a0c3871c53bb0fa167cf02bfac6,STAGE_3_FROZEN_FORMAL_EVALUATION,511662448d156e651c24e86fb7ef10785d2e9973ad805dbbd3998c3c3c01d388,511662448d156e651c24e86fb7ef10785d2e9973ad805dbbd3998c3c3c01d388,FM1_MATCHED_RAW_EPISODIC,,0,0
47172f0c4d3bd6c69da72d296b095ea17ca186fd49892cb5f17fcf9cf2216fe9,STAGE_3_FROZEN_FORMAL_EVALUATION,01b6f44034d4995181aa5affa292cb265f3baf44bcb2a9b63fe34193384eb983,01b6f44034d4995181aa5affa292cb265f3baf44bcb2a9b63fe34193384eb983,FM1_MATCHED_RAW_EPISODIC,,0,0
472295cd8e700d66bf3af6d2c1a564a8394d07131e22f37e4c2f50d32301dbb6,STAGE_3_FROZEN_FORMAL_EVALUATION,13e2149fd53e9a3a5dbfde4a3400ef3376b9bb1a9092505b65fc36d74a48b01d,13e2149fd53e9a3a5dbfde4a3400ef3376b9bb1a9092505b65fc36d74a48b01d,FM3_GATED_PRESCRIPTIVE,,0,0
4733148696530feab51e46f25fcdeda1fbc7f6cb0e4ccb3df920b097352bb753,STAGE_3_FROZEN_FORMAL_EVALUATION,3f231b5689ebd32ff89df5fda53d2d4daedd4eb16dd111822c78c63c861045a3,3f231b5689ebd32ff89df5fda53d2d4daedd4eb16dd111822c78c63c861045a3,FM3_GATED_PRESCRIPTIVE,,0,0
4749c15f8cf0733923c1402837bee1a8c253a01a0ed5734765881f2525ba0190,STAGE_3_FROZEN_FORMAL_EVALUATION,a76f38ef8ea0bf1900e575ffd987369402e81dbdbf15dbdfe99683946535bb6e,a76f38ef8ea0bf1900e575ffd987369402e81dbdbf15dbdfe99683946535bb6e,FM1_MATCHED_RAW_EPISODIC,,0,0
474a561dafe5cce396895122500e7d1389ff243d586bbc39ed111a1e057d8bfe,STAGE_3_FROZEN_FORMAL_EVALUATION,76fc9b08fbde6d96ef97c08040f16d74e41d6876602f495cda03e1b797caa69e,76fc9b08fbde6d96ef97c08040f16d74e41d6876602f495cda03e1b797caa69e,FM1_MATCHED_RAW_EPISODIC,,0,0
475196d99726709e49cb3847651e6f70a770889e03032495396cca65ad46ccd5,STAGE_3_FROZEN_FORMAL_EVALUATION,18dc1f1fbfa4eea9a727bd53e0c0abc6d5c973215ff98cfd748754f0d38c3da8,18dc1f1fbfa4eea9a727bd53e0c0abc6d5c973215ff98cfd748754f0d38c3da8,FM1_MATCHED_RAW_EPISODIC,,0,0
47e66458522d51cacf4a05649fb3e7360f42d2d8bbee4994d459c97f5cdd473d,STAGE_3_FROZEN_FORMAL_EVALUATION,33e1184ce21ceffc94a65d662f1228df22b509fcfe4dd2bde1ba9ce3902b7af5,33e1184ce21ceffc94a65d662f1228df22b509fcfe4dd2bde1ba9ce3902b7af5,FM1_MATCHED_RAW_EPISODIC,,0,0
49824916889a36e04d5d93e07134b91ff3dcb398feed5bb6bc849e5e6c3dfba2,STAGE_3_FROZEN_FORMAL_EVALUATION,f0f7cb11d3f0dd2aa4f1663d45e94ee73598024223e00426ca65f3dfd27f862e,f0f7cb11d3f0dd2aa4f1663d45e94ee73598024223e00426ca65f3dfd27f862e,FM1_MATCHED_RAW_EPISODIC,,0,0
4a488db33de72abc9820b668d76f3ac5b868ce67f206dde7ed70990df98e1adb,STAGE_3_FROZEN_FORMAL_EVALUATION,2f1a003fd0355c645d71e613db0ae974f3310e2528da4b163bbb8b3d4d15b6c3,2f1a003fd0355c645d71e613db0ae974f3310e2528da4b163bbb8b3d4d15b6c3,FM3_GATED_PRESCRIPTIVE,,0,0
4a4e0e45d90f55f59c72b19e249a0005c6044a29c42f16366105860465234255,STAGE_3_FROZEN_FORMAL_EVALUATION,c8347a1e5768c097e822ae9c21733737892678db531346665751cd7bb6986834,c8347a1e5768c097e822ae9c21733737892678db531346665751cd7bb6986834,FM0_NO_MEMORY,,0,0
4a90393faab88aa1cabb3f1d2798570cb7c858733c77029df8ccbdafd29685c1,STAGE_3_FROZEN_FORMAL_EVALUATION,0d20bca9ce80e3800b60a1b5149f9196655373a5e94271dfcc19e2a9a6396869,0d20bca9ce80e3800b60a1b5149f9196655373a5e94271dfcc19e2a9a6396869,FM0_NO_MEMORY,,0,0
4ab25a1dfc57913d87f83b15d3315da2f9cccba6618784b0947ffc79b4834409,STAGE_3_FROZEN_FORMAL_EVALUATION,65c2c2cfd5192b7e281fe5700e5452d24b7f62b00bfe64514308b501eb2df980,65c2c2cfd5192b7e281fe5700e5452d24b7f62b00bfe64514308b501eb2df980,FM3_GATED_PRESCRIPTIVE,,0,0
4ab3e4818394dd21faad8e8e1a5bf17f63770e4b93475b1588dc934c2cb1f1c3,STAGE_3_FROZEN_FORMAL_EVALUATION,f0f774a00a36e1e21f51b853f4cc81f9caaecf57623a197e11aeb8789a1edf6c,f0f774a00a36e1e21f51b853f4cc81f9caaecf57623a197e11aeb8789a1edf6c,FM1_MATCHED_RAW_EPISODIC,,0,0
4ab6147016c858225cf672ee5d5968d96a8fb73d0a40fc911961a90414d6fd43,STAGE_3_FROZEN_FORMAL_EVALUATION,c190aefb826e6dfc8c5b9bf277f44ac0796d1e7946e00deefa378417c7e5f2fc,c190aefb826e6dfc8c5b9bf277f44ac0796d1e7946e00deefa378417c7e5f2fc,FM1_MATCHED_RAW_EPISODIC,,0,0
4ab9f3b75a2c0d741dc69fa42e4f815998e16123f73d31bab16c9ea80e835b8e,STAGE_3_FROZEN_FORMAL_EVALUATION,33e1184ce21ceffc94a65d662f1228df22b509fcfe4dd2bde1ba9ce3902b7af5,33e1184ce21ceffc94a65d662f1228df22b509fcfe4dd2bde1ba9ce3902b7af5,FM0_NO_MEMORY,,0,0
4abb179e125c82ccca980827e9a427179f0236a04f43ad643484860699bd5e4d,STAGE_3_FROZEN_FORMAL_EVALUATION,2e9df11c7fed1372b50b3f536b1e3ff1bc62c7a26c0fe7f7829c7632f3e1dcb0,2e9df11c7fed1372b50b3f536b1e3ff1bc62c7a26c0fe7f7829c7632f3e1dcb0,FM1_MATCHED_RAW_EPISODIC,,0,0
4ad573109b73cf92fba5bc2dcf1b9a3b3477686b4e316a495e9b22c170bd0a4b,STAGE_3_FROZEN_FORMAL_EVALUATION,06cd8821902acb3e77a2259e295291a7c912a3359051bc7b04b2e5d441fb7eec,06cd8821902acb3e77a2259e295291a7c912a3359051bc7b04b2e5d441fb7eec,FM2_STRUCTURED_DESCRIPTIVE,,0,0
4b6331a4e5b9c2bd36dd0bd79c2894fa76551dc031e0d1d39d6231d4daaee85b,STAGE_3_FROZEN_FORMAL_EVALUATION,d8240c2488d3bb81795af30ba53135e56c92c7a52841a988c8d7a5739358ab08,d8240c2488d3bb81795af30ba53135e56c92c7a52841a988c8d7a5739358ab08,FM3_GATED_PRESCRIPTIVE,,0,0
4c162596a529248af6b15c52dedce544490b74daefe2d95c4eaa5faf20bbc9e5,STAGE_3_FROZEN_FORMAL_EVALUATION,6f18b2eb4b406eaf9e56507c5c766a4b2f064b1b330e5e6af52b020b1a1cb6a3,6f18b2eb4b406eaf9e56507c5c766a4b2f064b1b330e5e6af52b020b1a1cb6a3,FM2_STRUCTURED_DESCRIPTIVE,,0,0
4c1fd2b93603e710fdc141eca4102cf55ebee854a290aeca8577e257a2d8414a,STAGE_3_FROZEN_FORMAL_EVALUATION,534c2199ce65eb83ef537fa7fb0249e5f5a3569e62b55376579c80d1f896c4d2,534c2199ce65eb83ef537fa7fb0249e5f5a3569e62b55376579c80d1f896c4d2,FM3_GATED_PRESCRIPTIVE,,0,0
4c3356dfbe3158d485b0f31246ea6a068498cdcfd336bdc95cd95a8c825d4f43,STAGE_3_FROZEN_FORMAL_EVALUATION,803cd1d2f6bb0fa03e999fd8f209befa2b0a531f05684d7a60ca066c38cc4974,803cd1d2f6bb0fa03e999fd8f209befa2b0a531f05684d7a60ca066c38cc4974,FM3_GATED_PRESCRIPTIVE,,0,0
4c601d38af408f4149c4c4d7cf089282995efeda2443e1567b46c2cc7f9c14d4,STAGE_3_FROZEN_FORMAL_EVALUATION,0b2b1c2016801fa1243e08afa2178bc82c20433b00cb416d4b532d223e4d5c57,0b2b1c2016801fa1243e08afa2178bc82c20433b00cb416d4b532d223e4d5c57,FM0_NO_MEMORY,,0,0
4c9d349c0d603dc69f3d0375cbb9a1997db0115f82e0d8f71485c74475351532,STAGE_3_FROZEN_FORMAL_EVALUATION,a8aba4cd2aa81de8e21ca49a38463da802a43fed3d93fad152aeae84975ed943,a8aba4cd2aa81de8e21ca49a38463da802a43fed3d93fad152aeae84975ed943,FM2_STRUCTURED_DESCRIPTIVE,,0,0
4d23fa509f925dff692375a6dda38293580f0d8eb10c9f14290456463263838e,STAGE_3_FROZEN_FORMAL_EVALUATION,549a23cb6c731d43a0a452bf88018fc47764c196dc3103f7111c9ab1b574b9be,549a23cb6c731d43a0a452bf88018fc47764c196dc3103f7111c9ab1b574b9be,FM0_NO_MEMORY,,0,0
4d490e57d37b768c8ac6785826f434f26d04e3e6a51eec4f4ab8f96cbbed8dbf,STAGE_3_FROZEN_FORMAL_EVALUATION,ea1ac087cfdf9f5162202798830dd79e643334caca4e526bf96266c8f5d63eac,ea1ac087cfdf9f5162202798830dd79e643334caca4e526bf96266c8f5d63eac,FM2_STRUCTURED_DESCRIPTIVE,,0,0
4db9112d8ef37c4d5fd434f6a96a7b29c9691529b19c2347ebf89f47b9e60623,STAGE_3_FROZEN_FORMAL_EVALUATION,5a015a29e4c63536d51883df0906522e8d2aa34763976e67222247c20f558e40,5a015a29e4c63536d51883df0906522e8d2aa34763976e67222247c20f558e40,FM3_GATED_PRESCRIPTIVE,,0,0
4def07c712d7d9fb2dae3dcc9f8c53cdb3fb5138fa825ff4245a19eea1d9b1b9,STAGE_3_FROZEN_FORMAL_EVALUATION,5c0d0083789e2ea9f5e4cb4264d7cc014dd2cfb5a1bffdbb09e2d337394c1c0a,5c0d0083789e2ea9f5e4cb4264d7cc014dd2cfb5a1bffdbb09e2d337394c1c0a,FM3_GATED_PRESCRIPTIVE,,0,0
4e1f9a5f0a9b0f09d0fe4f6d81c50751c025ffbf9ed91c211697256ec8867399,STAGE_3_FROZEN_FORMAL_EVALUATION,a41a609f6b5423477704a84761cad4fa457868af583203080fd0a1caddd846af,a41a609f6b5423477704a84761cad4fa457868af583203080fd0a1caddd846af,FM3_GATED_PRESCRIPTIVE,,0,0
4ec1429d403cfe8904257f61b6e4078a93137cea15273fe954d725b482dce70c,STAGE_3_FROZEN_FORMAL_EVALUATION,34f0e800e86f45f20d8e4d8ea1649d5f882af7e99fe44db270a3f268f707ef0d,34f0e800e86f45f20d8e4d8ea1649d5f882af7e99fe44db270a3f268f707ef0d,FM2_STRUCTURED_DESCRIPTIVE,,0,0
4ec964fb87994bc76bcd8ced7a13c1ec8c52aa10511fe7a31a16300ae757a4b7,STAGE_3_FROZEN_FORMAL_EVALUATION,8c5007b8c62721da9c2834e6fbabb7231dd921cdb31635bf7ad95a300819298c,8c5007b8c62721da9c2834e6fbabb7231dd921cdb31635bf7ad95a300819298c,FM1_MATCHED_RAW_EPISODIC,,0,0
4f0a77ec9b731877fe483692fa0ab1b09456b756ddea9a33cfce929b65a4ac18,STAGE_3_FROZEN_FORMAL_EVALUATION,0b4e3161f84f42332f88ae31537c531ece103d0c77825e07185dc1980e265e34,0b4e3161f84f42332f88ae31537c531ece103d0c77825e07185dc1980e265e34,FM0_NO_MEMORY,,0,0
4f4a18d43e0870facdf61985d20e7489e18c382226c3c9584fad1a8e3b48effb,STAGE_3_FROZEN_FORMAL_EVALUATION,1e1387682d5bd068e241ecf10041cae32e437418c3d77a376d83c6bdeb0baf8f,1e1387682d5bd068e241ecf10041cae32e437418c3d77a376d83c6bdeb0baf8f,FM0_NO_MEMORY,,0,0
4f80cad55b9edb8ad057f86733725c9949ea2beb1e745a9e397cc30138ce0651,STAGE_3_FROZEN_FORMAL_EVALUATION,fd2efce47d9af9e913bdebb7d97e2588c8ef214b0b4e07bf67f3675140199bda,fd2efce47d9af9e913bdebb7d97e2588c8ef214b0b4e07bf67f3675140199bda,FM1_MATCHED_RAW_EPISODIC,,0,0
4f81112efbe2e789492d43555e9da846e01808d8416d5dc7f0b956cec2472bcc,STAGE_3_FROZEN_FORMAL_EVALUATION,b2d62e04f90466ef2aaf9ef221ada9fb4f5d19538c6d3f82a941365ac7ec2cea,b2d62e04f90466ef2aaf9ef221ada9fb4f5d19538c6d3f82a941365ac7ec2cea,FM1_MATCHED_RAW_EPISODIC,,0,0
4fa4a46ece5698f5851e274740f3a45f1646d8c0879b648c0a5e9ea7a7a0206d,STAGE_3_FROZEN_FORMAL_EVALUATION,16186e0b3272135a3b9123068f03ddedd919723a8e358c6d2907357b27af0f32,16186e0b3272135a3b9123068f03ddedd919723a8e358c6d2907357b27af0f32,FM3_GATED_PRESCRIPTIVE,,0,0
4fa5c5cc65b3ee01bb4f6d6b8d63958ecc68ec70cc0a0b0887655fb89cdf54d3,STAGE_3_FROZEN_FORMAL_EVALUATION,e52caa1bcbf936b896faf0a469c4d5445fe950b5e123d95d4e55d51ac1f90369,e52caa1bcbf936b896faf0a469c4d5445fe950b5e123d95d4e55d51ac1f90369,FM1_MATCHED_RAW_EPISODIC,,0,0
5050294c754d32871368ea1be3e367a3b24bcc67c31f16ad281eb57278d43a99,STAGE_3_FROZEN_FORMAL_EVALUATION,2be74b9b4e63b9edd26f27b183dc998adc7437be84d20fe45456659833c56389,2be74b9b4e63b9edd26f27b183dc998adc7437be84d20fe45456659833c56389,FM0_NO_MEMORY,,0,0
506c7a6cb54aad0ef8e60633b28f5424ad92ecb1582c7edb4eb3e28d66e8d885,STAGE_3_FROZEN_FORMAL_EVALUATION,2c6b3eecb2686868a6ca84d3bc7d15deaca0d5c4332406fdadc6bd8c6dbb86b7,2c6b3eecb2686868a6ca84d3bc7d15deaca0d5c4332406fdadc6bd8c6dbb86b7,FM0_NO_MEMORY,,0,0
5098e13ce829be92e2d335bd2d3f0a9226fe6381c8f9607a61544e98f3ad986a,STAGE_3_FROZEN_FORMAL_EVALUATION,ed5db4ae73abdbb3a5e755d384a6ee5f7dfbe6909a3d467e326f0ad603c93d2d,ed5db4ae73abdbb3a5e755d384a6ee5f7dfbe6909a3d467e326f0ad603c93d2d,FM0_NO_MEMORY,,0,0
5111dc31c1cdfe7f541a3cd6023ccadeeb323b5e3a9127d7f219b01c701425c0,STAGE_3_FROZEN_FORMAL_EVALUATION,5c0d0083789e2ea9f5e4cb4264d7cc014dd2cfb5a1bffdbb09e2d337394c1c0a,5c0d0083789e2ea9f5e4cb4264d7cc014dd2cfb5a1bffdbb09e2d337394c1c0a,FM2_STRUCTURED_DESCRIPTIVE,,0,0
5114cce283ced4df8290b82985c5344639c32487abbb71149971c5ccb5df80ad,STAGE_3_FROZEN_FORMAL_EVALUATION,6d138bd4feb3272a84eece56ecbd9da2d5466ba0f85bfb07ff66a54ec4cc56b0,6d138bd4feb3272a84eece56ecbd9da2d5466ba0f85bfb07ff66a54ec4cc56b0,FM0_NO_MEMORY,,0,0
515ce3fcff92d8c74422a4e67235cb6a1801adb2e4918a626342e6ef530f7d5f,STAGE_3_FROZEN_FORMAL_EVALUATION,c55110584e9dcbb3b2024fce22a5878063ffff3a38cef21ef5f595e54e438989,c55110584e9dcbb3b2024fce22a5878063ffff3a38cef21ef5f595e54e438989,FM1_MATCHED_RAW_EPISODIC,,0,0
51c8774783a88ed2e27f39eb330c179958029fb40693bd87d8631148935a1256,STAGE_3_FROZEN_FORMAL_EVALUATION,2070daad8acdd19be42421eb62af6b82fc7d2e047906a050eadc67ed1c2ca034,2070daad8acdd19be42421eb62af6b82fc7d2e047906a050eadc67ed1c2ca034,FM0_NO_MEMORY,,0,0
51f0bf49e2af58324694d6134957c6b15c7c90f0e57b90c1bf26681920ffab5f,STAGE_3_FROZEN_FORMAL_EVALUATION,2b81b1a14808cf6e2a387203c073520e6887ce113e90454dfb441ac120dba603,2b81b1a14808cf6e2a387203c073520e6887ce113e90454dfb441ac120dba603,FM1_MATCHED_RAW_EPISODIC,,0,0
529e935afce25272659a41b60659f0a7e8d8a4528df861fb993f455b3ced574f,STAGE_3_FROZEN_FORMAL_EVALUATION,fdb12bcc334c7fb0108211cbeda8742821f6868b96af8ff0cb24bf81013d6ee5,fdb12bcc334c7fb0108211cbeda8742821f6868b96af8ff0cb24bf81013d6ee5,FM2_STRUCTURED_DESCRIPTIVE,,0,0
52b5af6d5b860a6511e2a97b960a8617f939963dc735df1f457cd7c59bc6ffbd,STAGE_3_FROZEN_FORMAL_EVALUATION,c810370ea2093173ad60808ca87b8480b083cb0bc0906c6a0dd43387b6618fdf,c810370ea2093173ad60808ca87b8480b083cb0bc0906c6a0dd43387b6618fdf,FM2_STRUCTURED_DESCRIPTIVE,,0,0
533c084545de7c63ec0fea40ff3bc254c7636b7050e8e045920e3e51bc6e7008,STAGE_3_FROZEN_FORMAL_EVALUATION,92463efa84c99c592df09a1da4c9b2d38231b36167de01967f1b4ad4b1dfc309,92463efa84c99c592df09a1da4c9b2d38231b36167de01967f1b4ad4b1dfc309,FM2_STRUCTURED_DESCRIPTIVE,,0,0
53702ac90c80e235eeec6555e78d42d67d6bb0db07514983e42c8943ab7ccd64,STAGE_3_FROZEN_FORMAL_EVALUATION,a99aad62d7f3bc968de6cf1f35160e418e94704952998e0b5ac1d8d9a649a50e,a99aad62d7f3bc968de6cf1f35160e418e94704952998e0b5ac1d8d9a649a50e,FM0_NO_MEMORY,,0,0
53a8830313addde52584bdfa283d874db51f50ec445cfcd01d40afff958c3a28,STAGE_3_FROZEN_FORMAL_EVALUATION,7c99740d5facda9c9b03fd9eeeadac2fb3271d5a90decdb04769f184b6c5b5da,7c99740d5facda9c9b03fd9eeeadac2fb3271d5a90decdb04769f184b6c5b5da,FM2_STRUCTURED_DESCRIPTIVE,,0,0
53b4aa7d621b1509a6e873cb53f5810f7ed72b38b23df755936648c662bb6f65,STAGE_3_FROZEN_FORMAL_EVALUATION,397b48bd18e693d0194eaaf50e468b5b1f6d0c6f1303b17bba5d617f8a1ab9b1,397b48bd18e693d0194eaaf50e468b5b1f6d0c6f1303b17bba5d617f8a1ab9b1,FM1_MATCHED_RAW_EPISODIC,,0,0
53d33865027868f8a9452f40718a07f0162dc1e3db20c789bfe475018d3e3df4,STAGE_3_FROZEN_FORMAL_EVALUATION,c1738b43244172e40daf363e27fd249c81b61bb14f3f1ccb93426dfcc1d6c188,c1738b43244172e40daf363e27fd249c81b61bb14f3f1ccb93426dfcc1d6c188,FM2_STRUCTURED_DESCRIPTIVE,,0,0
53dd502402cc351198bc01183bd78fff72cff79f4b52382652f4b3151e797a3c,STAGE_3_FROZEN_FORMAL_EVALUATION,9eabea3d7d28b8c40dfeff869c8a7255802f9335a828b9d67b2189ba15a57c1f,9eabea3d7d28b8c40dfeff869c8a7255802f9335a828b9d67b2189ba15a57c1f,FM2_STRUCTURED_DESCRIPTIVE,,0,0
54251e2dc310eb6a1dbebe37d508d37b935608888ecc3f24ba453e04dfb9e967,STAGE_3_FROZEN_FORMAL_EVALUATION,a94ceae4b4b17ff847ddcd30d6fd0c221bf1845a7d6e9823a42474f0ad147a86,a94ceae4b4b17ff847ddcd30d6fd0c221bf1845a7d6e9823a42474f0ad147a86,FM2_STRUCTURED_DESCRIPTIVE,,0,0
548f61781f14457a46d32262e918855b48874b4468be8fb306948a769205d305,STAGE_3_FROZEN_FORMAL_EVALUATION,0f893331697e42979dc0e5214fcf075381be034f4ff1db40c70c54b171eb3611,0f893331697e42979dc0e5214fcf075381be034f4ff1db40c70c54b171eb3611,FM2_STRUCTURED_DESCRIPTIVE,,0,0
5490018c0c0e3969f06979d988e865e91ccaec7692680d8b57459fe6239ea90f,STAGE_3_FROZEN_FORMAL_EVALUATION,f8c043123df07f1668705685435925d69bfb37d945ab30fbea703fe36ef751ad,f8c043123df07f1668705685435925d69bfb37d945ab30fbea703fe36ef751ad,FM1_MATCHED_RAW_EPISODIC,,0,0
54e9cc73694de8e7a04148fd6e6a18636343dfc14a92a2af55c6f64753924919,STAGE_3_FROZEN_FORMAL_EVALUATION,8b77d955a9219274e8a9df633cb772b54b6d228697e33b3bca61ce72ce34b405,8b77d955a9219274e8a9df633cb772b54b6d228697e33b3bca61ce72ce34b405,FM2_STRUCTURED_DESCRIPTIVE,,0,0
55bb6375c8080156ebb09b94d3fa4cdd05f8615fc6bd2b4624d44f5f4294313d,STAGE_3_FROZEN_FORMAL_EVALUATION,3d19a2c079ecee1b216a9457a0db9fc24fe78568925c8bcea49af7b14012f8f2,3d19a2c079ecee1b216a9457a0db9fc24fe78568925c8bcea49af7b14012f8f2,FM1_MATCHED_RAW_EPISODIC,,0,0
55ea54ecb0c7a4508afa0aafb1448fd6a4d58db6d0d3621585dfa1a4302cdad8,STAGE_3_FROZEN_FORMAL_EVALUATION,784e7088ee513af0469e8122fbd9ce2828385430c2c592ce0f604f67877b28db,784e7088ee513af0469e8122fbd9ce2828385430c2c592ce0f604f67877b28db,FM2_STRUCTURED_DESCRIPTIVE,,0,0
56071db2bb9ead65cbe5c2098a64b5d0e997ea305595cd0d428037e37700da50,STAGE_3_FROZEN_FORMAL_EVALUATION,d8240c2488d3bb81795af30ba53135e56c92c7a52841a988c8d7a5739358ab08,d8240c2488d3bb81795af30ba53135e56c92c7a52841a988c8d7a5739358ab08,FM1_MATCHED_RAW_EPISODIC,,0,0
562d902bc6e8774eb60f72ce1abb78938c1afdb7ed6485851a7cccbe901e5ca0,STAGE_3_FROZEN_FORMAL_EVALUATION,5e910bbc72b892506277ed6dc213e757a8ad32d90fc7dd862c5ae7671caca163,5e910bbc72b892506277ed6dc213e757a8ad32d90fc7dd862c5ae7671caca163,FM2_STRUCTURED_DESCRIPTIVE,,0,0
5662742100577c5fe8b20a828b42347321102585e2f65e1c01e9b5bedb2abe1a,STAGE_3_FROZEN_FORMAL_EVALUATION,301913133ed097db409eb3150f688ae8b0c5fbfd4f9d4d2cbe75e6006e4ec441,301913133ed097db409eb3150f688ae8b0c5fbfd4f9d4d2cbe75e6006e4ec441,FM0_NO_MEMORY,,0,0
56fcccaa72e7f49abdd5191f9a5f9069689aa3075112e53abe8d49f3d92fe221,STAGE_3_FROZEN_FORMAL_EVALUATION,3c96fcc7d27dd498cdd1b3439dafedf1af5dccc95c8f067008f2bbe6e2b60822,3c96fcc7d27dd498cdd1b3439dafedf1af5dccc95c8f067008f2bbe6e2b60822,FM3_GATED_PRESCRIPTIVE,,0,0
571f7cda7b2c5dbb82994cc15ece73ac58f2556d5dbfeb97ee255f9ccb457dc6,STAGE_3_FROZEN_FORMAL_EVALUATION,787d7b1d6567c6f4df89749353667031edb54e991ec58f4ed7e74ceb9a390c8e,787d7b1d6567c6f4df89749353667031edb54e991ec58f4ed7e74ceb9a390c8e,FM1_MATCHED_RAW_EPISODIC,,0,0
576f058e98054fbc959a056022805c7d8f58049a8ee53ec147a7d6ba6efe7119,STAGE_3_FROZEN_FORMAL_EVALUATION,0546262c74097336093c393a5649a8fa7e431a7a1737d029b119318915397463,0546262c74097336093c393a5649a8fa7e431a7a1737d029b119318915397463,FM3_GATED_PRESCRIPTIVE,,0,0
57b3473ca9be80dfd56f235b08fed8972205afb85e4cfd4beb8488cbe6aae03d,STAGE_3_FROZEN_FORMAL_EVALUATION,92463efa84c99c592df09a1da4c9b2d38231b36167de01967f1b4ad4b1dfc309,92463efa84c99c592df09a1da4c9b2d38231b36167de01967f1b4ad4b1dfc309,FM0_NO_MEMORY,,0,0
57d1737c4e9e23dbe5d99398f94fcc863ea1f4bc3667d3d0627f53ef0df68559,STAGE_3_FROZEN_FORMAL_EVALUATION,1f713258cf7ccd65b75b595b4a71a921426786dc5d7496c61071c176a600c6a0,1f713258cf7ccd65b75b595b4a71a921426786dc5d7496c61071c176a600c6a0,FM2_STRUCTURED_DESCRIPTIVE,,0,0
57d237e90b052e734b7cfa6ae9b1f0968ed32a794a9b88d32be10e12e4eb974e,STAGE_3_FROZEN_FORMAL_EVALUATION,bbbf912b2f269f41853be14d529851451fd2e48b81ac81938b3008507e6f5d7e,bbbf912b2f269f41853be14d529851451fd2e48b81ac81938b3008507e6f5d7e,FM3_GATED_PRESCRIPTIVE,,0,0
57e193ac08153a1c0217e7eddbc50ca9275aa647e3c8456b13a7242121331724,STAGE_3_FROZEN_FORMAL_EVALUATION,f500633f7992b75a082c682cf4396c50b5a20978657b032bd3ec9c5455c1f993,f500633f7992b75a082c682cf4396c50b5a20978657b032bd3ec9c5455c1f993,FM3_GATED_PRESCRIPTIVE,,0,0
581d3f1780777652bb3d956cd821db0f9dd3aad6326c17fb05185c3d6b2e167c,STAGE_3_FROZEN_FORMAL_EVALUATION,1f713258cf7ccd65b75b595b4a71a921426786dc5d7496c61071c176a600c6a0,1f713258cf7ccd65b75b595b4a71a921426786dc5d7496c61071c176a600c6a0,FM3_GATED_PRESCRIPTIVE,,0,0
583891861d3f7cd1ed94ad42b6c193d5e48d6fbba601738f948ac90c19802b79,STAGE_3_FROZEN_FORMAL_EVALUATION,63b85e91086d40f52ba0553f4dc65ecece2a8f16b2c5232bd4a986468e884bd0,63b85e91086d40f52ba0553f4dc65ecece2a8f16b2c5232bd4a986468e884bd0,FM3_GATED_PRESCRIPTIVE,,0,0
5848dd098181d3c0837c964f534c48b240ccb28b395c379d523bbdec818d88d3,STAGE_3_FROZEN_FORMAL_EVALUATION,f37c0084751707c0ca56375140c69b3797d7c71577b7896f29d84ca7f900a77b,f37c0084751707c0ca56375140c69b3797d7c71577b7896f29d84ca7f900a77b,FM3_GATED_PRESCRIPTIVE,,0,0
586ca6e905d36bd2119205c136ae944fcb564e38d354277281d26ba81d8901f6,STAGE_3_FROZEN_FORMAL_EVALUATION,70ff714028c2b470c09e03dd366b6c3295aa87c70378649a3e8e3c17eaed27d1,70ff714028c2b470c09e03dd366b6c3295aa87c70378649a3e8e3c17eaed27d1,FM1_MATCHED_RAW_EPISODIC,,0,0
587d5823993097b7e5fdc4ec44607b53d9061fe0751a539e33a26e575831de2f,STAGE_3_FROZEN_FORMAL_EVALUATION,47642b364aa6cc5c6c5aee4f5b7f30b2947b636916ab55bd9705c3a5cf600a88,47642b364aa6cc5c6c5aee4f5b7f30b2947b636916ab55bd9705c3a5cf600a88,FM2_STRUCTURED_DESCRIPTIVE,,0,0
589e2c219705aa89379fc4aac5fbc5300f2fae2834a8a1b910457b895d39a861,STAGE_3_FROZEN_FORMAL_EVALUATION,fb24b3dff92768b8c15b84c8c14964076dc7750b353328367208bb4a7ed2713f,fb24b3dff92768b8c15b84c8c14964076dc7750b353328367208bb4a7ed2713f,FM1_MATCHED_RAW_EPISODIC,,0,0
58d67fbdf3d0822020f47b7072bd9859444fe3a602a649a2eaed7ac733c25dac,STAGE_3_FROZEN_FORMAL_EVALUATION,0daf369ee1493afd993c377f6c49eedbe493abd88624206266ccb0c3e236ebad,0daf369ee1493afd993c377f6c49eedbe493abd88624206266ccb0c3e236ebad,FM2_STRUCTURED_DESCRIPTIVE,,0,0
58de2ee0ace42550eeb25e4776c48f01e172de1769b8f4d489a2efca7c2d27ae,STAGE_3_FROZEN_FORMAL_EVALUATION,f25921b4ba82b234150556f4097b59d4581bffbb78a2ef13443b2389dd9db973,f25921b4ba82b234150556f4097b59d4581bffbb78a2ef13443b2389dd9db973,FM0_NO_MEMORY,,0,0
58ffa2b1b1eb17362a8425dbc6c47211189f97626d9bf8efefef453bb0b67f4d,STAGE_3_FROZEN_FORMAL_EVALUATION,ff3faf0528b470b5433e01c605858a10e2f9bd60322a0ce6ce4af69ed3560e5b,ff3faf0528b470b5433e01c605858a10e2f9bd60322a0ce6ce4af69ed3560e5b,FM0_NO_MEMORY,,0,0
599e111ea9a836b79bc71ef2276cf7e9c965b5b7aa8669aa95b164ce527456e0,STAGE_3_FROZEN_FORMAL_EVALUATION,d2630d46f12e3337e921f8f8e8fb4d16871cefd9820f476666ae4b4fce9ea233,d2630d46f12e3337e921f8f8e8fb4d16871cefd9820f476666ae4b4fce9ea233,FM2_STRUCTURED_DESCRIPTIVE,,0,0
59c0f000d917c2024044d9d6f5f837235005c3d03e5d9b1e7897e2b1dd1126df,STAGE_3_FROZEN_FORMAL_EVALUATION,9ddcc003f32db2db39290984fb2d1819e6364bf3cafcc89e5ca42ff77f61af9f,9ddcc003f32db2db39290984fb2d1819e6364bf3cafcc89e5ca42ff77f61af9f,FM2_STRUCTURED_DESCRIPTIVE,,0,0
59f44fe11c5de0ef3b2a26618b14c30385906ea1fb056aca99865312939c40ac,STAGE_3_FROZEN_FORMAL_EVALUATION,c8347a1e5768c097e822ae9c21733737892678db531346665751cd7bb6986834,c8347a1e5768c097e822ae9c21733737892678db531346665751cd7bb6986834,FM3_GATED_PRESCRIPTIVE,,0,0
5a6aa13535a88b99a74aa5839c9075441fb88eea2b8e8e88f86cbbbb9582d139,STAGE_3_FROZEN_FORMAL_EVALUATION,1f144d6f19febefc941beddbf8940e69600eb3df412769b259b52c14e487a739,1f144d6f19febefc941beddbf8940e69600eb3df412769b259b52c14e487a739,FM3_GATED_PRESCRIPTIVE,,0,0
5b9da567048cc0010508f636c03a1f667aa89003521b951e47cd11f7f330fd35,STAGE_3_FROZEN_FORMAL_EVALUATION,3f72df965c1ab08042dcc8e82955b09eda454ed01e118c3b166c3be3bec2ae2e,3f72df965c1ab08042dcc8e82955b09eda454ed01e118c3b166c3be3bec2ae2e,FM2_STRUCTURED_DESCRIPTIVE,,0,0
5bf9b4afa7c8de79f4a2a69ac4541b1fce3349188f01210d092d30e79a7c2b71,STAGE_3_FROZEN_FORMAL_EVALUATION,35cf4034fdaf61fbf4b7c86682509cef8f9aeb8b3bbf3e7158ac17114878473a,35cf4034fdaf61fbf4b7c86682509cef8f9aeb8b3bbf3e7158ac17114878473a,FM2_STRUCTURED_DESCRIPTIVE,,0,0
5c3a4c455d76a466b98acd2ebd1205e94c019403cefc2921a81efe9ff3a2ed3f,STAGE_3_FROZEN_FORMAL_EVALUATION,0f893331697e42979dc0e5214fcf075381be034f4ff1db40c70c54b171eb3611,0f893331697e42979dc0e5214fcf075381be034f4ff1db40c70c54b171eb3611,FM1_MATCHED_RAW_EPISODIC,,0,0
5c3f490fd9424774f3a823fcbf19eb0acadbbb6691f4746ea8869b4fbe165321,STAGE_3_FROZEN_FORMAL_EVALUATION,1b685d05815e5f3358d274b9189b54c7c4e78318a5b57e8c055bf9a7e22b701b,1b685d05815e5f3358d274b9189b54c7c4e78318a5b57e8c055bf9a7e22b701b,FM3_GATED_PRESCRIPTIVE,,0,0
5c5193b5236f9033f140ab5b89bf6375e7b9092d104fc598ec65f39728bdb915,STAGE_3_FROZEN_FORMAL_EVALUATION,22c782dc65da973bdea2324ca6e7dfb1ce14e3ec48a23619076398dc028df6f1,22c782dc65da973bdea2324ca6e7dfb1ce14e3ec48a23619076398dc028df6f1,FM3_GATED_PRESCRIPTIVE,,0,0
5cc2dbe92c2d49ed8845f692870eb18c6daad26f70875f83fc4fef06f643873a,STAGE_3_FROZEN_FORMAL_EVALUATION,ed5db4ae73abdbb3a5e755d384a6ee5f7dfbe6909a3d467e326f0ad603c93d2d,ed5db4ae73abdbb3a5e755d384a6ee5f7dfbe6909a3d467e326f0ad603c93d2d,FM2_STRUCTURED_DESCRIPTIVE,,0,0
5cec38c468ee0f9d9d0e1855e17fc203b1429419aee5957c1643aa6c47f48dfa,STAGE_3_FROZEN_FORMAL_EVALUATION,8ef1eea0e1fcea4c38f5d3af0f0b590c94b17730187ff80ae965f05317dc4254,8ef1eea0e1fcea4c38f5d3af0f0b590c94b17730187ff80ae965f05317dc4254,FM2_STRUCTURED_DESCRIPTIVE,,0,0
5cf4903894ef4e3b79d1a79e5e7f93146db2648b20f443b6c0dca17b606e4bed,STAGE_3_FROZEN_FORMAL_EVALUATION,e52caa1bcbf936b896faf0a469c4d5445fe950b5e123d95d4e55d51ac1f90369,e52caa1bcbf936b896faf0a469c4d5445fe950b5e123d95d4e55d51ac1f90369,FM2_STRUCTURED_DESCRIPTIVE,,0,0
5d93a1221a5060bd225e9763d89ba96bbc0e39e217f853e48abcc93f54582576,STAGE_3_FROZEN_FORMAL_EVALUATION,65c2c2cfd5192b7e281fe5700e5452d24b7f62b00bfe64514308b501eb2df980,65c2c2cfd5192b7e281fe5700e5452d24b7f62b00bfe64514308b501eb2df980,FM2_STRUCTURED_DESCRIPTIVE,,0,0
5dbe114587e4abc229bead1737ec4af2911181571f6fdc3599a293115de41280,STAGE_3_FROZEN_FORMAL_EVALUATION,f4566380c9b89654ff2e13ff5594c96f05ae8b4f94914c9c09862694bbbd77f8,f4566380c9b89654ff2e13ff5594c96f05ae8b4f94914c9c09862694bbbd77f8,FM1_MATCHED_RAW_EPISODIC,,0,0
5e74954e346051c7b7ed34752e18e971901818f79dac1dd16a7d2258240c647d,STAGE_3_FROZEN_FORMAL_EVALUATION,7c99740d5facda9c9b03fd9eeeadac2fb3271d5a90decdb04769f184b6c5b5da,7c99740d5facda9c9b03fd9eeeadac2fb3271d5a90decdb04769f184b6c5b5da,FM1_MATCHED_RAW_EPISODIC,,0,0
5e9ada4f7e9603f1ad3d8852e21052fb7141800886ca7a60738fa9f60f7ba816,STAGE_3_FROZEN_FORMAL_EVALUATION,61083acd4289523e5afa6363f9e4e5010b3f14d364f5a916349883b7bd82e74f,61083acd4289523e5afa6363f9e4e5010b3f14d364f5a916349883b7bd82e74f,FM0_NO_MEMORY,,0,0
5ee26bd3dd14609f6e7eb519bd93e2b6f5b296bc849e1613fb5f98f2ee2f5a63,STAGE_3_FROZEN_FORMAL_EVALUATION,482ebf7a2ce4b0859dd139d627a6b899f3a0055239974db8eba7c6e46c3c7d6c,482ebf7a2ce4b0859dd139d627a6b899f3a0055239974db8eba7c6e46c3c7d6c,FM2_STRUCTURED_DESCRIPTIVE,,0,0
5ef159a522c284d067fc2eb8ebd0425a71804291903ffc4b6032e0b136414483,STAGE_3_FROZEN_FORMAL_EVALUATION,990e639bf08be7722a4469c981f6be824f8c0e9ed811c622621b3fdf2b27efc0,990e639bf08be7722a4469c981f6be824f8c0e9ed811c622621b3fdf2b27efc0,FM0_NO_MEMORY,,0,0
5f15ae5451a5bf62661a7155d6877afc853a439394e3429cff19d5bbb8948ee8,STAGE_3_FROZEN_FORMAL_EVALUATION,db593769c0ccb8780a911d475a94942656d50f1d03de0e88ffe42a2d162d35bd,db593769c0ccb8780a911d475a94942656d50f1d03de0e88ffe42a2d162d35bd,FM0_NO_MEMORY,,0,0
5f1f2e089287f721d7aa6b6affe72c1bc883ad12359970e4a5f14cda70cf3c1f,STAGE_3_FROZEN_FORMAL_EVALUATION,f43a9c21b95447ad2dc23ab3833ed58b57a517d511b19864aff293253dba6125,f43a9c21b95447ad2dc23ab3833ed58b57a517d511b19864aff293253dba6125,FM0_NO_MEMORY,,0,0
5f71a26e6b04a6bdd144a84d011d1eb3f23b92045979a17776aba6aee8b1992a,STAGE_3_FROZEN_FORMAL_EVALUATION,8c80b61d6eba8f29e9e2cfbee18a3d900fbc2c34a4ccf7e5f17b5a4815cb8049,8c80b61d6eba8f29e9e2cfbee18a3d900fbc2c34a4ccf7e5f17b5a4815cb8049,FM2_STRUCTURED_DESCRIPTIVE,,0,0
5fc491041791c3f48cb8ccb14f032820b09c2247fae4222bbd0270b2e0eee874,STAGE_3_FROZEN_FORMAL_EVALUATION,a99aad62d7f3bc968de6cf1f35160e418e94704952998e0b5ac1d8d9a649a50e,a99aad62d7f3bc968de6cf1f35160e418e94704952998e0b5ac1d8d9a649a50e,FM1_MATCHED_RAW_EPISODIC,,0,0
5fe0f78e10c8fc8f9574ec02633f9846fa78d4298cccba9b9d35f9dd281a0fe2,STAGE_3_FROZEN_FORMAL_EVALUATION,2223403684b8c0961dd02805a30a9cdf20838732cfce42a067ca35f937addf09,2223403684b8c0961dd02805a30a9cdf20838732cfce42a067ca35f937addf09,FM0_NO_MEMORY,,0,0
5ffeeeb112a122c2c4dfbf440d13763c9be64ec6b3dff8c063b9acc9a9bf1b60,STAGE_3_FROZEN_FORMAL_EVALUATION,2236e910ed5c0d96cb6aa1be5f7ba60e55290a53c8876416c5b67e87462a4af4,2236e910ed5c0d96cb6aa1be5f7ba60e55290a53c8876416c5b67e87462a4af4,FM2_STRUCTURED_DESCRIPTIVE,,0,0
60140ac7e01b9e937f5649d2ec5b336a9798c5fa62aa5f5310687504747d3449,STAGE_3_FROZEN_FORMAL_EVALUATION,990e639bf08be7722a4469c981f6be824f8c0e9ed811c622621b3fdf2b27efc0,990e639bf08be7722a4469c981f6be824f8c0e9ed811c622621b3fdf2b27efc0,FM2_STRUCTURED_DESCRIPTIVE,,0,0
602815a5c23a69987c8793aed65846a776331df8d37c61399ba253441c685915,STAGE_3_FROZEN_FORMAL_EVALUATION,395816af774fd4bf554cc547f74905254e4031f4b2ca51abb20bec5f61665334,395816af774fd4bf554cc547f74905254e4031f4b2ca51abb20bec5f61665334,FM1_MATCHED_RAW_EPISODIC,,0,0
603489fa167bb62d462da665cd749a773ddfce8cee96c305c1f7ee5807d60022,STAGE_3_FROZEN_FORMAL_EVALUATION,729c6acafa551802247b663f7da1cd8fbe14f9151156cf968b2aa12874789f80,729c6acafa551802247b663f7da1cd8fbe14f9151156cf968b2aa12874789f80,FM3_GATED_PRESCRIPTIVE,,0,0
6038a3b372fb5beb8e758422ae5586eb477b76afc41b3e61b7cf49d2cc4b3a7a,STAGE_3_FROZEN_FORMAL_EVALUATION,ee53869fc560245e88ed4aba3e8b407fad5d2113b834c3381221e2cf4c199e45,ee53869fc560245e88ed4aba3e8b407fad5d2113b834c3381221e2cf4c199e45,FM1_MATCHED_RAW_EPISODIC,,0,0
604762807c70579954faf4a5382707b2b3ee88dd04906129907663437ed1e740,STAGE_3_FROZEN_FORMAL_EVALUATION,194bb13bb086bbb717fdae1d0c25ab8b8b94e67d3ccc2f8c4ae9767475a7d5ef,194bb13bb086bbb717fdae1d0c25ab8b8b94e67d3ccc2f8c4ae9767475a7d5ef,FM0_NO_MEMORY,,0,0
606a911322d11b075bfab9a523cf7618af18bf21f3e3406941be4aa77223be29,STAGE_3_FROZEN_FORMAL_EVALUATION,f09097299bf65889474571e66be4919ff718772fa9c57c423a008eaeb8e514a9,f09097299bf65889474571e66be4919ff718772fa9c57c423a008eaeb8e514a9,FM1_MATCHED_RAW_EPISODIC,,0,0
606e9e312d12c92a6bb6d891cbb265f5360ec38d4d1d7da6bb2f33d121e2506e,STAGE_3_FROZEN_FORMAL_EVALUATION,2a326c9d5d194b28c4780dd4a611dbc7f6fda7ab51fb0eb3073e309b9284681e,2a326c9d5d194b28c4780dd4a611dbc7f6fda7ab51fb0eb3073e309b9284681e,FM0_NO_MEMORY,,0,0
60a2cac607b28b568f4a8510e1d22a688b26044d1a993ecd57d122d2fb5d2df4,STAGE_3_FROZEN_FORMAL_EVALUATION,784e7088ee513af0469e8122fbd9ce2828385430c2c592ce0f604f67877b28db,784e7088ee513af0469e8122fbd9ce2828385430c2c592ce0f604f67877b28db,FM0_NO_MEMORY,,0,0
60a34f3b75c53a33ea440bcb31192458ab8922043ee0798dd4999accc1025b16,STAGE_3_FROZEN_FORMAL_EVALUATION,c873f7f4202e3594f83a6de5352fef5518214937a708d661dba5e5b19e54b552,c873f7f4202e3594f83a6de5352fef5518214937a708d661dba5e5b19e54b552,FM0_NO_MEMORY,,0,0
60c25d58debe7e4241931ea07bd72d480ab305c80d472a726c6654496c2f8d68,STAGE_3_FROZEN_FORMAL_EVALUATION,e8e9a6a6957ab0d09aacf53957cdc5c122e69b559e566e92421c7c7315598579,e8e9a6a6957ab0d09aacf53957cdc5c122e69b559e566e92421c7c7315598579,FM2_STRUCTURED_DESCRIPTIVE,,0,0
61a36102a621b853ed965d4e47612ed8e328e22ef1950e5ee4dda61a7ffddb50,STAGE_3_FROZEN_FORMAL_EVALUATION,3ebb77a2503286efa98e7a643565ddcd94c4f270ac1323da8b48a372f71c2df4,3ebb77a2503286efa98e7a643565ddcd94c4f270ac1323da8b48a372f71c2df4,FM1_MATCHED_RAW_EPISODIC,,0,0
61b68eb0b17943a4927bb996419d205340bbbce64b106256dd456095c7fb87c4,STAGE_3_FROZEN_FORMAL_EVALUATION,ad14fc1e62c5d155e71f05dd240bdf939066c26356d21c981def9d32eb1644dc,ad14fc1e62c5d155e71f05dd240bdf939066c26356d21c981def9d32eb1644dc,FM1_MATCHED_RAW_EPISODIC,,0,0
61bd08ba70900a210e37c5eab3bf3dae81da02b1c3af32a8086b4f13d96225bc,STAGE_3_FROZEN_FORMAL_EVALUATION,1d9beeb0de383df1162fb66567670068820190ce583428db2154cd269edcd0a2,1d9beeb0de383df1162fb66567670068820190ce583428db2154cd269edcd0a2,FM3_GATED_PRESCRIPTIVE,,0,0
61c2c20ad66dd1622909745aa52d6f75da3ec53fa0fb430a3f2a64d87f13bc68,STAGE_3_FROZEN_FORMAL_EVALUATION,990e639bf08be7722a4469c981f6be824f8c0e9ed811c622621b3fdf2b27efc0,990e639bf08be7722a4469c981f6be824f8c0e9ed811c622621b3fdf2b27efc0,FM3_GATED_PRESCRIPTIVE,,0,0
61e84eb8448fb7b3aa8ddd7ac0e42431621de351d85a357e063b101cf662bb3e,STAGE_3_FROZEN_FORMAL_EVALUATION,b65d7bfe8da830f4ef12ff6cd6a61b637ec630a76781ad725541f9803a118003,b65d7bfe8da830f4ef12ff6cd6a61b637ec630a76781ad725541f9803a118003,FM2_STRUCTURED_DESCRIPTIVE,,0,0
627740bdad8eb4f16bedf1aa9f6dfc7fee574882dc479792d6540f3f139b3add,STAGE_3_FROZEN_FORMAL_EVALUATION,34f0e800e86f45f20d8e4d8ea1649d5f882af7e99fe44db270a3f268f707ef0d,34f0e800e86f45f20d8e4d8ea1649d5f882af7e99fe44db270a3f268f707ef0d,FM3_GATED_PRESCRIPTIVE,,0,0
62cdff6668257bf2d608e8e624ac56d3580918536e25f3443d7dd203a91519f8,STAGE_3_FROZEN_FORMAL_EVALUATION,6353e63200064e2d08408ca252123a12691ea29742dbb879ca7b30f76e0c2b28,6353e63200064e2d08408ca252123a12691ea29742dbb879ca7b30f76e0c2b28,FM1_MATCHED_RAW_EPISODIC,,0,0
62d6a2e028ade9ae42a0543715cc0f69d278fb549786ba33b6ca209104e0a7e0,STAGE_3_FROZEN_FORMAL_EVALUATION,1f713258cf7ccd65b75b595b4a71a921426786dc5d7496c61071c176a600c6a0,1f713258cf7ccd65b75b595b4a71a921426786dc5d7496c61071c176a600c6a0,FM0_NO_MEMORY,,0,0
62df03c3cbf789f7349b403ec3fd674fb0f2a9b50853d4c15fb35cbea23cc54f,STAGE_3_FROZEN_FORMAL_EVALUATION,7a6c4d1ab0e228239f1ca7195b580758539f2b2a8cd8eb4999bbcf8be7b3348c,7a6c4d1ab0e228239f1ca7195b580758539f2b2a8cd8eb4999bbcf8be7b3348c,FM3_GATED_PRESCRIPTIVE,,0,0
6346a29c5ffc12dbb9977b24c444b40e9850570781ef388b6c0b377400a31389,STAGE_3_FROZEN_FORMAL_EVALUATION,bd8aa757af6e3f896eca38f90cc154a0b11d980dc1e91ef14a91266ff8ec4298,bd8aa757af6e3f896eca38f90cc154a0b11d980dc1e91ef14a91266ff8ec4298,FM1_MATCHED_RAW_EPISODIC,,0,0
636798a9ec0ed6339666df6ec6bef4cac1c1b3364ca61eff91b30233c0491e12,STAGE_3_FROZEN_FORMAL_EVALUATION,a6e31827a86f728742e6c2a28d9797331b6abee643208c83d7597fbb9aa184ef,a6e31827a86f728742e6c2a28d9797331b6abee643208c83d7597fbb9aa184ef,FM3_GATED_PRESCRIPTIVE,,0,0
636baaa08c591664897fd81add27d7b60efe7c699dfa4957b267c3b60ceab036,STAGE_3_FROZEN_FORMAL_EVALUATION,ed5db4ae73abdbb3a5e755d384a6ee5f7dfbe6909a3d467e326f0ad603c93d2d,ed5db4ae73abdbb3a5e755d384a6ee5f7dfbe6909a3d467e326f0ad603c93d2d,FM3_GATED_PRESCRIPTIVE,,0,0
6381d0d7da870cb6b7cccddb5ac7ff5b2b7717159c7cc70b77f942586e711209,STAGE_3_FROZEN_FORMAL_EVALUATION,d9cae5ea66f1cda00086c86d040d1ccb8f72cee028425f7bc3e6da56d547feb6,d9cae5ea66f1cda00086c86d040d1ccb8f72cee028425f7bc3e6da56d547feb6,FM2_STRUCTURED_DESCRIPTIVE,,0,0
6387c30797ca1adcedae391abafa094bbad77858c2658540a15f57c835b7b371,STAGE_3_FROZEN_FORMAL_EVALUATION,301913133ed097db409eb3150f688ae8b0c5fbfd4f9d4d2cbe75e6006e4ec441,301913133ed097db409eb3150f688ae8b0c5fbfd4f9d4d2cbe75e6006e4ec441,FM3_GATED_PRESCRIPTIVE,,0,0
639e23294cdb0eb9231a5b3399a9808b24d10d4261fce835ba31feac9be540ba,STAGE_3_FROZEN_FORMAL_EVALUATION,f45d37703437d976338dc34d8063f826178c510defb4a5190f1c1b44899f3cb8,f45d37703437d976338dc34d8063f826178c510defb4a5190f1c1b44899f3cb8,FM0_NO_MEMORY,,0,0
6447c94a0edfbb8fc4479dca6b543e33a9eac1ce2e3e1548b8944cb3528e0411,STAGE_3_FROZEN_FORMAL_EVALUATION,400d14f5692f0dd6c3f48bb46619af0ff17ba916e13a74db8c0ace03ccbb70bd,400d14f5692f0dd6c3f48bb46619af0ff17ba916e13a74db8c0ace03ccbb70bd,FM0_NO_MEMORY,,0,0
64527989a2b925949f3e8e1cecc4917516ed2796a86fb3586e202e885985d075,STAGE_3_FROZEN_FORMAL_EVALUATION,16153c638df26c225bdcb2558227feb7ca977dbd854fc132eef2078992582c89,16153c638df26c225bdcb2558227feb7ca977dbd854fc132eef2078992582c89,FM1_MATCHED_RAW_EPISODIC,,0,0
646f7c3d8b624de43d60219d60c8e0ad38c9f6708159c0d412ad0243b6673bba,STAGE_3_FROZEN_FORMAL_EVALUATION,f65f79c26b5e3b86a8b15032e61eba98b2c4f231d4908cfaed21635fc0f1224f,f65f79c26b5e3b86a8b15032e61eba98b2c4f231d4908cfaed21635fc0f1224f,FM0_NO_MEMORY,,0,0
6472c35703a7a195eb0d160675bf3d1f63cf2c47fe8804f8aa509b6efe2a0413,STAGE_3_FROZEN_FORMAL_EVALUATION,c204693144acf4903fe866263771b44e21f2c6524174dc5c60cc075a9236dd8e,c204693144acf4903fe866263771b44e21f2c6524174dc5c60cc075a9236dd8e,FM1_MATCHED_RAW_EPISODIC,,0,0
6499711a4aed0eda153fce24816ad7f4d8428f4f19736e65a1f8b0bad8bd8f9a,STAGE_3_FROZEN_FORMAL_EVALUATION,9061b26c447a5f389f52355bc6a5c9c3c5c361b472087d801e5ce69576deea5d,9061b26c447a5f389f52355bc6a5c9c3c5c361b472087d801e5ce69576deea5d,FM1_MATCHED_RAW_EPISODIC,,0,0
64cca1196368e0227c39e2559950f4077eb5d6633ca3a9ebdb498da92aea4bf0,STAGE_3_FROZEN_FORMAL_EVALUATION,3bac2f36c4546446a835fd268fa5f77359e1c460e0968726c8b1c169232b4cac,3bac2f36c4546446a835fd268fa5f77359e1c460e0968726c8b1c169232b4cac,FM3_GATED_PRESCRIPTIVE,,0,0
64ef4dafcfaf3f2fe233c15423ae8020f1916f07dc5c5abe150dd751a9fd2b50,STAGE_3_FROZEN_FORMAL_EVALUATION,c1ac7fbe6c096af42161ac454aaafef04e7b6eb1b49a78128cb3224dd823b344,c1ac7fbe6c096af42161ac454aaafef04e7b6eb1b49a78128cb3224dd823b344,FM3_GATED_PRESCRIPTIVE,,0,0
651367c2f02fa070ce55f654a090729e1ad4d8fddcb9009e2f6cb7b47edc9b66,STAGE_3_FROZEN_FORMAL_EVALUATION,92463efa84c99c592df09a1da4c9b2d38231b36167de01967f1b4ad4b1dfc309,92463efa84c99c592df09a1da4c9b2d38231b36167de01967f1b4ad4b1dfc309,FM1_MATCHED_RAW_EPISODIC,,0,0
6526a738cf0fd35b0533f45f42152607cb40fe5c645bec8b87c7fc7ed0473cf2,STAGE_3_FROZEN_FORMAL_EVALUATION,6fce1e9ebc7b8f5a5ffc2c5faa6e93f965c4530c993246aa2cac7f9d97c936d0,6fce1e9ebc7b8f5a5ffc2c5faa6e93f965c4530c993246aa2cac7f9d97c936d0,FM2_STRUCTURED_DESCRIPTIVE,,0,0
655c3cdb2f201cfe6d6b8931b83f2a1430cb733a911a319f01c0a873af6f799c,STAGE_3_FROZEN_FORMAL_EVALUATION,f65f79c26b5e3b86a8b15032e61eba98b2c4f231d4908cfaed21635fc0f1224f,f65f79c26b5e3b86a8b15032e61eba98b2c4f231d4908cfaed21635fc0f1224f,FM2_STRUCTURED_DESCRIPTIVE,,0,0
655edd131507db6cefd7f988322c94b000d8c9dbade6f261edc791979664e0e1,STAGE_3_FROZEN_FORMAL_EVALUATION,2236e910ed5c0d96cb6aa1be5f7ba60e55290a53c8876416c5b67e87462a4af4,2236e910ed5c0d96cb6aa1be5f7ba60e55290a53c8876416c5b67e87462a4af4,FM3_GATED_PRESCRIPTIVE,,0,0
65729d6d5818471670d20001e4c00829b35e66490e7066e1332afb825ed18baa,STAGE_3_FROZEN_FORMAL_EVALUATION,6fce1e9ebc7b8f5a5ffc2c5faa6e93f965c4530c993246aa2cac7f9d97c936d0,6fce1e9ebc7b8f5a5ffc2c5faa6e93f965c4530c993246aa2cac7f9d97c936d0,FM0_NO_MEMORY,,0,0
6582e1a51ad622c569275fd97f469235dd44ad073e74464c18b121656c8130a4,STAGE_3_FROZEN_FORMAL_EVALUATION,fcf9a567a1870c92176cfbbf345717fd602c6f42472a4eef765a70f80932d97e,fcf9a567a1870c92176cfbbf345717fd602c6f42472a4eef765a70f80932d97e,FM3_GATED_PRESCRIPTIVE,,0,0
659fc5962392c5c4e52d17482cfc49fca4df39b425bf0cdd557d40a6117adf4c,STAGE_3_FROZEN_FORMAL_EVALUATION,511662448d156e651c24e86fb7ef10785d2e9973ad805dbbd3998c3c3c01d388,511662448d156e651c24e86fb7ef10785d2e9973ad805dbbd3998c3c3c01d388,FM0_NO_MEMORY,,0,0
65d914fcdb7c95462f23399d0ef1f40587e75474fce3629e34c269a221447a5b,STAGE_3_FROZEN_FORMAL_EVALUATION,1f51bb964beb2ca4b89de4b53bd7f4fe46c98e7fecf78ea543bb36573d8a91da,1f51bb964beb2ca4b89de4b53bd7f4fe46c98e7fecf78ea543bb36573d8a91da,FM2_STRUCTURED_DESCRIPTIVE,,0,0
6622697b0f3f8247378a59a94034fb268b155596963b12bbd188a7fde0d434d2,STAGE_3_FROZEN_FORMAL_EVALUATION,3d19a2c079ecee1b216a9457a0db9fc24fe78568925c8bcea49af7b14012f8f2,3d19a2c079ecee1b216a9457a0db9fc24fe78568925c8bcea49af7b14012f8f2,FM2_STRUCTURED_DESCRIPTIVE,,0,0
6669f3a4acc473b8395253e8ae8ef084c382b1e53d6f27e03c0010337cec805c,STAGE_3_FROZEN_FORMAL_EVALUATION,c810370ea2093173ad60808ca87b8480b083cb0bc0906c6a0dd43387b6618fdf,c810370ea2093173ad60808ca87b8480b083cb0bc0906c6a0dd43387b6618fdf,FM1_MATCHED_RAW_EPISODIC,,0,0
672d6a5963f8e919a41467e591105b7595a54195024bc97d0e1b516ca9ca203c,STAGE_3_FROZEN_FORMAL_EVALUATION,8777b23bf2baddcb4ec7e021a0dafd6060c5629c0c8d8595d4f723744070fee3,8777b23bf2baddcb4ec7e021a0dafd6060c5629c0c8d8595d4f723744070fee3,FM2_STRUCTURED_DESCRIPTIVE,,0,0
675a064726a4033da09d688790d1a2424c46c8051fb3c76c2edcc7cfc1668ae2,STAGE_3_FROZEN_FORMAL_EVALUATION,b2e3ea3f072ba5bc197a01d0193a2dcb92e3b3522e3349b2247215a4f23533e9,b2e3ea3f072ba5bc197a01d0193a2dcb92e3b3522e3349b2247215a4f23533e9,FM1_MATCHED_RAW_EPISODIC,,0,0
678b6ced0cd3426e8b7a489da1cdaa21445971f3991372e364bdbf005e7e3c68,STAGE_3_FROZEN_FORMAL_EVALUATION,8b67a4dc04f3b526bc15220c823bee66444c0485bdd6936a7e9ae54c9dc2b2f7,8b67a4dc04f3b526bc15220c823bee66444c0485bdd6936a7e9ae54c9dc2b2f7,FM3_GATED_PRESCRIPTIVE,,0,0
67bec531aca2ce04aafb21e95c26c797f9da495c56d6e603091983ac62ca9bf7,STAGE_3_FROZEN_FORMAL_EVALUATION,511ce16048e30b6154238e6b161cea9fa5642a3062a6d3b9922544a6ddd145eb,511ce16048e30b6154238e6b161cea9fa5642a3062a6d3b9922544a6ddd145eb,FM1_MATCHED_RAW_EPISODIC,,0,0
67f2744e3a17e999d4703308cbcced3aaa7dc5ff59be7c5aaa5583eef7305151,STAGE_3_FROZEN_FORMAL_EVALUATION,803cd1d2f6bb0fa03e999fd8f209befa2b0a531f05684d7a60ca066c38cc4974,803cd1d2f6bb0fa03e999fd8f209befa2b0a531f05684d7a60ca066c38cc4974,FM1_MATCHED_RAW_EPISODIC,,0,0
67fbd462284c253fd2b79cdfdc0873c82fc52a3a34caa4e00102c64af42ae379,STAGE_3_FROZEN_FORMAL_EVALUATION,13f868af81c4061bc811fe24926e5177d0b5da442acb930303d66f432119e45b,13f868af81c4061bc811fe24926e5177d0b5da442acb930303d66f432119e45b,FM3_GATED_PRESCRIPTIVE,,0,0
6801eaedab68ec3f8ca7551c78d89b66ba660e0de95d086a49a83bb9cd4265f7,STAGE_3_FROZEN_FORMAL_EVALUATION,a41a609f6b5423477704a84761cad4fa457868af583203080fd0a1caddd846af,a41a609f6b5423477704a84761cad4fa457868af583203080fd0a1caddd846af,FM0_NO_MEMORY,,0,0
681bac0eb2326d9178a44f79119cc7fbc5284288acbaad04fbf84575b59718d9,STAGE_3_FROZEN_FORMAL_EVALUATION,0355c534b639e517cfd9155fc8cd017e2f38976f20ba9ec365293bc0b162b887,0355c534b639e517cfd9155fc8cd017e2f38976f20ba9ec365293bc0b162b887,FM0_NO_MEMORY,,0,0
68759cf051c2a89202ecfc4899359a453a76fd565baa6abfa526f0c193f606d8,STAGE_3_FROZEN_FORMAL_EVALUATION,8b77d955a9219274e8a9df633cb772b54b6d228697e33b3bca61ce72ce34b405,8b77d955a9219274e8a9df633cb772b54b6d228697e33b3bca61ce72ce34b405,FM1_MATCHED_RAW_EPISODIC,,0,0
68cb1cc71e2de1962cac2d35542e0c595693bb8cf2b10e21260f76de19fdccf0,STAGE_3_FROZEN_FORMAL_EVALUATION,4f30a35053cad4e0686155c3c5213c50a3dd552ad17d61a5bb8fb93d2b2f5b27,4f30a35053cad4e0686155c3c5213c50a3dd552ad17d61a5bb8fb93d2b2f5b27,FM1_MATCHED_RAW_EPISODIC,,0,0
6928c5b4fc485c9b4313b20b407d3461e8eac5badb1e4c7199f63616dbc243c1,STAGE_3_FROZEN_FORMAL_EVALUATION,7d43db91601c93736854daa3e440b7ed9f2919a7a3b423ab52e5f62bba6b8644,7d43db91601c93736854daa3e440b7ed9f2919a7a3b423ab52e5f62bba6b8644,FM3_GATED_PRESCRIPTIVE,,0,0
696a69f8032ac80863b1e58fbbf67068a36bfc8b29e7fa699c52ce3e468b1cab,STAGE_3_FROZEN_FORMAL_EVALUATION,ed0f0c258041fca0c39f1095376af9d406e0f133ca896c1dc74cc4d71b07822a,ed0f0c258041fca0c39f1095376af9d406e0f133ca896c1dc74cc4d71b07822a,FM1_MATCHED_RAW_EPISODIC,,0,0
69d41ee1445e8c9e67cd6a1243ca79112f330553aba3f1ceff3fdf8ca2e718bf,STAGE_3_FROZEN_FORMAL_EVALUATION,2d40294ea8d50b6982e3bbef52aa9d3cea5e679446a7a30bb886bb44230c0f67,2d40294ea8d50b6982e3bbef52aa9d3cea5e679446a7a30bb886bb44230c0f67,FM3_GATED_PRESCRIPTIVE,,0,0
69ebe8ebfc0d8a7f0823f0867cc2d6d3ee1d121835a4d9e8cf8b1aae1d40316a,STAGE_3_FROZEN_FORMAL_EVALUATION,ea1ac087cfdf9f5162202798830dd79e643334caca4e526bf96266c8f5d63eac,ea1ac087cfdf9f5162202798830dd79e643334caca4e526bf96266c8f5d63eac,FM1_MATCHED_RAW_EPISODIC,,0,0
6a6ef00396b51efd92d500205e3a8bc28e85d32dd7fc9901a75ae166bbc73dcc,STAGE_3_FROZEN_FORMAL_EVALUATION,3f4d42f0daf1d4235b42a99433a9607c7400e9bbe8bf3c04cec1fe825ecd0a09,3f4d42f0daf1d4235b42a99433a9607c7400e9bbe8bf3c04cec1fe825ecd0a09,FM0_NO_MEMORY,,0,0
6a70d3ed644cfa27385f06734ac30f368ca81deb34e32db6cd15456b648c04f8,STAGE_3_FROZEN_FORMAL_EVALUATION,c1738b43244172e40daf363e27fd249c81b61bb14f3f1ccb93426dfcc1d6c188,c1738b43244172e40daf363e27fd249c81b61bb14f3f1ccb93426dfcc1d6c188,FM0_NO_MEMORY,,0,0
6a718c2f20ece7873ba42b80acf8df8560b390db5de00ae419a9c3c3c2e6d1fc,STAGE_3_FROZEN_FORMAL_EVALUATION,482ebf7a2ce4b0859dd139d627a6b899f3a0055239974db8eba7c6e46c3c7d6c,482ebf7a2ce4b0859dd139d627a6b899f3a0055239974db8eba7c6e46c3c7d6c,FM0_NO_MEMORY,,0,0
6a923e3b4b412c300e053b1ee8df96a2e5e57050c0cdcf2f3da751ce9d88b8f8,STAGE_3_FROZEN_FORMAL_EVALUATION,5c0d0083789e2ea9f5e4cb4264d7cc014dd2cfb5a1bffdbb09e2d337394c1c0a,5c0d0083789e2ea9f5e4cb4264d7cc014dd2cfb5a1bffdbb09e2d337394c1c0a,FM1_MATCHED_RAW_EPISODIC,,0,0
6bf2385c29236de9df5a204e79aa6be339d48755158dcf2a28f6ca2788d27d9a,STAGE_3_FROZEN_FORMAL_EVALUATION,707372129e74a31373372c9e18ca3dcf64306edde976266e76fe06a99a50e0a1,707372129e74a31373372c9e18ca3dcf64306edde976266e76fe06a99a50e0a1,FM0_NO_MEMORY,,0,0
6c03118ead9c6a7b58cbe78fbecde6fb25a31c79ec4d4ee040acb7ce0218998c,STAGE_3_FROZEN_FORMAL_EVALUATION,194bb13bb086bbb717fdae1d0c25ab8b8b94e67d3ccc2f8c4ae9767475a7d5ef,194bb13bb086bbb717fdae1d0c25ab8b8b94e67d3ccc2f8c4ae9767475a7d5ef,FM2_STRUCTURED_DESCRIPTIVE,,0,0
6c18a49d1f5cae805134c4ce592cbf592a8a0e01849e9d20655dfe135ec275a5,STAGE_3_FROZEN_FORMAL_EVALUATION,f28e1a1fe16d3b061bd4d149b82099b83dcb5b842fdb555ecd859fceee45b5d7,f28e1a1fe16d3b061bd4d149b82099b83dcb5b842fdb555ecd859fceee45b5d7,FM1_MATCHED_RAW_EPISODIC,,0,0
6c20c0552c5b984d099843dbbe5e11d4f1750aa4677461eeb1d65f4c97460810,STAGE_3_FROZEN_FORMAL_EVALUATION,133f2c9f9ba11372d91f1c68ecf5260a292bb160a77d910db43a0903cc117c27,133f2c9f9ba11372d91f1c68ecf5260a292bb160a77d910db43a0903cc117c27,FM1_MATCHED_RAW_EPISODIC,,0,0
6c40a4e4d3b55a0107ad2df61636cb83e48340bece2719aa71caa073bf57301b,STAGE_3_FROZEN_FORMAL_EVALUATION,0b782582a19371a4f4fea7035e39e5528049ca9eb0757c0c842270039aebe611,0b782582a19371a4f4fea7035e39e5528049ca9eb0757c0c842270039aebe611,FM3_GATED_PRESCRIPTIVE,,0,0
6c465e8a62e7ca201407673542dc821dd97970fbc98550996d86b0f0d1f0da42,STAGE_3_FROZEN_FORMAL_EVALUATION,c63cbba84598234be095a459b9eb1068ad26d0deff41c44a4bfa643b53e089f6,c63cbba84598234be095a459b9eb1068ad26d0deff41c44a4bfa643b53e089f6,FM0_NO_MEMORY,,0,0
6c4bea57a1d502a95de6e069aa962447bbe1663003732f4d2c947ef836c52446,STAGE_3_FROZEN_FORMAL_EVALUATION,1cc7cfde4a48db274a308df7dfe149785753b1c62a981881dc89cf3ab047de96,1cc7cfde4a48db274a308df7dfe149785753b1c62a981881dc89cf3ab047de96,FM0_NO_MEMORY,,0,0
6cbba1c01d4e619e48a83d5231458bf5b7b8f26884820719cb7d3fb728667faa,STAGE_3_FROZEN_FORMAL_EVALUATION,c810370ea2093173ad60808ca87b8480b083cb0bc0906c6a0dd43387b6618fdf,c810370ea2093173ad60808ca87b8480b083cb0bc0906c6a0dd43387b6618fdf,FM3_GATED_PRESCRIPTIVE,,0,0
6ccb5b5b0c44c305c8eb58fcdf1625549b6ceab87338f6cf1866bfc738099e2e,STAGE_3_FROZEN_FORMAL_EVALUATION,ade458d758b8417ec467da6d368acb79762ed014960afaea9c2a6b5c64abce6c,ade458d758b8417ec467da6d368acb79762ed014960afaea9c2a6b5c64abce6c,FM2_STRUCTURED_DESCRIPTIVE,,0,0
6cf4950a44d3ebe151d996bad4ae26765738b468c7dc7676bd64f1a8c5f07974,STAGE_3_FROZEN_FORMAL_EVALUATION,ba3d8890684ca4a264a615a49194bf277f34ee8743adf4fb29a6f2b3523cce51,ba3d8890684ca4a264a615a49194bf277f34ee8743adf4fb29a6f2b3523cce51,FM2_STRUCTURED_DESCRIPTIVE,,0,0
6d20c3412ece264c355ca10f5602f75b1a79e303979d9f8ed964e98dfaf8c5b1,STAGE_3_FROZEN_FORMAL_EVALUATION,4fbe8b2ff593bb5651cd9730276b52ff2aae7f5f85d4c09ac2de2123da6f5ee5,4fbe8b2ff593bb5651cd9730276b52ff2aae7f5f85d4c09ac2de2123da6f5ee5,FM1_MATCHED_RAW_EPISODIC,,0,0
6d214ed054854433487845cdd36b0950e80079f45330d3c385e535e0b505817a,STAGE_3_FROZEN_FORMAL_EVALUATION,0d20bca9ce80e3800b60a1b5149f9196655373a5e94271dfcc19e2a9a6396869,0d20bca9ce80e3800b60a1b5149f9196655373a5e94271dfcc19e2a9a6396869,FM1_MATCHED_RAW_EPISODIC,,0,0
6d22bd5db12144fa0c839df9c6ecffc09cd925a5aac16cbe09a5d6b0334146cd,STAGE_3_FROZEN_FORMAL_EVALUATION,e2fe3cd9462d31e9ee24f094135690e33c9f27999f8b07f6dd734abc582bb4ec,e2fe3cd9462d31e9ee24f094135690e33c9f27999f8b07f6dd734abc582bb4ec,FM3_GATED_PRESCRIPTIVE,,0,0
6d37ec8bae1753ea192c29a8713f3103366fd6482d0e420dfaf00feaaddaa2c1,STAGE_3_FROZEN_FORMAL_EVALUATION,cb913167c58ed588abf487d51994dec02fd33c995dc8f19eaaf916acd90f4196,cb913167c58ed588abf487d51994dec02fd33c995dc8f19eaaf916acd90f4196,FM1_MATCHED_RAW_EPISODIC,,0,0
6dd1500a6e3408e9db07bd6fac9f3f23b2861ce143df26d89b41ed8995f32c04,STAGE_3_FROZEN_FORMAL_EVALUATION,f69db7d0df8cefc386fc2ec91a4e5041beefc5c0c5cd721c60bdb16c03237c45,f69db7d0df8cefc386fc2ec91a4e5041beefc5c0c5cd721c60bdb16c03237c45,FM1_MATCHED_RAW_EPISODIC,,0,0
6dd3a5f77b8eb4d934f8e5ce1663e21d61793cd5ee86455ea3df07b7be8513ca,STAGE_3_FROZEN_FORMAL_EVALUATION,d3cf2c5f964092dfea7178456f04959d1b56fc9da243696b83b4b7a5ef72b656,d3cf2c5f964092dfea7178456f04959d1b56fc9da243696b83b4b7a5ef72b656,FM1_MATCHED_RAW_EPISODIC,,0,0
6ededcff4cebf046f6e1d322be6923ae353d7fd0d0ac99ecdb8a17adc79532c8,STAGE_3_FROZEN_FORMAL_EVALUATION,58b95fbce310d039f490a621902f14851e5b948a2cd9f7a4012bca7e173d0918,58b95fbce310d039f490a621902f14851e5b948a2cd9f7a4012bca7e173d0918,FM3_GATED_PRESCRIPTIVE,,0,0
6efc1a5e62ab80c346380804fbca9c9ca42f42f105ce2edba3e1f192fd3649b5,STAGE_3_FROZEN_FORMAL_EVALUATION,50734d37e1e04926e4a569f4682c0bb3601f9efbc71ce19c9e547755e9a423b1,50734d37e1e04926e4a569f4682c0bb3601f9efbc71ce19c9e547755e9a423b1,FM2_STRUCTURED_DESCRIPTIVE,,0,0
6f29c57d8370214826c22c1aa294f382f93111e682c2e9bf09445a76e41d109f,STAGE_3_FROZEN_FORMAL_EVALUATION,be3f82d5bd606ae5c413b6140ad1b41c6074ff1e4f90acd8b3bf4c869ab3618f,be3f82d5bd606ae5c413b6140ad1b41c6074ff1e4f90acd8b3bf4c869ab3618f,FM1_MATCHED_RAW_EPISODIC,,0,0
6f41905eb1c97f798a52673fde30fedc53dac525afc4f54f963cc22488f5808d,STAGE_3_FROZEN_FORMAL_EVALUATION,da1925245a42120acee5d83324fc34339dffddccde1d74a509e72c6c5a0163f9,da1925245a42120acee5d83324fc34339dffddccde1d74a509e72c6c5a0163f9,FM0_NO_MEMORY,,0,0
6f41b80179ee95b2700c64f57a25c9a3eb6b8b446f7f885cc47d8af9a4d10073,STAGE_3_FROZEN_FORMAL_EVALUATION,7bdfa3747235974f0c28b91152bbd8bc500cc07408fd7db711ddff07c6f50c54,7bdfa3747235974f0c28b91152bbd8bc500cc07408fd7db711ddff07c6f50c54,FM3_GATED_PRESCRIPTIVE,,0,0
6fb6947f98e996fb2aee7e221dbaac55fb3b3403a895b6bcf689bbb4c8b985db,STAGE_3_FROZEN_FORMAL_EVALUATION,76035d685eef338415ae2754b2ea02214b0d4346701324b0ab219d2f7a1ce5bd,76035d685eef338415ae2754b2ea02214b0d4346701324b0ab219d2f7a1ce5bd,FM0_NO_MEMORY,,0,0
6fe5422c19131decdb6d24d2e822de44220852842cab1c7131865d3ddc4f119f,STAGE_3_FROZEN_FORMAL_EVALUATION,1b685d05815e5f3358d274b9189b54c7c4e78318a5b57e8c055bf9a7e22b701b,1b685d05815e5f3358d274b9189b54c7c4e78318a5b57e8c055bf9a7e22b701b,FM2_STRUCTURED_DESCRIPTIVE,,0,0
7065b3a8d41b09067ed17b42521be83c81fa5757a342f8dc6b686578bf7f426d,STAGE_3_FROZEN_FORMAL_EVALUATION,fb24b3dff92768b8c15b84c8c14964076dc7750b353328367208bb4a7ed2713f,fb24b3dff92768b8c15b84c8c14964076dc7750b353328367208bb4a7ed2713f,FM0_NO_MEMORY,,0,0
70841e058494ebd0e79b90064680fd615ce949ea8e9cf7a902a2fd0acb4d2acd,STAGE_3_FROZEN_FORMAL_EVALUATION,3f4d42f0daf1d4235b42a99433a9607c7400e9bbe8bf3c04cec1fe825ecd0a09,3f4d42f0daf1d4235b42a99433a9607c7400e9bbe8bf3c04cec1fe825ecd0a09,FM2_STRUCTURED_DESCRIPTIVE,,0,0
709cfc8a8cc1d3e15f0005954dd11bb60ab897ce8412f1427f34ba2041bf8b18,STAGE_3_FROZEN_FORMAL_EVALUATION,fc7ee78fb5004376ddf473ce8d743fe8fa74fd55a9d8c59ad9d3da6be2527a1a,fc7ee78fb5004376ddf473ce8d743fe8fa74fd55a9d8c59ad9d3da6be2527a1a,FM1_MATCHED_RAW_EPISODIC,,0,0
70d7b8bff1dc58e84c0c12f1ae1aa6f17afeced415667ba5bc3a577c46795ea8,STAGE_3_FROZEN_FORMAL_EVALUATION,1edafa1fdaa214d529d3610c0587f9bc0c25f0677c86ca1e9f4191815f7fcdea,1edafa1fdaa214d529d3610c0587f9bc0c25f0677c86ca1e9f4191815f7fcdea,FM3_GATED_PRESCRIPTIVE,,0,0
710e705d314d754a39e31e05bd53a1801548d3a9b088ddcec62d75c3fccd82d5,STAGE_3_FROZEN_FORMAL_EVALUATION,397b48bd18e693d0194eaaf50e468b5b1f6d0c6f1303b17bba5d617f8a1ab9b1,397b48bd18e693d0194eaaf50e468b5b1f6d0c6f1303b17bba5d617f8a1ab9b1,FM2_STRUCTURED_DESCRIPTIVE,,0,0
71c819a80458e6be09f37984ecb4413d93097f100d17fe33c16f68b8aff49ab3,STAGE_3_FROZEN_FORMAL_EVALUATION,a2f89079fed77690df2dec5ad9bf63eb6f4055c7fff07e5e3d45670a68b0408c,a2f89079fed77690df2dec5ad9bf63eb6f4055c7fff07e5e3d45670a68b0408c,FM3_GATED_PRESCRIPTIVE,,0,0
7226f500365be4e780a8806da779c99d531c72091412140f059ed11ad5943e60,STAGE_3_FROZEN_FORMAL_EVALUATION,c8347a1e5768c097e822ae9c21733737892678db531346665751cd7bb6986834,c8347a1e5768c097e822ae9c21733737892678db531346665751cd7bb6986834,FM2_STRUCTURED_DESCRIPTIVE,,0,0
72575466c3faf34515f1717ce965bf1bf961f83092403e6d243888f4f2323cac,STAGE_3_FROZEN_FORMAL_EVALUATION,b37d56aabdb06f3552f57517363a35d2279d8899a245d5586ef4a599225d7ae9,b37d56aabdb06f3552f57517363a35d2279d8899a245d5586ef4a599225d7ae9,FM3_GATED_PRESCRIPTIVE,,0,0
7257b401790741fdc42e0c74868ae9ed290b31b9947c9a483f4126fdbdeda658,STAGE_3_FROZEN_FORMAL_EVALUATION,7b62cb1f12c210cc8842211d359b15d174fbe6c1ec9d7d7fee7681eb808bf75a,7b62cb1f12c210cc8842211d359b15d174fbe6c1ec9d7d7fee7681eb808bf75a,FM0_NO_MEMORY,,0,0
726ffaf85c2256a873541e5fc7ab78b9db283b37c9a921d8b2d19645ab5454f5,STAGE_3_FROZEN_FORMAL_EVALUATION,47642b364aa6cc5c6c5aee4f5b7f30b2947b636916ab55bd9705c3a5cf600a88,47642b364aa6cc5c6c5aee4f5b7f30b2947b636916ab55bd9705c3a5cf600a88,FM3_GATED_PRESCRIPTIVE,,0,0
728fb814e051f36d96f552834b4ed918b9bdee319be04563a6f499a8f32d4421,STAGE_3_FROZEN_FORMAL_EVALUATION,34556fc5b1c7f56d9646009d4118e4f5650b0bddb2357511fbfec1ff54a1d61f,34556fc5b1c7f56d9646009d4118e4f5650b0bddb2357511fbfec1ff54a1d61f,FM1_MATCHED_RAW_EPISODIC,,0,0
72b6be16ac3f428c53d374c274d0007d1d549ca4a5ecf83d1bb860ed0b7fdc89,STAGE_3_FROZEN_FORMAL_EVALUATION,2070daad8acdd19be42421eb62af6b82fc7d2e047906a050eadc67ed1c2ca034,2070daad8acdd19be42421eb62af6b82fc7d2e047906a050eadc67ed1c2ca034,FM1_MATCHED_RAW_EPISODIC,,0,0
72c53421385d561d9243fd3d4fe529e083b9a12ad1dd481628bcb88e39584784,STAGE_3_FROZEN_FORMAL_EVALUATION,0cde68830d212d00173e4c24f859b3cedcfe65da2ca95886b545d94c43a0a22f,0cde68830d212d00173e4c24f859b3cedcfe65da2ca95886b545d94c43a0a22f,FM3_GATED_PRESCRIPTIVE,,0,0
72ffac356c050c6dcfcc489ec8f1d0dbd007227a07d70b36ddd8ec3ae5233109,STAGE_3_FROZEN_FORMAL_EVALUATION,90789c0ad942e1576194acbe87f94d6ac92d4728dbaa808cad016e32d798d09c,90789c0ad942e1576194acbe87f94d6ac92d4728dbaa808cad016e32d798d09c,FM3_GATED_PRESCRIPTIVE,,0,0
7300dfa77d4c34bc5dcabca72536f9560e3ed8b4632ec5093c7c5c5386d275cc,STAGE_3_FROZEN_FORMAL_EVALUATION,729c6acafa551802247b663f7da1cd8fbe14f9151156cf968b2aa12874789f80,729c6acafa551802247b663f7da1cd8fbe14f9151156cf968b2aa12874789f80,FM2_STRUCTURED_DESCRIPTIVE,,0,0
7371cd66eea3b70dc956d3c81d244fb6180830f9ba4958df780368f192e71381,STAGE_3_FROZEN_FORMAL_EVALUATION,868ad61797e1fe345de80bbe306a98e6351fb3a0a5b9acfec2db1a777408d442,868ad61797e1fe345de80bbe306a98e6351fb3a0a5b9acfec2db1a777408d442,FM3_GATED_PRESCRIPTIVE,,0,0
73aa7ea32738906af1b8a3018eb49a996d1afee5d2062fbeee65ab792cc1de11,STAGE_3_FROZEN_FORMAL_EVALUATION,3ebb77a2503286efa98e7a643565ddcd94c4f270ac1323da8b48a372f71c2df4,3ebb77a2503286efa98e7a643565ddcd94c4f270ac1323da8b48a372f71c2df4,FM0_NO_MEMORY,,0,0
73e8a665ee739875cb95fff678b852e0c81138ab161dacce02718d6dab1f4123,STAGE_3_FROZEN_FORMAL_EVALUATION,90b3082aa9a43f3dcf24d8d0e7eb3d3ce1849649b60dcce5df1930f763404ea7,90b3082aa9a43f3dcf24d8d0e7eb3d3ce1849649b60dcce5df1930f763404ea7,FM3_GATED_PRESCRIPTIVE,,0,0
73f4e77f77cc2e65b22bac4e2f434b82909204105754b623320d4bf4d3392bef,STAGE_3_FROZEN_FORMAL_EVALUATION,ff3faf0528b470b5433e01c605858a10e2f9bd60322a0ce6ce4af69ed3560e5b,ff3faf0528b470b5433e01c605858a10e2f9bd60322a0ce6ce4af69ed3560e5b,FM1_MATCHED_RAW_EPISODIC,,0,0
7449f0708d0582e29a7e64971db6ce24fe4b5fb7af79ebb985948d450bccc3c6,STAGE_3_FROZEN_FORMAL_EVALUATION,b2d62e04f90466ef2aaf9ef221ada9fb4f5d19538c6d3f82a941365ac7ec2cea,b2d62e04f90466ef2aaf9ef221ada9fb4f5d19538c6d3f82a941365ac7ec2cea,FM2_STRUCTURED_DESCRIPTIVE,,0,0
74d966064a52f2adf0c03ea0396e151d715de1f663c0f1fc86060940a2e19741,STAGE_3_FROZEN_FORMAL_EVALUATION,5c0d0083789e2ea9f5e4cb4264d7cc014dd2cfb5a1bffdbb09e2d337394c1c0a,5c0d0083789e2ea9f5e4cb4264d7cc014dd2cfb5a1bffdbb09e2d337394c1c0a,FM0_NO_MEMORY,,0,0
74dd473a13831081b035218e7c51df426e466cf324cbdbccc29acbee67f15654,STAGE_3_FROZEN_FORMAL_EVALUATION,c85c5bf3ca4d310e76043d22465aa4f0a9f05b2e89f6763ed48aea0069b0b484,c85c5bf3ca4d310e76043d22465aa4f0a9f05b2e89f6763ed48aea0069b0b484,FM3_GATED_PRESCRIPTIVE,,0,0
74ffb096a11107770437471235d4ef9d42e2f85a572245666c55231d65a033fd,STAGE_3_FROZEN_FORMAL_EVALUATION,58f8d959c4efc3d916af96d03b58aff4d4fc92eafa61a5aa02bf9ad0fb18fe6e,58f8d959c4efc3d916af96d03b58aff4d4fc92eafa61a5aa02bf9ad0fb18fe6e,FM3_GATED_PRESCRIPTIVE,,0,0
751b3ddc48d5a0ab2b3cd639346381fc816d1136be02737afb3817cc507dd670,STAGE_3_FROZEN_FORMAL_EVALUATION,f850514f31e42da61c30c21b1572cc98a67425b355522c8ab670cbc367362e7c,f850514f31e42da61c30c21b1572cc98a67425b355522c8ab670cbc367362e7c,FM3_GATED_PRESCRIPTIVE,,0,0
751ffe69b3b04a028fb0140114b9e74c2055703b6bf471b434fbdbfdcc8136fb,STAGE_3_FROZEN_FORMAL_EVALUATION,3bac2f36c4546446a835fd268fa5f77359e1c460e0968726c8b1c169232b4cac,3bac2f36c4546446a835fd268fa5f77359e1c460e0968726c8b1c169232b4cac,FM2_STRUCTURED_DESCRIPTIVE,,0,0
7523da567519f5c3b43918bbc4164b5f57ace3d2abeb2f9204e02df6beda5c57,STAGE_3_FROZEN_FORMAL_EVALUATION,194bb13bb086bbb717fdae1d0c25ab8b8b94e67d3ccc2f8c4ae9767475a7d5ef,194bb13bb086bbb717fdae1d0c25ab8b8b94e67d3ccc2f8c4ae9767475a7d5ef,FM1_MATCHED_RAW_EPISODIC,,0,0
75b2d260ed31bc9f0a00ba76a4882b638f34a98e7809a497aec94dd114a8609a,STAGE_3_FROZEN_FORMAL_EVALUATION,f69db7d0df8cefc386fc2ec91a4e5041beefc5c0c5cd721c60bdb16c03237c45,f69db7d0df8cefc386fc2ec91a4e5041beefc5c0c5cd721c60bdb16c03237c45,FM2_STRUCTURED_DESCRIPTIVE,,0,0
762e473e967177359e0685899025be76186ab494b7736ece770c584e64d91af3,STAGE_3_FROZEN_FORMAL_EVALUATION,fa775bada462be64fa16d3f3a81fb3e01e973251bca7085bf5db9824ca3ca63a,fa775bada462be64fa16d3f3a81fb3e01e973251bca7085bf5db9824ca3ca63a,FM3_GATED_PRESCRIPTIVE,,0,0
764cfb82356a3aa35fb3b4db80695edb9964cd349d9d21bc99abd7094704c1bd,STAGE_3_FROZEN_FORMAL_EVALUATION,6d9958e435a0c4b6759effcc413a839b785af606c3fc92dbaceeca19871b6112,6d9958e435a0c4b6759effcc413a839b785af606c3fc92dbaceeca19871b6112,FM0_NO_MEMORY,,0,0
76d2a93a84ada58468b9ffb32e100122dd267fb84ef5f9eb7e31c5f8927e745a,STAGE_3_FROZEN_FORMAL_EVALUATION,fdb12bcc334c7fb0108211cbeda8742821f6868b96af8ff0cb24bf81013d6ee5,fdb12bcc334c7fb0108211cbeda8742821f6868b96af8ff0cb24bf81013d6ee5,FM3_GATED_PRESCRIPTIVE,,0,0
77794c72f972719198a1518592e30f45ada220b8d3256579ff5718511138047e,STAGE_3_FROZEN_FORMAL_EVALUATION,f2c944eac5da20d5de0361f39a1998fa84f7069db9f86a6ed2b25762e56449c2,f2c944eac5da20d5de0361f39a1998fa84f7069db9f86a6ed2b25762e56449c2,FM1_MATCHED_RAW_EPISODIC,,0,0
78173d0afa15dc028adfc025e654a612380e09023cb2b49dc8b5d00808ca117a,STAGE_3_FROZEN_FORMAL_EVALUATION,e90e1c31e1ac4051bea532a8d72ff22e2b6fcf29bff2a4d51551c9b9f2744925,e90e1c31e1ac4051bea532a8d72ff22e2b6fcf29bff2a4d51551c9b9f2744925,FM2_STRUCTURED_DESCRIPTIVE,,0,0
788479cc4c788af51c48155485b1b7d7ededbf74627329ddbcfb5f3cb4779071,STAGE_3_FROZEN_FORMAL_EVALUATION,5a015a29e4c63536d51883df0906522e8d2aa34763976e67222247c20f558e40,5a015a29e4c63536d51883df0906522e8d2aa34763976e67222247c20f558e40,FM0_NO_MEMORY,,0,0
78c0b6bce607fa49afb07dad5ac9fa8b86e5fa361e6eec427452b963ec8598bc,STAGE_3_FROZEN_FORMAL_EVALUATION,dbcb6a14e0ad59c5020143c887ec34c3a75e3393a579d7a0e6413b47e17452a9,dbcb6a14e0ad59c5020143c887ec34c3a75e3393a579d7a0e6413b47e17452a9,FM3_GATED_PRESCRIPTIVE,,0,0
78f9471703ef41b87864c43d684456340ec709d0f96626eb33f55e835859af29,STAGE_3_FROZEN_FORMAL_EVALUATION,72331b2789142ff998a3542384e0af71eca024368204f5aa1dd138d9725115a3,72331b2789142ff998a3542384e0af71eca024368204f5aa1dd138d9725115a3,FM2_STRUCTURED_DESCRIPTIVE,,0,0
7911c8f1dd2c0b3ec5e846509825239601bb76e40b2cfd7cf2a4df17c56e53da,STAGE_3_FROZEN_FORMAL_EVALUATION,814c35c206636731696ee4bf3a466185c027779bea160ab92b722763a7a088c7,814c35c206636731696ee4bf3a466185c027779bea160ab92b722763a7a088c7,FM3_GATED_PRESCRIPTIVE,,0,0
791a2775391840b908cee0cdc2a007a33f232414d188b810294c9a740f4f965c,STAGE_3_FROZEN_FORMAL_EVALUATION,f500633f7992b75a082c682cf4396c50b5a20978657b032bd3ec9c5455c1f993,f500633f7992b75a082c682cf4396c50b5a20978657b032bd3ec9c5455c1f993,FM0_NO_MEMORY,,0,0
792075d84e9653c5e52924e7f62faa6cb3758d2b125b2b67c351c5ef390ff9a5,STAGE_3_FROZEN_FORMAL_EVALUATION,00cd9fa3fd2dd43f74f3c00010e956bd4547c9eec5e34e7c3c5587c77de5f19b,00cd9fa3fd2dd43f74f3c00010e956bd4547c9eec5e34e7c3c5587c77de5f19b,FM2_STRUCTURED_DESCRIPTIVE,,0,0
79931811393a224b3608051f61ccb4d6ba4c67b19cccdd110e72dedec81fc433,STAGE_3_FROZEN_FORMAL_EVALUATION,37e3c856d7b65ca7a07b743f784b969d53012951178d85417fc7a6f000a93612,37e3c856d7b65ca7a07b743f784b969d53012951178d85417fc7a6f000a93612,FM3_GATED_PRESCRIPTIVE,,0,0
799669dd37d031ca7de038b27e8744fe2f4f04deb44f5e300de28473cdfb0fcc,STAGE_3_FROZEN_FORMAL_EVALUATION,dde148f6373bfdc2afda6af94e6a5f5e304573a08bef9541cec885a60099b568,dde148f6373bfdc2afda6af94e6a5f5e304573a08bef9541cec885a60099b568,FM2_STRUCTURED_DESCRIPTIVE,,0,0
79bab9ee904df1b342d09389e403885c264e42ccef8990200f370caec0b80552,STAGE_3_FROZEN_FORMAL_EVALUATION,afd2da8642fc2623772e8d3f18113656c786179bbf98b2fac049f0a4dc5221ac,afd2da8642fc2623772e8d3f18113656c786179bbf98b2fac049f0a4dc5221ac,FM3_GATED_PRESCRIPTIVE,,0,0
79d13775a8762101c6c70b71dc6cb96cac3e28f15e3e0a08a32169508347831b,STAGE_3_FROZEN_FORMAL_EVALUATION,d12dce031eea9781c0b8debef770becaa8ccfed3ba2371669b958b0062969819,d12dce031eea9781c0b8debef770becaa8ccfed3ba2371669b958b0062969819,FM2_STRUCTURED_DESCRIPTIVE,,0,0
7a02f2476517c191827072e3621165c1b18c2648380cc8e49a5cc46bc41efc1c,STAGE_3_FROZEN_FORMAL_EVALUATION,6fce1e9ebc7b8f5a5ffc2c5faa6e93f965c4530c993246aa2cac7f9d97c936d0,6fce1e9ebc7b8f5a5ffc2c5faa6e93f965c4530c993246aa2cac7f9d97c936d0,FM3_GATED_PRESCRIPTIVE,,0,0
7a07c50f71a8d9802e3fef2d8d893d6270f60433dd907d44f63a8b75e8011f34,STAGE_3_FROZEN_FORMAL_EVALUATION,f09097299bf65889474571e66be4919ff718772fa9c57c423a008eaeb8e514a9,f09097299bf65889474571e66be4919ff718772fa9c57c423a008eaeb8e514a9,FM0_NO_MEMORY,,0,0
7a3323424939a7e5f57cb5a7c5da7abb29b38e69f45acf10935ef4bb8ef60516,STAGE_3_FROZEN_FORMAL_EVALUATION,ea1ac087cfdf9f5162202798830dd79e643334caca4e526bf96266c8f5d63eac,ea1ac087cfdf9f5162202798830dd79e643334caca4e526bf96266c8f5d63eac,FM0_NO_MEMORY,,0,0
7a55889ad73e5fffc298f583b39beb65503b3fe9bc83a3b8d50b0c4ed0faab42,STAGE_3_FROZEN_FORMAL_EVALUATION,941c66f5ff8ef4367612a39fb0e21b793abebacd6bd15f6fc34d0d4a590db6d3,941c66f5ff8ef4367612a39fb0e21b793abebacd6bd15f6fc34d0d4a590db6d3,FM3_GATED_PRESCRIPTIVE,,0,0
7a5aaa8c52a710ebb35408d289e18d7e0fbdfac28f466782daf425548a0d9ea0,STAGE_3_FROZEN_FORMAL_EVALUATION,54b0da32a8043311764068be5bb688b8fac26215fee0208a88a80ef76ccbad76,54b0da32a8043311764068be5bb688b8fac26215fee0208a88a80ef76ccbad76,FM3_GATED_PRESCRIPTIVE,,0,0
7a69568b61782f85c9abcae465cd4b5c4e872dbbc157c56d2c1c0742a50f7ce1,STAGE_3_FROZEN_FORMAL_EVALUATION,1ec1508e5a11de90e567d19e42eb4b2e72ba8f0d984a5873255b3a645122e1fc,1ec1508e5a11de90e567d19e42eb4b2e72ba8f0d984a5873255b3a645122e1fc,FM3_GATED_PRESCRIPTIVE,,0,0
7a86636a99c29d657b9517dea7f585db9c22163bba33fb8041486f2bec49cdbd,STAGE_3_FROZEN_FORMAL_EVALUATION,e03deb250334596d9cc7c9295d2f0717fd96100ae6a22fc2fdd02f70ebcda73f,e03deb250334596d9cc7c9295d2f0717fd96100ae6a22fc2fdd02f70ebcda73f,FM3_GATED_PRESCRIPTIVE,,0,0
7a9515a39081f482e78a5ea484606ca20667b1d4654d06fe5bb9f68f9cc3450b,STAGE_3_FROZEN_FORMAL_EVALUATION,56363463967f8898e8ce3df75375f3ec8407c554261f967fea017533444a94f7,56363463967f8898e8ce3df75375f3ec8407c554261f967fea017533444a94f7,FM2_STRUCTURED_DESCRIPTIVE,,0,0
7ae89fc331f6b852b430cc973c5ae458fa9f5751855d80ec821b5e5aa75a64cb,STAGE_3_FROZEN_FORMAL_EVALUATION,e2fe3cd9462d31e9ee24f094135690e33c9f27999f8b07f6dd734abc582bb4ec,e2fe3cd9462d31e9ee24f094135690e33c9f27999f8b07f6dd734abc582bb4ec,FM2_STRUCTURED_DESCRIPTIVE,,0,0
7b009eaabe3217bc98e5fedfe4b0d5eb81e4b21e152acff364403dd501dde027,STAGE_3_FROZEN_FORMAL_EVALUATION,e42d640224db33338b8a2e3e376aa73d552d7c945bac3e1c68e5069000d5ba39,e42d640224db33338b8a2e3e376aa73d552d7c945bac3e1c68e5069000d5ba39,FM0_NO_MEMORY,,0,0
7b857261d0c4dd532dd41eb0ccf78d136a8eb735915a33be6a5f5035887f7c96,STAGE_3_FROZEN_FORMAL_EVALUATION,f25921b4ba82b234150556f4097b59d4581bffbb78a2ef13443b2389dd9db973,f25921b4ba82b234150556f4097b59d4581bffbb78a2ef13443b2389dd9db973,FM3_GATED_PRESCRIPTIVE,,0,0
7bbdcadc6d76da1abfaa4c543f4406d91cf3dc5cc83e523b3f85687c8089d07f,STAGE_3_FROZEN_FORMAL_EVALUATION,0b782582a19371a4f4fea7035e39e5528049ca9eb0757c0c842270039aebe611,0b782582a19371a4f4fea7035e39e5528049ca9eb0757c0c842270039aebe611,FM0_NO_MEMORY,,0,0
7bbf3d5cd8329b51b9934922ffcf4f98351fc0410f7872dde419e9a74b135c58,STAGE_3_FROZEN_FORMAL_EVALUATION,ff3faf0528b470b5433e01c605858a10e2f9bd60322a0ce6ce4af69ed3560e5b,ff3faf0528b470b5433e01c605858a10e2f9bd60322a0ce6ce4af69ed3560e5b,FM2_STRUCTURED_DESCRIPTIVE,,0,0
7bf83d995b44af02c2dfbac7f7534b309ef88d0ddd42ad70c3a340a11b32a131,STAGE_3_FROZEN_FORMAL_EVALUATION,266dcea51821e49a1307d53accf8dd41497491f96eaae3309a653a97849cb742,266dcea51821e49a1307d53accf8dd41497491f96eaae3309a653a97849cb742,FM0_NO_MEMORY,,0,0
7c1b5664dc97482b8190733dbec7e05e57066605045046b35ed4763b6cf34da5,STAGE_3_FROZEN_FORMAL_EVALUATION,fa75124b1dd987fd34505f6d3de70426d1e43bea9dd379c3fd58cca020663ff9,fa75124b1dd987fd34505f6d3de70426d1e43bea9dd379c3fd58cca020663ff9,FM2_STRUCTURED_DESCRIPTIVE,,0,0
7c5eb4ceec398b8bfee4dc6460a6b00976b838380511d1ceebdee62106487aa8,STAGE_3_FROZEN_FORMAL_EVALUATION,5bb883bb11aabe259d58e3e727e4edb4374641e172c4166e86121d14b71655c6,5bb883bb11aabe259d58e3e727e4edb4374641e172c4166e86121d14b71655c6,FM0_NO_MEMORY,,0,0
7c7ca667b36f5522e832542421564b06f8235b3701ce601eddbcd5dbebdf8f0c,STAGE_3_FROZEN_FORMAL_EVALUATION,67e276ec8028d65f3df9dc131cdc671687c981ecc8f66c52720b20d76ebe0637,67e276ec8028d65f3df9dc131cdc671687c981ecc8f66c52720b20d76ebe0637,FM3_GATED_PRESCRIPTIVE,,0,0
7c8b8380023fb8650665ced75acffa9d78210f3602304e4ecf0601d044087f3e,STAGE_3_FROZEN_FORMAL_EVALUATION,e007082fd9dbb5689464c86f5303768562dbd65295e2e28d10272e3de9a7a541,e007082fd9dbb5689464c86f5303768562dbd65295e2e28d10272e3de9a7a541,FM2_STRUCTURED_DESCRIPTIVE,,0,0
7c8eaf4b65d0b9f296a8f8a906f0082d7b577ef960c31652dd587f1a67cb30a2,STAGE_3_FROZEN_FORMAL_EVALUATION,de8d9035871e434a2fe8aa94e9a83d7e01ea59665735df8fb30c24a81b73c622,de8d9035871e434a2fe8aa94e9a83d7e01ea59665735df8fb30c24a81b73c622,FM1_MATCHED_RAW_EPISODIC,,0,0
7cb9288d57d63a0e61ba48f307e6dbdfce6d6a10be157c0c67882aac4aea495f,STAGE_3_FROZEN_FORMAL_EVALUATION,50bfe79472d36fa959e29900bdc3e41b52869af10f93f8faa086f334726e5907,50bfe79472d36fa959e29900bdc3e41b52869af10f93f8faa086f334726e5907,FM2_STRUCTURED_DESCRIPTIVE,,0,0
7cc34b38ffb10aeddbfd486357d7f08734dd07358488f3efdb76f8684a0b8dd8,STAGE_3_FROZEN_FORMAL_EVALUATION,42a18c99f27c6510a4cbcfc0d705e7de7a3c6bb2e501609cefe5ac142fc52e16,42a18c99f27c6510a4cbcfc0d705e7de7a3c6bb2e501609cefe5ac142fc52e16,FM3_GATED_PRESCRIPTIVE,,0,0
7cce691653c1f159d17c8d765024c19f0b4dc4e0ec668aeb0720f5356d797741,STAGE_3_FROZEN_FORMAL_EVALUATION,50728db1515207157e17c86f0e2fcfb8a8c75d9812d67c301c44d8b91beb5dfc,50728db1515207157e17c86f0e2fcfb8a8c75d9812d67c301c44d8b91beb5dfc,FM0_NO_MEMORY,,0,0
7ccfda7a7c3148a315c1697364f801c40e9aeff4cf79deba5a818c36b9517dbe,STAGE_3_FROZEN_FORMAL_EVALUATION,2d40294ea8d50b6982e3bbef52aa9d3cea5e679446a7a30bb886bb44230c0f67,2d40294ea8d50b6982e3bbef52aa9d3cea5e679446a7a30bb886bb44230c0f67,FM2_STRUCTURED_DESCRIPTIVE,,0,0
7cea776a88598001574639468cfeda87b2ef7e72e468fa654ffe743c88acdb6e,STAGE_3_FROZEN_FORMAL_EVALUATION,bbbf912b2f269f41853be14d529851451fd2e48b81ac81938b3008507e6f5d7e,bbbf912b2f269f41853be14d529851451fd2e48b81ac81938b3008507e6f5d7e,FM2_STRUCTURED_DESCRIPTIVE,,0,0
7d18c9cebaa05be4ca41631a0e1f00b1d08b5370f5b154214bbc22af9c861f72,STAGE_3_FROZEN_FORMAL_EVALUATION,76035d685eef338415ae2754b2ea02214b0d4346701324b0ab219d2f7a1ce5bd,76035d685eef338415ae2754b2ea02214b0d4346701324b0ab219d2f7a1ce5bd,FM1_MATCHED_RAW_EPISODIC,,0,0
7d4599f471f515c27aced1cba32c2ac7c77750bada307b05a330884c15aa2eb9,STAGE_3_FROZEN_FORMAL_EVALUATION,4212a13e41cffc175b898d7342858fa857789ba9e7a0f38384d711ee41eae331,4212a13e41cffc175b898d7342858fa857789ba9e7a0f38384d711ee41eae331,FM1_MATCHED_RAW_EPISODIC,,0,0
7d626811c779e4c3da9887155c51cba45cffa80ed12eb9811f60f6b1d3d11b7b,STAGE_3_FROZEN_FORMAL_EVALUATION,df96a4214a7fe1239d0cd71a9f4886a49f7ff01fb0173870af783a8f896b29bc,df96a4214a7fe1239d0cd71a9f4886a49f7ff01fb0173870af783a8f896b29bc,FM3_GATED_PRESCRIPTIVE,,0,0
7d6f779116f869ef29743c226ad7410bb6d0734900c4c6a13c52de30fea7dbb2,STAGE_3_FROZEN_FORMAL_EVALUATION,57914c20c75d6720d5adcc2a28223f06ff6b27f5e3d76da1e923155d430caa94,57914c20c75d6720d5adcc2a28223f06ff6b27f5e3d76da1e923155d430caa94,FM3_GATED_PRESCRIPTIVE,,0,0
7d820a64df239f603162eb356f814ae3155bde4dc7bb894bbf8e7c580575566e,STAGE_3_FROZEN_FORMAL_EVALUATION,b22f9a97e4f6fcc25b8bae36a939717ccc951d73c341eeccf9dc7a5dc8a67877,b22f9a97e4f6fcc25b8bae36a939717ccc951d73c341eeccf9dc7a5dc8a67877,FM2_STRUCTURED_DESCRIPTIVE,,0,0
7db511ace43a2810aa45784ed804f483e928c6549a13bcfc95985a4fcc58ab67,STAGE_3_FROZEN_FORMAL_EVALUATION,47642b364aa6cc5c6c5aee4f5b7f30b2947b636916ab55bd9705c3a5cf600a88,47642b364aa6cc5c6c5aee4f5b7f30b2947b636916ab55bd9705c3a5cf600a88,FM1_MATCHED_RAW_EPISODIC,,0,0
7dc720223d65ef59bd9b415a1ddb4210d953c21014a4a921a0907eece35858f9,STAGE_3_FROZEN_FORMAL_EVALUATION,32d710bd08e180ae1404a1ff32c534ad84aecc7955078784e880c68c7ff4d090,32d710bd08e180ae1404a1ff32c534ad84aecc7955078784e880c68c7ff4d090,FM2_STRUCTURED_DESCRIPTIVE,,0,0
7dd6b926346c9aa88071687bc5b59f294adeb151306aa15391a9956a66272905,STAGE_3_FROZEN_FORMAL_EVALUATION,c55110584e9dcbb3b2024fce22a5878063ffff3a38cef21ef5f595e54e438989,c55110584e9dcbb3b2024fce22a5878063ffff3a38cef21ef5f595e54e438989,FM0_NO_MEMORY,,0,0
7df5d54c190d2c26d8824f0ea7f0ab20e5d8e362ffee1593ddd75080c98a6d51,STAGE_3_FROZEN_FORMAL_EVALUATION,f239f5124cc8c4646eb0bfb5fdca4bb2c21137b7e041e31eed5b213034facd6d,f239f5124cc8c4646eb0bfb5fdca4bb2c21137b7e041e31eed5b213034facd6d,FM1_MATCHED_RAW_EPISODIC,,0,0
7e0a7fb27aa31e8b95c85373fc18731a246aee007deaa624da9c34ccdaee92a2,STAGE_3_FROZEN_FORMAL_EVALUATION,c1738b43244172e40daf363e27fd249c81b61bb14f3f1ccb93426dfcc1d6c188,c1738b43244172e40daf363e27fd249c81b61bb14f3f1ccb93426dfcc1d6c188,FM1_MATCHED_RAW_EPISODIC,,0,0
7e1df8e27e41dc63c668dc2e022dfdd91e074158effd4508b84d69f2bc356cfe,STAGE_3_FROZEN_FORMAL_EVALUATION,1191792376f591acb634ecea8da3085e2521dad5c710b9d9a90ef162b1356e7a,1191792376f591acb634ecea8da3085e2521dad5c710b9d9a90ef162b1356e7a,FM3_GATED_PRESCRIPTIVE,,0,0
7e736b9b63736aea69de45dd05277ce341cd73250fd2eb0c990fbe91a7381539,STAGE_3_FROZEN_FORMAL_EVALUATION,460695368fcf50132ba0a0ef1fadb5ae026230dbbcddbab87a2b041aa10c2f73,460695368fcf50132ba0a0ef1fadb5ae026230dbbcddbab87a2b041aa10c2f73,FM1_MATCHED_RAW_EPISODIC,,0,0
7f05fcdf49bf0053e5b2c2357535c10eba05371837cd682367051fe9360a9266,STAGE_3_FROZEN_FORMAL_EVALUATION,66764aed62e9e22c59b5a88d27910bc3619f7d14059baa6619817ca0cc3404c0,66764aed62e9e22c59b5a88d27910bc3619f7d14059baa6619817ca0cc3404c0,FM2_STRUCTURED_DESCRIPTIVE,,0,0
7fb5f9e8864fc648d2efa0975fb56decfd33af6b1fc91c79d1e8d1ba439fe304,STAGE_3_FROZEN_FORMAL_EVALUATION,2b81b1a14808cf6e2a387203c073520e6887ce113e90454dfb441ac120dba603,2b81b1a14808cf6e2a387203c073520e6887ce113e90454dfb441ac120dba603,FM2_STRUCTURED_DESCRIPTIVE,,0,0
7fb7a56c95936c609d8e19f5c1b840ccf21f87fd22f177257accac988af62e86,STAGE_3_FROZEN_FORMAL_EVALUATION,35cf4034fdaf61fbf4b7c86682509cef8f9aeb8b3bbf3e7158ac17114878473a,35cf4034fdaf61fbf4b7c86682509cef8f9aeb8b3bbf3e7158ac17114878473a,FM3_GATED_PRESCRIPTIVE,,0,0
80237fe5be02a927b141df8a734939623274e220c905178838d206131414c018,STAGE_3_FROZEN_FORMAL_EVALUATION,88bdc49b4d58988d6da6672f056d8d671b48c599fc5d2dc8d681614f74acf052,88bdc49b4d58988d6da6672f056d8d671b48c599fc5d2dc8d681614f74acf052,FM2_STRUCTURED_DESCRIPTIVE,,0,0
802721861cb8ec76c9b030d23d66cdbba175c3c71f198955fb111fb60e316e9f,STAGE_3_FROZEN_FORMAL_EVALUATION,0cde68830d212d00173e4c24f859b3cedcfe65da2ca95886b545d94c43a0a22f,0cde68830d212d00173e4c24f859b3cedcfe65da2ca95886b545d94c43a0a22f,FM0_NO_MEMORY,,0,0
802de24dd0577859428484f55bef4669063e76da5f7bc48e3a230084bc1610bf,STAGE_3_FROZEN_FORMAL_EVALUATION,787d7b1d6567c6f4df89749353667031edb54e991ec58f4ed7e74ceb9a390c8e,787d7b1d6567c6f4df89749353667031edb54e991ec58f4ed7e74ceb9a390c8e,FM2_STRUCTURED_DESCRIPTIVE,,0,0
803e4e7a1e5ab3b58cc174ba0ce61f72ccfdfd8e2284d5498fe66d35eb800b03,STAGE_3_FROZEN_FORMAL_EVALUATION,ed0f0c258041fca0c39f1095376af9d406e0f133ca896c1dc74cc4d71b07822a,ed0f0c258041fca0c39f1095376af9d406e0f133ca896c1dc74cc4d71b07822a,FM2_STRUCTURED_DESCRIPTIVE,,0,0
805580e7433849527494ec5fbd2941db8ff2ec2af80f426ce03439ff2389fcc6,STAGE_3_FROZEN_FORMAL_EVALUATION,c63cbba84598234be095a459b9eb1068ad26d0deff41c44a4bfa643b53e089f6,c63cbba84598234be095a459b9eb1068ad26d0deff41c44a4bfa643b53e089f6,FM1_MATCHED_RAW_EPISODIC,,0,0
812dca62c211af339d72a6268d6129a78058e2cbc6487d03a95f788af4802351,STAGE_3_FROZEN_FORMAL_EVALUATION,0b4e3161f84f42332f88ae31537c531ece103d0c77825e07185dc1980e265e34,0b4e3161f84f42332f88ae31537c531ece103d0c77825e07185dc1980e265e34,FM1_MATCHED_RAW_EPISODIC,,0,0
814d1f5cc8de7709a2b90c9766ccf12b30436684118b5744e5fa21a792caf07a,STAGE_3_FROZEN_FORMAL_EVALUATION,f0f7cb11d3f0dd2aa4f1663d45e94ee73598024223e00426ca65f3dfd27f862e,f0f7cb11d3f0dd2aa4f1663d45e94ee73598024223e00426ca65f3dfd27f862e,FM0_NO_MEMORY,,0,0
819eda7915edabd5e2becc3e1c9a776a2182844d889524a13bef13f8f0901f07,STAGE_3_FROZEN_FORMAL_EVALUATION,9061b26c447a5f389f52355bc6a5c9c3c5c361b472087d801e5ce69576deea5d,9061b26c447a5f389f52355bc6a5c9c3c5c361b472087d801e5ce69576deea5d,FM0_NO_MEMORY,,0,0
81a6c2925afc0a04d789b538399810ad28261701e27ec5e85fe02cf751005767,STAGE_3_FROZEN_FORMAL_EVALUATION,32376a1849c7dfaea743d26b87eaca5b239a34ea43f3ba031292b2f3f8b29c58,32376a1849c7dfaea743d26b87eaca5b239a34ea43f3ba031292b2f3f8b29c58,FM3_GATED_PRESCRIPTIVE,,0,0
82064d4c618d318e87acc8b37f591d71421eb92f1ca7a273b8a3d549fc938879,STAGE_3_FROZEN_FORMAL_EVALUATION,133f2c9f9ba11372d91f1c68ecf5260a292bb160a77d910db43a0903cc117c27,133f2c9f9ba11372d91f1c68ecf5260a292bb160a77d910db43a0903cc117c27,FM3_GATED_PRESCRIPTIVE,,0,0
828d1c580e722dbaf0a56c5f763b9b2ba211f817329ae552a41f0608071c8334,STAGE_3_FROZEN_FORMAL_EVALUATION,e8e9a6a6957ab0d09aacf53957cdc5c122e69b559e566e92421c7c7315598579,e8e9a6a6957ab0d09aacf53957cdc5c122e69b559e566e92421c7c7315598579,FM3_GATED_PRESCRIPTIVE,,0,0
82ae7a81ff51fff751914d0fbe192a162f600210d3f8145e452f848abe728213,STAGE_3_FROZEN_FORMAL_EVALUATION,ade458d758b8417ec467da6d368acb79762ed014960afaea9c2a6b5c64abce6c,ade458d758b8417ec467da6d368acb79762ed014960afaea9c2a6b5c64abce6c,FM0_NO_MEMORY,,0,0
82bb309e46b4e8e668efb5a496c1d349a5764e2d9b74c1ef82a3a6057c3a6269,STAGE_3_FROZEN_FORMAL_EVALUATION,1d9bb2c84214aaa79154281b2a52a9163010b4427fa7ba5eb5d6c9dd389da593,1d9bb2c84214aaa79154281b2a52a9163010b4427fa7ba5eb5d6c9dd389da593,FM1_MATCHED_RAW_EPISODIC,,0,0
82bc993793491ebe2b2a33f020da7b5584f91b18169b5f188a8bec4068164237,STAGE_3_FROZEN_FORMAL_EVALUATION,0b4e3161f84f42332f88ae31537c531ece103d0c77825e07185dc1980e265e34,0b4e3161f84f42332f88ae31537c531ece103d0c77825e07185dc1980e265e34,FM2_STRUCTURED_DESCRIPTIVE,,0,0
82cb7ca1839371b84cd33e80ae80d3605275695c87ecd97ae84b0b43474a7901,STAGE_3_FROZEN_FORMAL_EVALUATION,e8f316773b28645c217670e58485b4f8a005f99c9a3d2760af93a0a18ec7ca87,e8f316773b28645c217670e58485b4f8a005f99c9a3d2760af93a0a18ec7ca87,FM2_STRUCTURED_DESCRIPTIVE,,0,0
8312c7d140d226d7eefb5a5fd04f1a4793ba521686741e19cf38b0cda878ff5b,STAGE_3_FROZEN_FORMAL_EVALUATION,af1db020bb87087906d74fd63dd946a9ecfdc723c4037735f238469844313ce5,af1db020bb87087906d74fd63dd946a9ecfdc723c4037735f238469844313ce5,FM2_STRUCTURED_DESCRIPTIVE,,0,0
8315eb3e99f41abd385dc883c0af7504927c5f1d98dd269309625dac618054ea,STAGE_3_FROZEN_FORMAL_EVALUATION,990e639bf08be7722a4469c981f6be824f8c0e9ed811c622621b3fdf2b27efc0,990e639bf08be7722a4469c981f6be824f8c0e9ed811c622621b3fdf2b27efc0,FM1_MATCHED_RAW_EPISODIC,,0,0
8398001fa56778772fde9f61c0dc752419fc1d4032504c50ef4f8404583bc232,STAGE_3_FROZEN_FORMAL_EVALUATION,eba8227f3566ce5c880c1746b655c75123332d15ea76f2fd7185ab5cb3c73098,eba8227f3566ce5c880c1746b655c75123332d15ea76f2fd7185ab5cb3c73098,FM3_GATED_PRESCRIPTIVE,,0,0
83afbf034697dae4b409afbadd04170343804a1f08c45d22260ee1a7aa5ad409,STAGE_3_FROZEN_FORMAL_EVALUATION,af65e1bda5a13fff1efa7cb161a9ccef394834058471d32c0979ac7a84422629,af65e1bda5a13fff1efa7cb161a9ccef394834058471d32c0979ac7a84422629,FM0_NO_MEMORY,,0,0
83ba4a3d91b169671b02e38b7e63e102960fba30ffc4e038167843604990e8d9,STAGE_3_FROZEN_FORMAL_EVALUATION,34556fc5b1c7f56d9646009d4118e4f5650b0bddb2357511fbfec1ff54a1d61f,34556fc5b1c7f56d9646009d4118e4f5650b0bddb2357511fbfec1ff54a1d61f,FM2_STRUCTURED_DESCRIPTIVE,,0,0
83c19bf315de963b75c1c1738cb610f31bc062e6f05d4db8a437eabb03559ebd,STAGE_3_FROZEN_FORMAL_EVALUATION,42a18c99f27c6510a4cbcfc0d705e7de7a3c6bb2e501609cefe5ac142fc52e16,42a18c99f27c6510a4cbcfc0d705e7de7a3c6bb2e501609cefe5ac142fc52e16,FM2_STRUCTURED_DESCRIPTIVE,,0,0
83d7d9d78d269c2e5bb08bf223443e4104c3c047823e1196a44ca1e95b5a56d3,STAGE_3_FROZEN_FORMAL_EVALUATION,caa80bd6f772d18ad7b6c910ea40c1c547de37625060237650b0a7044e812228,caa80bd6f772d18ad7b6c910ea40c1c547de37625060237650b0a7044e812228,FM3_GATED_PRESCRIPTIVE,,0,0
84358e3c29095c6efe5d93aafe2c043f8c028bf4496b32c50502372464c81a16,STAGE_3_FROZEN_FORMAL_EVALUATION,e0aee4f850eb8f0c64ef77e40ea5a6114ef69b07ba480744c539219ce15026a7,e0aee4f850eb8f0c64ef77e40ea5a6114ef69b07ba480744c539219ce15026a7,FM2_STRUCTURED_DESCRIPTIVE,,0,0
843817833409e2e2128dccc062dd0acedf67c318419e12ea08016aa699d24ba4,STAGE_3_FROZEN_FORMAL_EVALUATION,61083acd4289523e5afa6363f9e4e5010b3f14d364f5a916349883b7bd82e74f,61083acd4289523e5afa6363f9e4e5010b3f14d364f5a916349883b7bd82e74f,FM2_STRUCTURED_DESCRIPTIVE,,0,0
845ac8db7d7c564bc140e3d395c92f49103d573c9a4b7970f3186baee8ccdd7b,STAGE_3_FROZEN_FORMAL_EVALUATION,42a18c99f27c6510a4cbcfc0d705e7de7a3c6bb2e501609cefe5ac142fc52e16,42a18c99f27c6510a4cbcfc0d705e7de7a3c6bb2e501609cefe5ac142fc52e16,FM0_NO_MEMORY,,0,0
84ce638fc378c57a1c6aab9e3303b2cbc17a3a8b7baf2c5cab5deddbd34136e0,STAGE_3_FROZEN_FORMAL_EVALUATION,307c6da7cd5a6befcf9c577ae5bc5cba575f72c067184849af7c992cb3788fad,307c6da7cd5a6befcf9c577ae5bc5cba575f72c067184849af7c992cb3788fad,FM3_GATED_PRESCRIPTIVE,,0,0
84de149852c726b904d63c71b4beeb1c0d7556044c310a4eb725d6f13fbd2f71,STAGE_3_FROZEN_FORMAL_EVALUATION,88bdc49b4d58988d6da6672f056d8d671b48c599fc5d2dc8d681614f74acf052,88bdc49b4d58988d6da6672f056d8d671b48c599fc5d2dc8d681614f74acf052,FM3_GATED_PRESCRIPTIVE,,0,0
85031e5d863ac5cc7fc1ae524f3cb5492d20b3b0984b5a5e95211c2b2b886fb0,STAGE_3_FROZEN_FORMAL_EVALUATION,16186e0b3272135a3b9123068f03ddedd919723a8e358c6d2907357b27af0f32,16186e0b3272135a3b9123068f03ddedd919723a8e358c6d2907357b27af0f32,FM1_MATCHED_RAW_EPISODIC,,0,0
854818872047962ce6cf534e4cc7916c50e02893a1762f8207d78d60b67020c9,STAGE_3_FROZEN_FORMAL_EVALUATION,f8c043123df07f1668705685435925d69bfb37d945ab30fbea703fe36ef751ad,f8c043123df07f1668705685435925d69bfb37d945ab30fbea703fe36ef751ad,FM0_NO_MEMORY,,0,0
859f7a25c9a421678a874639fc491a1b97cda9d0f538229bf0a51972edce45bf,STAGE_3_FROZEN_FORMAL_EVALUATION,fa775bada462be64fa16d3f3a81fb3e01e973251bca7085bf5db9824ca3ca63a,fa775bada462be64fa16d3f3a81fb3e01e973251bca7085bf5db9824ca3ca63a,FM2_STRUCTURED_DESCRIPTIVE,,0,0
85b14f68bce22060b089af96afd2bb5829b69d04eabcabccb0fba12187734471,STAGE_3_FROZEN_FORMAL_EVALUATION,a05fe943ad6ab2b9f18017fdb8bf8f07aeb8419d5a83dbfb4f0237ec6ece3e68,a05fe943ad6ab2b9f18017fdb8bf8f07aeb8419d5a83dbfb4f0237ec6ece3e68,FM0_NO_MEMORY,,0,0
861870772ac47e7b48b7da2f61daffc5932d32090021f7d81cf7a8da508e4464,STAGE_3_FROZEN_FORMAL_EVALUATION,770d1cae9ab9977d05f90693a8a1b0a593b90067ec45160432d2dcd541bd6c9c,770d1cae9ab9977d05f90693a8a1b0a593b90067ec45160432d2dcd541bd6c9c,FM0_NO_MEMORY,,0,0
8657a4b7a4972662235d4dddde53a1d69cb8eb730eb312723b80c94cf3a203d9,STAGE_3_FROZEN_FORMAL_EVALUATION,6fc53a258d57efdacadf197aa9c83d72665c1172de45e0b091ce636129f18425,6fc53a258d57efdacadf197aa9c83d72665c1172de45e0b091ce636129f18425,FM2_STRUCTURED_DESCRIPTIVE,,0,0
866d197d3b6116d5ad6839ed9162ae959eb0f88e8317db2bfd45b73bb560d019,STAGE_3_FROZEN_FORMAL_EVALUATION,a0051834d5c512777d1a04f4fe75d909d6ef9913b3063e0ec37d0eb4f4d1c503,a0051834d5c512777d1a04f4fe75d909d6ef9913b3063e0ec37d0eb4f4d1c503,FM0_NO_MEMORY,,0,0
867da7e4cc3db0bbd150feafc9a54fa4db4df954f3d0434632128c4b3267f63e,STAGE_3_FROZEN_FORMAL_EVALUATION,dde148f6373bfdc2afda6af94e6a5f5e304573a08bef9541cec885a60099b568,dde148f6373bfdc2afda6af94e6a5f5e304573a08bef9541cec885a60099b568,FM3_GATED_PRESCRIPTIVE,,0,0
86d1f17b40ac1a1900a97686ec0126e940088430f3805e18fe2880e50847185d,STAGE_3_FROZEN_FORMAL_EVALUATION,22c782dc65da973bdea2324ca6e7dfb1ce14e3ec48a23619076398dc028df6f1,22c782dc65da973bdea2324ca6e7dfb1ce14e3ec48a23619076398dc028df6f1,FM1_MATCHED_RAW_EPISODIC,,0,0
86f6e5dabb9dd0bc5737cccaa4b4d0b61744c31f73de7e925c6da867d4bae04c,STAGE_3_FROZEN_FORMAL_EVALUATION,135630e66a82eac380a5099292d384c77eb34719a5b9fa7b74cf263d85e919d6,135630e66a82eac380a5099292d384c77eb34719a5b9fa7b74cf263d85e919d6,FM3_GATED_PRESCRIPTIVE,,0,0
8727f41dc4739043a962bc63273625d6a0038c4f49572af1a32fba79c7e0ceb4,STAGE_3_FROZEN_FORMAL_EVALUATION,58c8280e2054e5a754dee268067f127dbf04bc698c48d6d9c52a679b6fad2d32,58c8280e2054e5a754dee268067f127dbf04bc698c48d6d9c52a679b6fad2d32,FM1_MATCHED_RAW_EPISODIC,,0,0
874944b532473a19f2ec24708a90bc97a93652d222dd724e3ca67c79d9b5445b,STAGE_3_FROZEN_FORMAL_EVALUATION,784e7088ee513af0469e8122fbd9ce2828385430c2c592ce0f604f67877b28db,784e7088ee513af0469e8122fbd9ce2828385430c2c592ce0f604f67877b28db,FM1_MATCHED_RAW_EPISODIC,,0,0
87bd9ae1704368604d34609220330c48cf4534e90ee54d8a4a058de5b69b02ee,STAGE_3_FROZEN_FORMAL_EVALUATION,50bfe79472d36fa959e29900bdc3e41b52869af10f93f8faa086f334726e5907,50bfe79472d36fa959e29900bdc3e41b52869af10f93f8faa086f334726e5907,FM3_GATED_PRESCRIPTIVE,,0,0
882d984a16d93859b2ee4c2ea047fb1ad9f535785a690ff706eada7f6ec17c56,STAGE_3_FROZEN_FORMAL_EVALUATION,af1db020bb87087906d74fd63dd946a9ecfdc723c4037735f238469844313ce5,af1db020bb87087906d74fd63dd946a9ecfdc723c4037735f238469844313ce5,FM1_MATCHED_RAW_EPISODIC,,0,0
885681ee9cacba44a9eab8ae4989f2be875e228f9ec46b8d3dc53d5c53debc36,STAGE_3_FROZEN_FORMAL_EVALUATION,dd4f7c2bb7de5e881412d7871b220413ba6c05d620c5f47c55bcc00eb7cedb38,dd4f7c2bb7de5e881412d7871b220413ba6c05d620c5f47c55bcc00eb7cedb38,FM1_MATCHED_RAW_EPISODIC,,0,0
88d20407c141fe519200a1b534c91d457c8ef9307d9c1e736e6b249304cde725,STAGE_3_FROZEN_FORMAL_EVALUATION,ad14fc1e62c5d155e71f05dd240bdf939066c26356d21c981def9d32eb1644dc,ad14fc1e62c5d155e71f05dd240bdf939066c26356d21c981def9d32eb1644dc,FM3_GATED_PRESCRIPTIVE,,0,0
88d43cd65003c2815ad99c42a583524d96acdd1461989de7534a582a35f5ca3b,STAGE_3_FROZEN_FORMAL_EVALUATION,be3f82d5bd606ae5c413b6140ad1b41c6074ff1e4f90acd8b3bf4c869ab3618f,be3f82d5bd606ae5c413b6140ad1b41c6074ff1e4f90acd8b3bf4c869ab3618f,FM0_NO_MEMORY,,0,0
8909c750cca35b9c1e6664e91b74583b66d664c1accf7e698bca80dc67df5bee,STAGE_3_FROZEN_FORMAL_EVALUATION,1e1387682d5bd068e241ecf10041cae32e437418c3d77a376d83c6bdeb0baf8f,1e1387682d5bd068e241ecf10041cae32e437418c3d77a376d83c6bdeb0baf8f,FM3_GATED_PRESCRIPTIVE,,0,0
896af2ea15a0e3ad32033c999a98f3d45a851accdde9214ca9c3352702d1fa69,STAGE_3_FROZEN_FORMAL_EVALUATION,6353e63200064e2d08408ca252123a12691ea29742dbb879ca7b30f76e0c2b28,6353e63200064e2d08408ca252123a12691ea29742dbb879ca7b30f76e0c2b28,FM0_NO_MEMORY,,0,0
8971d1c3d790c5cb6f5ab1a86bc4ffd7ed3c5a943d85bd41c4fcd0034d89bc87,STAGE_3_FROZEN_FORMAL_EVALUATION,511662448d156e651c24e86fb7ef10785d2e9973ad805dbbd3998c3c3c01d388,511662448d156e651c24e86fb7ef10785d2e9973ad805dbbd3998c3c3c01d388,FM2_STRUCTURED_DESCRIPTIVE,,0,0
89e171867bc6ce406b867a6ce90565d1def4e111cf5794493a8ce3332ee0786c,STAGE_3_FROZEN_FORMAL_EVALUATION,fc7ee78fb5004376ddf473ce8d743fe8fa74fd55a9d8c59ad9d3da6be2527a1a,fc7ee78fb5004376ddf473ce8d743fe8fa74fd55a9d8c59ad9d3da6be2527a1a,FM0_NO_MEMORY,,0,0
89fa8aef9e48a23d58307f6289ffaf24e3868498e905cd4e7dda0cd8f7b22603,STAGE_3_FROZEN_FORMAL_EVALUATION,464dd7da73b72cebf5a7c8d2ff7d820c385e82a95f1ec161095e02732bba1fd8,464dd7da73b72cebf5a7c8d2ff7d820c385e82a95f1ec161095e02732bba1fd8,FM3_GATED_PRESCRIPTIVE,,0,0
8a02ef4054e5065a03449bd7434be676675cc562de77f91f1bbb827759e0a5cb,STAGE_3_FROZEN_FORMAL_EVALUATION,b22f9a97e4f6fcc25b8bae36a939717ccc951d73c341eeccf9dc7a5dc8a67877,b22f9a97e4f6fcc25b8bae36a939717ccc951d73c341eeccf9dc7a5dc8a67877,FM1_MATCHED_RAW_EPISODIC,,0,0
8a5e366a896d5b69843f87d54e19e94e5f18bc50290c94937e199e0110ca9019,STAGE_3_FROZEN_FORMAL_EVALUATION,67e276ec8028d65f3df9dc131cdc671687c981ecc8f66c52720b20d76ebe0637,67e276ec8028d65f3df9dc131cdc671687c981ecc8f66c52720b20d76ebe0637,FM2_STRUCTURED_DESCRIPTIVE,,0,0
8aae4355437f0bd4285afe11a2b492a54f407b6832a9995cb978beb0388d459a,STAGE_3_FROZEN_FORMAL_EVALUATION,53c6d0550a147380c8d55532839dfe699faf6f0cea09c0afbd4b2d604a2dddd2,53c6d0550a147380c8d55532839dfe699faf6f0cea09c0afbd4b2d604a2dddd2,FM1_MATCHED_RAW_EPISODIC,,0,0
8ad1ef9dbea8d9b49d9c1071e0ebd01e6ca4986b0e094a911795b46af0054bcc,STAGE_3_FROZEN_FORMAL_EVALUATION,6fc53a258d57efdacadf197aa9c83d72665c1172de45e0b091ce636129f18425,6fc53a258d57efdacadf197aa9c83d72665c1172de45e0b091ce636129f18425,FM3_GATED_PRESCRIPTIVE,,0,0
8b24586c50a4541c9e7b24f3c5f5075220070e7dc74b0ecd592c7187ff55bf4c,STAGE_3_FROZEN_FORMAL_EVALUATION,7a6c4d1ab0e228239f1ca7195b580758539f2b2a8cd8eb4999bbcf8be7b3348c,7a6c4d1ab0e228239f1ca7195b580758539f2b2a8cd8eb4999bbcf8be7b3348c,FM1_MATCHED_RAW_EPISODIC,,0,0
8b5450f64286a253f562e2897eefa1d77370de3b9192c9b3ddff3f6673c32015,STAGE_3_FROZEN_FORMAL_EVALUATION,7bdfa3747235974f0c28b91152bbd8bc500cc07408fd7db711ddff07c6f50c54,7bdfa3747235974f0c28b91152bbd8bc500cc07408fd7db711ddff07c6f50c54,FM2_STRUCTURED_DESCRIPTIVE,,0,0
8bac2762d4a3208cbfc9aef577e067f9a171044e91c134d092ef0ca432a5a2fa,STAGE_3_FROZEN_FORMAL_EVALUATION,f45d37703437d976338dc34d8063f826178c510defb4a5190f1c1b44899f3cb8,f45d37703437d976338dc34d8063f826178c510defb4a5190f1c1b44899f3cb8,FM1_MATCHED_RAW_EPISODIC,,0,0
8bcb0259d57513543a76e968b1fa04130cceda6c6316e34b787240859d4706e7,STAGE_3_FROZEN_FORMAL_EVALUATION,fe208be6aafa418f429da9217f693354357e70446541b90364d581861c06fb70,fe208be6aafa418f429da9217f693354357e70446541b90364d581861c06fb70,FM2_STRUCTURED_DESCRIPTIVE,,0,0
8c6064f235a7a32745382546271338c1d75f15a9f154d4fd8eeee792325341d8,STAGE_3_FROZEN_FORMAL_EVALUATION,ed0f0c258041fca0c39f1095376af9d406e0f133ca896c1dc74cc4d71b07822a,ed0f0c258041fca0c39f1095376af9d406e0f133ca896c1dc74cc4d71b07822a,FM3_GATED_PRESCRIPTIVE,,0,0
8d0c588e7fd28017d8004c8e595ca6a36a8b693af14f96dacccb251a4009d85c,STAGE_3_FROZEN_FORMAL_EVALUATION,d28f790daa61a427deae6ff9b8f738bea85805d141c36537cf40355397ff1153,d28f790daa61a427deae6ff9b8f738bea85805d141c36537cf40355397ff1153,FM1_MATCHED_RAW_EPISODIC,,0,0
8de07d4252710c08f4be86f549860820894811829425c9e0e0049a3f21450f41,STAGE_3_FROZEN_FORMAL_EVALUATION,787d7b1d6567c6f4df89749353667031edb54e991ec58f4ed7e74ceb9a390c8e,787d7b1d6567c6f4df89749353667031edb54e991ec58f4ed7e74ceb9a390c8e,FM3_GATED_PRESCRIPTIVE,,0,0
8e4ce219d749e1ce9d4dba5a2378a7a40191792efd60d7123c414de24fb6a99b,STAGE_3_FROZEN_FORMAL_EVALUATION,a8aba4cd2aa81de8e21ca49a38463da802a43fed3d93fad152aeae84975ed943,a8aba4cd2aa81de8e21ca49a38463da802a43fed3d93fad152aeae84975ed943,FM0_NO_MEMORY,,0,0
8e6586c8390fa8e0ab1b19a1fd92f002a8ee3e438786e8f55ca01a6c3fa6c215,STAGE_3_FROZEN_FORMAL_EVALUATION,7efa681d78530e269e983f870d327fa88e290193a05fbccd27b87bf5ecee5535,7efa681d78530e269e983f870d327fa88e290193a05fbccd27b87bf5ecee5535,FM0_NO_MEMORY,,0,0
8efea08a03aeb67e463297a902b8dd35e8a8d9d91cfb4ce69783b18438092840,STAGE_3_FROZEN_FORMAL_EVALUATION,1d9bb2c84214aaa79154281b2a52a9163010b4427fa7ba5eb5d6c9dd389da593,1d9bb2c84214aaa79154281b2a52a9163010b4427fa7ba5eb5d6c9dd389da593,FM2_STRUCTURED_DESCRIPTIVE,,0,0
8f1b12addb09f64751275d84e55784fb2ca84f383d2da21bc00af6cd72c28b59,STAGE_3_FROZEN_FORMAL_EVALUATION,2070daad8acdd19be42421eb62af6b82fc7d2e047906a050eadc67ed1c2ca034,2070daad8acdd19be42421eb62af6b82fc7d2e047906a050eadc67ed1c2ca034,FM3_GATED_PRESCRIPTIVE,,0,0
8f263c6bd4b426b0510bc7ff49fe2a6d66ed6d9965289c0b2b2f52f1cfc6d54a,STAGE_3_FROZEN_FORMAL_EVALUATION,0546262c74097336093c393a5649a8fa7e431a7a1737d029b119318915397463,0546262c74097336093c393a5649a8fa7e431a7a1737d029b119318915397463,FM0_NO_MEMORY,,0,0
8f33ed791f48bf60e269cfe54444cc247a9e213cbd8af60d31eaf1a6949da7a4,STAGE_3_FROZEN_FORMAL_EVALUATION,3f72df965c1ab08042dcc8e82955b09eda454ed01e118c3b166c3be3bec2ae2e,3f72df965c1ab08042dcc8e82955b09eda454ed01e118c3b166c3be3bec2ae2e,FM3_GATED_PRESCRIPTIVE,,0,0
8f6dca09d491a7f7fabb2aa5dab83ed3d0271b8abc137984b38f6642d07b77f0,STAGE_3_FROZEN_FORMAL_EVALUATION,a2f89079fed77690df2dec5ad9bf63eb6f4055c7fff07e5e3d45670a68b0408c,a2f89079fed77690df2dec5ad9bf63eb6f4055c7fff07e5e3d45670a68b0408c,FM2_STRUCTURED_DESCRIPTIVE,,0,0
8f7267b5a0799ea4bf040a3ea64ae11d01e2e1ffe6fdfa27795c8c18bc0ec69d,STAGE_3_FROZEN_FORMAL_EVALUATION,913bb5b1a7a794e8eb46a5c5f5479dee57f7670dbeee5bdf4a2499a759523fb5,913bb5b1a7a794e8eb46a5c5f5479dee57f7670dbeee5bdf4a2499a759523fb5,FM0_NO_MEMORY,,0,0
8f9c6bb249688abea7f9662991456727463c5e2445205aaf511b0bb400c54c97,STAGE_3_FROZEN_FORMAL_EVALUATION,803cd1d2f6bb0fa03e999fd8f209befa2b0a531f05684d7a60ca066c38cc4974,803cd1d2f6bb0fa03e999fd8f209befa2b0a531f05684d7a60ca066c38cc4974,FM0_NO_MEMORY,,0,0
8fb0da45ec96e02241b688ff39c12cb022ebe2e4e48d607945100483caf8d510,STAGE_3_FROZEN_FORMAL_EVALUATION,3f231b5689ebd32ff89df5fda53d2d4daedd4eb16dd111822c78c63c861045a3,3f231b5689ebd32ff89df5fda53d2d4daedd4eb16dd111822c78c63c861045a3,FM1_MATCHED_RAW_EPISODIC,,0,0
8fb8e2437c73ccd31288caa0932ed05b9a46e36d4d5ce8292435c68e48f7f23e,STAGE_3_FROZEN_FORMAL_EVALUATION,770d1cae9ab9977d05f90693a8a1b0a593b90067ec45160432d2dcd541bd6c9c,770d1cae9ab9977d05f90693a8a1b0a593b90067ec45160432d2dcd541bd6c9c,FM2_STRUCTURED_DESCRIPTIVE,,0,0
9035fbaef57ba127c3054e4097c1160ff9c04643664db5804de8f72eec66ecd7,STAGE_3_FROZEN_FORMAL_EVALUATION,f8e59475c6751cf0667c94a0075204bd2b89cbbe3c295e474a9ea86a2466fa8a,f8e59475c6751cf0667c94a0075204bd2b89cbbe3c295e474a9ea86a2466fa8a,FM2_STRUCTURED_DESCRIPTIVE,,0,0
903636593b8cecc1fdf2d5d7701d00c509dc088205578f251cd5742c1a26741e,STAGE_3_FROZEN_FORMAL_EVALUATION,83a179f2339c48ce868c42e9819c6d528d959260aa9c35f728097c5f007cac4f,83a179f2339c48ce868c42e9819c6d528d959260aa9c35f728097c5f007cac4f,FM1_MATCHED_RAW_EPISODIC,,0,0
90fe36b7d8430c58d2caf582ba725834ffd1650723f4bb9c08b246e10c792870,STAGE_3_FROZEN_FORMAL_EVALUATION,c810370ea2093173ad60808ca87b8480b083cb0bc0906c6a0dd43387b6618fdf,c810370ea2093173ad60808ca87b8480b083cb0bc0906c6a0dd43387b6618fdf,FM0_NO_MEMORY,,0,0
9134e477694377811650b180480778557701c20ede155a40f6038a5028c6bbb0,STAGE_3_FROZEN_FORMAL_EVALUATION,1d9bb2c84214aaa79154281b2a52a9163010b4427fa7ba5eb5d6c9dd389da593,1d9bb2c84214aaa79154281b2a52a9163010b4427fa7ba5eb5d6c9dd389da593,FM0_NO_MEMORY,,0,0
915c702e96416183045b032ae6a9459964fa9172e7e3a8f9cd7b96628a8e3a0e,STAGE_3_FROZEN_FORMAL_EVALUATION,770d1cae9ab9977d05f90693a8a1b0a593b90067ec45160432d2dcd541bd6c9c,770d1cae9ab9977d05f90693a8a1b0a593b90067ec45160432d2dcd541bd6c9c,FM1_MATCHED_RAW_EPISODIC,,0,0
915ef7c58e57b9b216e62c061740672d2ba5f75c4ab2df581b31f2c6323da154,STAGE_3_FROZEN_FORMAL_EVALUATION,5f2e47105b1649a4394a8a8a2ef7bbeeb3fd23067776b3d63b75870b1e592f70,5f2e47105b1649a4394a8a8a2ef7bbeeb3fd23067776b3d63b75870b1e592f70,FM1_MATCHED_RAW_EPISODIC,,0,0
9185d93bd8529b012bf64acc9a4ab408b95aff0c4cfe283e46090c7a0849eaf2,STAGE_3_FROZEN_FORMAL_EVALUATION,d9e5f53603dc7715c060a99cdc2f923bf08e3c74f0c3901b9e52ae20af5e6c24,d9e5f53603dc7715c060a99cdc2f923bf08e3c74f0c3901b9e52ae20af5e6c24,FM3_GATED_PRESCRIPTIVE,,0,0
91890f8239fd63de93ab13fe73e69d6e205ade73ece0b3f57330d818a7eab8bd,STAGE_3_FROZEN_FORMAL_EVALUATION,a3d90ba9512e01baffc71bb1f7e7cd44a390de7f0ef3e2f2f777a699afad491e,a3d90ba9512e01baffc71bb1f7e7cd44a390de7f0ef3e2f2f777a699afad491e,FM1_MATCHED_RAW_EPISODIC,,0,0
91c54bc7e3bab54a8bbe77a6a4b3c758eaf73fc0dfecbd84790d29931f6bc9a6,STAGE_3_FROZEN_FORMAL_EVALUATION,e42d640224db33338b8a2e3e376aa73d552d7c945bac3e1c68e5069000d5ba39,e42d640224db33338b8a2e3e376aa73d552d7c945bac3e1c68e5069000d5ba39,FM1_MATCHED_RAW_EPISODIC,,0,0
920bfaed98c2f76eb72390de9813909726c1787f724857d75deca898d681ac86,STAGE_3_FROZEN_FORMAL_EVALUATION,482ebf7a2ce4b0859dd139d627a6b899f3a0055239974db8eba7c6e46c3c7d6c,482ebf7a2ce4b0859dd139d627a6b899f3a0055239974db8eba7c6e46c3c7d6c,FM1_MATCHED_RAW_EPISODIC,,0,0
924d65fc73f4a28ea6014c5189194a8f0fefb20e6b0f99a44e6a42a59d4c0b10,STAGE_3_FROZEN_FORMAL_EVALUATION,003493beb6024d0571a3fa54d666f48af8e00700a96f0aaffd0d7f9e4d772d95,003493beb6024d0571a3fa54d666f48af8e00700a96f0aaffd0d7f9e4d772d95,FM2_STRUCTURED_DESCRIPTIVE,,0,0
92c09d33e8954a4eeaf63f1445b1034c1b4732cf63c9aa04b2d2d22c797913ad,STAGE_3_FROZEN_FORMAL_EVALUATION,e0aee4f850eb8f0c64ef77e40ea5a6114ef69b07ba480744c539219ce15026a7,e0aee4f850eb8f0c64ef77e40ea5a6114ef69b07ba480744c539219ce15026a7,FM3_GATED_PRESCRIPTIVE,,0,0
932f9d5037ae26822c9ed4a32554423ad530a9eddab7cb518410b275cac65661,STAGE_3_FROZEN_FORMAL_EVALUATION,135630e66a82eac380a5099292d384c77eb34719a5b9fa7b74cf263d85e919d6,135630e66a82eac380a5099292d384c77eb34719a5b9fa7b74cf263d85e919d6,FM1_MATCHED_RAW_EPISODIC,,0,0
935dfa6483af0a90d22996bd3b4f56f726ba6985656617b3b7b2db0c2b519a9d,STAGE_3_FROZEN_FORMAL_EVALUATION,f0f774a00a36e1e21f51b853f4cc81f9caaecf57623a197e11aeb8789a1edf6c,f0f774a00a36e1e21f51b853f4cc81f9caaecf57623a197e11aeb8789a1edf6c,FM2_STRUCTURED_DESCRIPTIVE,,0,0
9374c7b7ea63e7cfbc506e9c1f08b97d28d2a810af17f7d29c9ee545bb2c5bb8,STAGE_3_FROZEN_FORMAL_EVALUATION,53c6d0550a147380c8d55532839dfe699faf6f0cea09c0afbd4b2d604a2dddd2,53c6d0550a147380c8d55532839dfe699faf6f0cea09c0afbd4b2d604a2dddd2,FM3_GATED_PRESCRIPTIVE,,0,0
94ba841a096db185f2f2f46c9fefbf21a6a3138d46880252a825e96c8cb07743,STAGE_3_FROZEN_FORMAL_EVALUATION,7538cab348724836811358e6c21e653bc0f35914c60528b052801111f57384af,7538cab348724836811358e6c21e653bc0f35914c60528b052801111f57384af,FM3_GATED_PRESCRIPTIVE,,0,0
94e452e6a21b2e72b5d043d6f382773492a0c238df4afd6ce7a457d0ce9b75ed,STAGE_3_FROZEN_FORMAL_EVALUATION,af65e1bda5a13fff1efa7cb161a9ccef394834058471d32c0979ac7a84422629,af65e1bda5a13fff1efa7cb161a9ccef394834058471d32c0979ac7a84422629,FM2_STRUCTURED_DESCRIPTIVE,,0,0
95922c1759d567552fc49a6283e682848c04a43725260e16a51e5a75bef0569c,STAGE_3_FROZEN_FORMAL_EVALUATION,32d710bd08e180ae1404a1ff32c534ad84aecc7955078784e880c68c7ff4d090,32d710bd08e180ae1404a1ff32c534ad84aecc7955078784e880c68c7ff4d090,FM3_GATED_PRESCRIPTIVE,,0,0
95b9c8c169d00060b0c6e02d8a02e80f9bb9706f35520a0363576874273dce46,STAGE_3_FROZEN_FORMAL_EVALUATION,72331b2789142ff998a3542384e0af71eca024368204f5aa1dd138d9725115a3,72331b2789142ff998a3542384e0af71eca024368204f5aa1dd138d9725115a3,FM1_MATCHED_RAW_EPISODIC,,0,0
95e669ed0d134be2b0124887bce0361a07f2e5387a1410beb728dab4e4dc1c80,STAGE_3_FROZEN_FORMAL_EVALUATION,1b685d05815e5f3358d274b9189b54c7c4e78318a5b57e8c055bf9a7e22b701b,1b685d05815e5f3358d274b9189b54c7c4e78318a5b57e8c055bf9a7e22b701b,FM0_NO_MEMORY,,0,0
9674a7a07082af4bd5b46f21c114fb5d2de8812520c29df7f70e7977e6c0c049,STAGE_3_FROZEN_FORMAL_EVALUATION,d28f790daa61a427deae6ff9b8f738bea85805d141c36537cf40355397ff1153,d28f790daa61a427deae6ff9b8f738bea85805d141c36537cf40355397ff1153,FM3_GATED_PRESCRIPTIVE,,0,0
96c8780d64ad536e0fe3afc0fdc12a426933b0aa4c21563da984130a4bbeffcf,STAGE_3_FROZEN_FORMAL_EVALUATION,fa75124b1dd987fd34505f6d3de70426d1e43bea9dd379c3fd58cca020663ff9,fa75124b1dd987fd34505f6d3de70426d1e43bea9dd379c3fd58cca020663ff9,FM3_GATED_PRESCRIPTIVE,,0,0
980fafff12db264ea24631ee6a6eb68ccdc7a23c07c0b5c781444f073e0193af,STAGE_3_FROZEN_FORMAL_EVALUATION,a3d90ba9512e01baffc71bb1f7e7cd44a390de7f0ef3e2f2f777a699afad491e,a3d90ba9512e01baffc71bb1f7e7cd44a390de7f0ef3e2f2f777a699afad491e,FM2_STRUCTURED_DESCRIPTIVE,,0,0
99e22b0b04d5edd9fc3e606c2bcbc24845695aba013f32ea00d958d26d6df564,STAGE_3_FROZEN_FORMAL_EVALUATION,9d58366ef25db7cebd2444116acd39085d6132e8a6f729344b2642047ccf9056,9d58366ef25db7cebd2444116acd39085d6132e8a6f729344b2642047ccf9056,FM0_NO_MEMORY,,0,0
9a5a3d96be6fa35cac9c92db71cf33c9d4c65a99b6f3e94661e6f9b1b71aa320,STAGE_3_FROZEN_FORMAL_EVALUATION,58f8d959c4efc3d916af96d03b58aff4d4fc92eafa61a5aa02bf9ad0fb18fe6e,58f8d959c4efc3d916af96d03b58aff4d4fc92eafa61a5aa02bf9ad0fb18fe6e,FM2_STRUCTURED_DESCRIPTIVE,,0,0
9a64b9cf9edbcf2fd5c4210e13cf610e2df359b5759183b594debb1c435afe15,STAGE_3_FROZEN_FORMAL_EVALUATION,f0f774a00a36e1e21f51b853f4cc81f9caaecf57623a197e11aeb8789a1edf6c,f0f774a00a36e1e21f51b853f4cc81f9caaecf57623a197e11aeb8789a1edf6c,FM3_GATED_PRESCRIPTIVE,,0,0
9a6e6a95fa13931f65c8755427fde9475597e0492723e067633d36d47ed6b662,STAGE_3_FROZEN_FORMAL_EVALUATION,f2c944eac5da20d5de0361f39a1998fa84f7069db9f86a6ed2b25762e56449c2,f2c944eac5da20d5de0361f39a1998fa84f7069db9f86a6ed2b25762e56449c2,FM0_NO_MEMORY,,0,0
9a7df8b99287cec843908ee6db244bb7da60a735ef52f2d05bce7736660a07dc,STAGE_3_FROZEN_FORMAL_EVALUATION,9b905faf8bf044465ea714d03cef7ed97f5ae68728a3a692ca40725793bf6058,9b905faf8bf044465ea714d03cef7ed97f5ae68728a3a692ca40725793bf6058,FM2_STRUCTURED_DESCRIPTIVE,,0,0
9aa643025998b969c79df06e856fb8f16efb35106fa9d8f33286b7c56e84c450,STAGE_3_FROZEN_FORMAL_EVALUATION,4212a13e41cffc175b898d7342858fa857789ba9e7a0f38384d711ee41eae331,4212a13e41cffc175b898d7342858fa857789ba9e7a0f38384d711ee41eae331,FM0_NO_MEMORY,,0,0
9ac06864529f1153bf3b9f3ea0064aa9c0601138f38c825a796229f22902a474,STAGE_3_FROZEN_FORMAL_EVALUATION,f4566380c9b89654ff2e13ff5594c96f05ae8b4f94914c9c09862694bbbd77f8,f4566380c9b89654ff2e13ff5594c96f05ae8b4f94914c9c09862694bbbd77f8,FM3_GATED_PRESCRIPTIVE,,0,0
9af4a3ebdd56e648d0faf1a2902877d62b1ee05f6beb38f6ff2a12ee6a8389a9,STAGE_3_FROZEN_FORMAL_EVALUATION,e2caf815620b2eb3cbdb44c80de1b965042ca1d580d7d824a5b95f0d53de5903,e2caf815620b2eb3cbdb44c80de1b965042ca1d580d7d824a5b95f0d53de5903,FM0_NO_MEMORY,,0,0
9b08564048e94c7bb245a0d458092d56dd09c600d6ddc4d8b001109d41255c18,STAGE_3_FROZEN_FORMAL_EVALUATION,4f30a35053cad4e0686155c3c5213c50a3dd552ad17d61a5bb8fb93d2b2f5b27,4f30a35053cad4e0686155c3c5213c50a3dd552ad17d61a5bb8fb93d2b2f5b27,FM3_GATED_PRESCRIPTIVE,,0,0
9b4a0604852b16e28ecb78ba400dd8420e358c212739583b8d8578d2ea373fd2,STAGE_3_FROZEN_FORMAL_EVALUATION,3aa4ee21bf3ff8a70ba80d611217f696a9f2cb78c4e69295c9a1118112149d48,3aa4ee21bf3ff8a70ba80d611217f696a9f2cb78c4e69295c9a1118112149d48,FM3_GATED_PRESCRIPTIVE,,0,0
9b5c0c837e18872a7d3542c4a03527c27ce29fe04d5415d6a484a3ba7ee9a581,STAGE_3_FROZEN_FORMAL_EVALUATION,83a179f2339c48ce868c42e9819c6d528d959260aa9c35f728097c5f007cac4f,83a179f2339c48ce868c42e9819c6d528d959260aa9c35f728097c5f007cac4f,FM0_NO_MEMORY,,0,0
9b7f18935e2989e86ddc55bbd28e55541e4ba75a48431a24655d23f605e62b15,STAGE_3_FROZEN_FORMAL_EVALUATION,6f18b2eb4b406eaf9e56507c5c766a4b2f064b1b330e5e6af52b020b1a1cb6a3,6f18b2eb4b406eaf9e56507c5c766a4b2f064b1b330e5e6af52b020b1a1cb6a3,FM1_MATCHED_RAW_EPISODIC,,0,0
9b8084e412f60286916cb59d4c3a2666298915555fff94f5a20beec45252a15e,STAGE_3_FROZEN_FORMAL_EVALUATION,fa775bada462be64fa16d3f3a81fb3e01e973251bca7085bf5db9824ca3ca63a,fa775bada462be64fa16d3f3a81fb3e01e973251bca7085bf5db9824ca3ca63a,FM1_MATCHED_RAW_EPISODIC,,0,0
9b9b4686668d38d52347b0e8efb0b6b5cc5d4222009c3734cff5ab6a1a292ce4,STAGE_3_FROZEN_FORMAL_EVALUATION,90789c0ad942e1576194acbe87f94d6ac92d4728dbaa808cad016e32d798d09c,90789c0ad942e1576194acbe87f94d6ac92d4728dbaa808cad016e32d798d09c,FM0_NO_MEMORY,,0,0
9ba2db23108b502ae561e6884c02c86e0a17a2591937c102333e6fd4c879dbeb,STAGE_3_FROZEN_FORMAL_EVALUATION,35cf4034fdaf61fbf4b7c86682509cef8f9aeb8b3bbf3e7158ac17114878473a,35cf4034fdaf61fbf4b7c86682509cef8f9aeb8b3bbf3e7158ac17114878473a,FM1_MATCHED_RAW_EPISODIC,,0,0
9bbfa08bed97ea43299f905c21a61db730b6aca669f21ee42130cc8ece7d6e38,STAGE_3_FROZEN_FORMAL_EVALUATION,dbcb6a14e0ad59c5020143c887ec34c3a75e3393a579d7a0e6413b47e17452a9,dbcb6a14e0ad59c5020143c887ec34c3a75e3393a579d7a0e6413b47e17452a9,FM1_MATCHED_RAW_EPISODIC,,0,0
9bc6c23853347fac1ac2f9b8a6cd0633c6c2ca58ab3bbaf4d60b222206058ee7,STAGE_3_FROZEN_FORMAL_EVALUATION,a8b37bbd99604124070c9db7c33c7a6fcb2016fc8a4194df51bbe3f4fb4e8e64,a8b37bbd99604124070c9db7c33c7a6fcb2016fc8a4194df51bbe3f4fb4e8e64,FM3_GATED_PRESCRIPTIVE,,0,0
9c4558e739be7aff76341b2618cd91dee325ec015a6050fe453a18f41cc2f20f,STAGE_3_FROZEN_FORMAL_EVALUATION,6f18b2eb4b406eaf9e56507c5c766a4b2f064b1b330e5e6af52b020b1a1cb6a3,6f18b2eb4b406eaf9e56507c5c766a4b2f064b1b330e5e6af52b020b1a1cb6a3,FM0_NO_MEMORY,,0,0
9d2fd98fd3ea87dba957c716c88255c2cad8520b54213d023769c67d3dd30966,STAGE_3_FROZEN_FORMAL_EVALUATION,3d19a2c079ecee1b216a9457a0db9fc24fe78568925c8bcea49af7b14012f8f2,3d19a2c079ecee1b216a9457a0db9fc24fe78568925c8bcea49af7b14012f8f2,FM0_NO_MEMORY,,0,0
9df9317b97391959fb7c2aadfd3c64b87fba0a30d0b6d3717de8da5759f8e30a,STAGE_3_FROZEN_FORMAL_EVALUATION,58f8d959c4efc3d916af96d03b58aff4d4fc92eafa61a5aa02bf9ad0fb18fe6e,58f8d959c4efc3d916af96d03b58aff4d4fc92eafa61a5aa02bf9ad0fb18fe6e,FM0_NO_MEMORY,,0,0
9eae9e3a2e6b5e4725cccbe8dce342de683c9e6a6250492b87c4c5e59994b4c8,STAGE_3_FROZEN_FORMAL_EVALUATION,da1925245a42120acee5d83324fc34339dffddccde1d74a509e72c6c5a0163f9,da1925245a42120acee5d83324fc34339dffddccde1d74a509e72c6c5a0163f9,FM2_STRUCTURED_DESCRIPTIVE,,0,0
9f6bee04c6c0a572c000d4e1432971a8a069cdf0413a2b7bc720dc6c51914cac,STAGE_3_FROZEN_FORMAL_EVALUATION,ade458d758b8417ec467da6d368acb79762ed014960afaea9c2a6b5c64abce6c,ade458d758b8417ec467da6d368acb79762ed014960afaea9c2a6b5c64abce6c,FM1_MATCHED_RAW_EPISODIC,,0,0
9f7c40dc1855aad23b0467f7e55379a5ff84908c8cf8cd5c218d702df1c009a6,STAGE_3_FROZEN_FORMAL_EVALUATION,70ff714028c2b470c09e03dd366b6c3295aa87c70378649a3e8e3c17eaed27d1,70ff714028c2b470c09e03dd366b6c3295aa87c70378649a3e8e3c17eaed27d1,FM3_GATED_PRESCRIPTIVE,,0,0
9f7c7b3349ba823e09e7287bba6af842ebc4552963cdbd3954d30206edb983cf,STAGE_3_FROZEN_FORMAL_EVALUATION,8d870094be7858046fe5a6a7d84116ca39a67522fd65bc0a69595c0d5b51ac88,8d870094be7858046fe5a6a7d84116ca39a67522fd65bc0a69595c0d5b51ac88,FM3_GATED_PRESCRIPTIVE,,0,0
9ff75b9bd2ebbb2f79c14afb8b1f7604b2ccff9c554a6d95b699639e98a59a48,STAGE_3_FROZEN_FORMAL_EVALUATION,b26e637acde919ee7ade0d791698f33b045f6562a8f1a16f9cef09049f7032b3,b26e637acde919ee7ade0d791698f33b045f6562a8f1a16f9cef09049f7032b3,FM2_STRUCTURED_DESCRIPTIVE,,0,0
a0695fbc396260b5ea32c5ce66c953354e0b4f505960c0815e864c833aa7bbe3,STAGE_3_FROZEN_FORMAL_EVALUATION,e8f316773b28645c217670e58485b4f8a005f99c9a3d2760af93a0a18ec7ca87,e8f316773b28645c217670e58485b4f8a005f99c9a3d2760af93a0a18ec7ca87,FM0_NO_MEMORY,,0,0
a078883fa3b17c4a79e8d0b8f3c56e8449b325df941694ab826d2bad3b208977,STAGE_3_FROZEN_FORMAL_EVALUATION,57914c20c75d6720d5adcc2a28223f06ff6b27f5e3d76da1e923155d430caa94,57914c20c75d6720d5adcc2a28223f06ff6b27f5e3d76da1e923155d430caa94,FM2_STRUCTURED_DESCRIPTIVE,,0,0
a07f43cc7f86286192a64aa04af6a53a3a992e25d9ee79a55598930356133b3c,STAGE_3_FROZEN_FORMAL_EVALUATION,ce0a1d1dcf08174a0e95553c1218705ccccad0d18ec232cbdeff0548a1e72397,ce0a1d1dcf08174a0e95553c1218705ccccad0d18ec232cbdeff0548a1e72397,FM1_MATCHED_RAW_EPISODIC,,0,0
a0aea322e8efd3d0c5863476553e96d090000bece0aa6121f4192be1456bdb52,STAGE_3_FROZEN_FORMAL_EVALUATION,1f144d6f19febefc941beddbf8940e69600eb3df412769b259b52c14e487a739,1f144d6f19febefc941beddbf8940e69600eb3df412769b259b52c14e487a739,FM2_STRUCTURED_DESCRIPTIVE,,0,0
a0c03d1b142ce170caef123efcda148b96d5ad809edf817f65eb654dc2a346b8,STAGE_3_FROZEN_FORMAL_EVALUATION,111aa5985a41c8a7d6d87f78966d3c3f7acf1570415d0e21af03450342bf4051,111aa5985a41c8a7d6d87f78966d3c3f7acf1570415d0e21af03450342bf4051,FM1_MATCHED_RAW_EPISODIC,,0,0
a25099b4045e28dda7f0c0ced2f8cea7e0fa8c90f5f601c618be41d91b9b1447,STAGE_3_FROZEN_FORMAL_EVALUATION,3a742c362945a800f18a5ad57e5701986ba4f7b4cde6c04845796e0551649d17,3a742c362945a800f18a5ad57e5701986ba4f7b4cde6c04845796e0551649d17,FM1_MATCHED_RAW_EPISODIC,,0,0
a280f6372c291beab48f6bcf28935fe6eca391211fa9e17345203c170af0435e,STAGE_3_FROZEN_FORMAL_EVALUATION,ae930f1c9fa2a61471b95a4344b8feb27a78c0115046ff487e4e13312a668249,ae930f1c9fa2a61471b95a4344b8feb27a78c0115046ff487e4e13312a668249,FM2_STRUCTURED_DESCRIPTIVE,,0,0
a2bc554b4ca78c3964b11478a5178be809577d2501472c25577e90f44f8120fc,STAGE_3_FROZEN_FORMAL_EVALUATION,6d138bd4feb3272a84eece56ecbd9da2d5466ba0f85bfb07ff66a54ec4cc56b0,6d138bd4feb3272a84eece56ecbd9da2d5466ba0f85bfb07ff66a54ec4cc56b0,FM3_GATED_PRESCRIPTIVE,,0,0
a2d77c611257dbac25d81dfaf78f803c453153004574ed5a7fa8afdd3d2e6e28,STAGE_3_FROZEN_FORMAL_EVALUATION,d629320fed108033b526af5237f0a6a8d9017b6ab4718a3ebe729693c9b93f06,d629320fed108033b526af5237f0a6a8d9017b6ab4718a3ebe729693c9b93f06,FM0_NO_MEMORY,,0,0
a3059dec07e50ead68957dc02cb1d8061d7135b8883768c6a14cbf743a75ec51,STAGE_3_FROZEN_FORMAL_EVALUATION,785b0e55f3142d39fa6cb2f94c769813bbfb41cad4eecbae7126ea9f9d534993,785b0e55f3142d39fa6cb2f94c769813bbfb41cad4eecbae7126ea9f9d534993,FM1_MATCHED_RAW_EPISODIC,,0,0
a34b701aed2736ec659a72b75765f44049dd9344186ac612aea8694dfb518c12,STAGE_3_FROZEN_FORMAL_EVALUATION,814c35c206636731696ee4bf3a466185c027779bea160ab92b722763a7a088c7,814c35c206636731696ee4bf3a466185c027779bea160ab92b722763a7a088c7,FM1_MATCHED_RAW_EPISODIC,,0,0
a35bab03bc0d3804db50cc5053d34af8351859a6400c4ebabd48a868f3262787,STAGE_3_FROZEN_FORMAL_EVALUATION,58c8280e2054e5a754dee268067f127dbf04bc698c48d6d9c52a679b6fad2d32,58c8280e2054e5a754dee268067f127dbf04bc698c48d6d9c52a679b6fad2d32,FM3_GATED_PRESCRIPTIVE,,0,0
a3c47c54d0321ad82d3c7f92657efe0ac77c2092c5f73aa8485371e0d065d51d,STAGE_3_FROZEN_FORMAL_EVALUATION,f45d37703437d976338dc34d8063f826178c510defb4a5190f1c1b44899f3cb8,f45d37703437d976338dc34d8063f826178c510defb4a5190f1c1b44899f3cb8,FM3_GATED_PRESCRIPTIVE,,0,0
a3de9d5254b6f5e7516e6ea7cb7a0b8d789c7c1f585d6bf73f3e358ed05d86de,STAGE_3_FROZEN_FORMAL_EVALUATION,b37d56aabdb06f3552f57517363a35d2279d8899a245d5586ef4a599225d7ae9,b37d56aabdb06f3552f57517363a35d2279d8899a245d5586ef4a599225d7ae9,FM1_MATCHED_RAW_EPISODIC,,0,0
a3e19e827b46cb9e94f0b4c09595801f0f0e4b7726c72b933d36c2192e3a26bf,STAGE_3_FROZEN_FORMAL_EVALUATION,88cd8b27aaa35c6cf5ea92dd8af4b767ab3c508f57ef4412e6cfffa0ee0860a9,88cd8b27aaa35c6cf5ea92dd8af4b767ab3c508f57ef4412e6cfffa0ee0860a9,FM2_STRUCTURED_DESCRIPTIVE,,0,0
a3e230fe66740ab2dc0ea2e2ac76862f3ce4f5d7402ff5f833b87d3a59e5b587,STAGE_3_FROZEN_FORMAL_EVALUATION,0546262c74097336093c393a5649a8fa7e431a7a1737d029b119318915397463,0546262c74097336093c393a5649a8fa7e431a7a1737d029b119318915397463,FM1_MATCHED_RAW_EPISODIC,,0,0
a3ec6be36600e29ea83a632a6f1316abd8437ba2934ccd4b9b5d202ac83e70ef,STAGE_3_FROZEN_FORMAL_EVALUATION,7a6c4d1ab0e228239f1ca7195b580758539f2b2a8cd8eb4999bbcf8be7b3348c,7a6c4d1ab0e228239f1ca7195b580758539f2b2a8cd8eb4999bbcf8be7b3348c,FM0_NO_MEMORY,,0,0
a4c07d1471db32cabfa4856ca18cf3d3bb7759f1f2e44905e863484ba4a38623,STAGE_3_FROZEN_FORMAL_EVALUATION,453ee4ceb87996882d49890ebfb7ef66bbd799aab136fb16b65e9c85353f3e7d,453ee4ceb87996882d49890ebfb7ef66bbd799aab136fb16b65e9c85353f3e7d,FM0_NO_MEMORY,,0,0
a58173277992174b1736234ea7b804ed8a7e700ece4172f1c2e343ebd18cb6b3,STAGE_3_FROZEN_FORMAL_EVALUATION,453ee4ceb87996882d49890ebfb7ef66bbd799aab136fb16b65e9c85353f3e7d,453ee4ceb87996882d49890ebfb7ef66bbd799aab136fb16b65e9c85353f3e7d,FM1_MATCHED_RAW_EPISODIC,,0,0
a5df896906616a8cfd1324c919aa5c5ab40f3104e5f74d98a02dfdb4c798666f,STAGE_3_FROZEN_FORMAL_EVALUATION,1d9bb2c84214aaa79154281b2a52a9163010b4427fa7ba5eb5d6c9dd389da593,1d9bb2c84214aaa79154281b2a52a9163010b4427fa7ba5eb5d6c9dd389da593,FM3_GATED_PRESCRIPTIVE,,0,0
a64ea36e1135fa9fcac573197486ad987a3fd8a5db7eb3ed9e3fc010879a6df8,STAGE_3_FROZEN_FORMAL_EVALUATION,549a23cb6c731d43a0a452bf88018fc47764c196dc3103f7111c9ab1b574b9be,549a23cb6c731d43a0a452bf88018fc47764c196dc3103f7111c9ab1b574b9be,FM1_MATCHED_RAW_EPISODIC,,0,0
a65520a8d64fd961a256a3498a68bbdd196381d5b691c426e2051d28523d70fe,STAGE_3_FROZEN_FORMAL_EVALUATION,6c5ffa674deb34afcf22c7c7bfab19e4bb88f24dbdde04851695cee3d698165a,6c5ffa674deb34afcf22c7c7bfab19e4bb88f24dbdde04851695cee3d698165a,FM0_NO_MEMORY,,0,0
a65729da93b1c815de2bc98eeba125eb41415c4f49f05c1ccd9f51216853550e,STAGE_3_FROZEN_FORMAL_EVALUATION,1cc7cfde4a48db274a308df7dfe149785753b1c62a981881dc89cf3ab047de96,1cc7cfde4a48db274a308df7dfe149785753b1c62a981881dc89cf3ab047de96,FM3_GATED_PRESCRIPTIVE,,0,0
a6ad20cf49296e01a7c27e239d95669f1a5934a175a7f5fb85d7dd4cc30690f5,STAGE_3_FROZEN_FORMAL_EVALUATION,f850514f31e42da61c30c21b1572cc98a67425b355522c8ab670cbc367362e7c,f850514f31e42da61c30c21b1572cc98a67425b355522c8ab670cbc367362e7c,FM0_NO_MEMORY,,0,0
a6dd5a21fbe6c940d1826a9f2be428e75f465b5ee9b133cd6fa171254e537116,STAGE_3_FROZEN_FORMAL_EVALUATION,fe208be6aafa418f429da9217f693354357e70446541b90364d581861c06fb70,fe208be6aafa418f429da9217f693354357e70446541b90364d581861c06fb70,FM1_MATCHED_RAW_EPISODIC,,0,0
a7037780966992542b3d2b8daae98ffc65fc8234f588fd2494ff0a996c52dd9f,STAGE_3_FROZEN_FORMAL_EVALUATION,ba1b1f73776dc0f15634ed431208474317679798d5295bcc07605b21ebda1672,ba1b1f73776dc0f15634ed431208474317679798d5295bcc07605b21ebda1672,FM1_MATCHED_RAW_EPISODIC,,0,0
a7b2947a494d00d502e1101b92c19870d09a2e1756b40a76a7d5bf9ec0bb29c4,STAGE_3_FROZEN_FORMAL_EVALUATION,54b0da32a8043311764068be5bb688b8fac26215fee0208a88a80ef76ccbad76,54b0da32a8043311764068be5bb688b8fac26215fee0208a88a80ef76ccbad76,FM0_NO_MEMORY,,0,0
a7d9bcac31ab478acb21b0a5b89394dacd56d09cf7f5c4cddf93c55cd556c1b4,STAGE_3_FROZEN_FORMAL_EVALUATION,e2caf815620b2eb3cbdb44c80de1b965042ca1d580d7d824a5b95f0d53de5903,e2caf815620b2eb3cbdb44c80de1b965042ca1d580d7d824a5b95f0d53de5903,FM1_MATCHED_RAW_EPISODIC,,0,0
a80f6b9a63469614cdc95c001a31236c7c4b1d67e9923670c5a97cde96301018,STAGE_3_FROZEN_FORMAL_EVALUATION,941c66f5ff8ef4367612a39fb0e21b793abebacd6bd15f6fc34d0d4a590db6d3,941c66f5ff8ef4367612a39fb0e21b793abebacd6bd15f6fc34d0d4a590db6d3,FM1_MATCHED_RAW_EPISODIC,,0,0
a8555be629b54cd1b76f5481257ff6e54eaa0e91021706e4f47af33e71d3139e,STAGE_3_FROZEN_FORMAL_EVALUATION,8c80b61d6eba8f29e9e2cfbee18a3d900fbc2c34a4ccf7e5f17b5a4815cb8049,8c80b61d6eba8f29e9e2cfbee18a3d900fbc2c34a4ccf7e5f17b5a4815cb8049,FM3_GATED_PRESCRIPTIVE,,0,0
a865ea5a30b2ba6604e497a18856af37a024d5fd9cbecdb51703d27924e25142,STAGE_3_FROZEN_FORMAL_EVALUATION,f28e1a1fe16d3b061bd4d149b82099b83dcb5b842fdb555ecd859fceee45b5d7,f28e1a1fe16d3b061bd4d149b82099b83dcb5b842fdb555ecd859fceee45b5d7,FM2_STRUCTURED_DESCRIPTIVE,,0,0
a883fbda7a209444ccec14117e939470376ac62a5a55ac6dfde93ca81fb4bbfd,STAGE_3_FROZEN_FORMAL_EVALUATION,37e3c856d7b65ca7a07b743f784b969d53012951178d85417fc7a6f000a93612,37e3c856d7b65ca7a07b743f784b969d53012951178d85417fc7a6f000a93612,FM2_STRUCTURED_DESCRIPTIVE,,0,0
a88c3a084a4ad4236fc37eec084de4b461939a097c09fefc7897b444a5dcd247,STAGE_3_FROZEN_FORMAL_EVALUATION,0daf369ee1493afd993c377f6c49eedbe493abd88624206266ccb0c3e236ebad,0daf369ee1493afd993c377f6c49eedbe493abd88624206266ccb0c3e236ebad,FM1_MATCHED_RAW_EPISODIC,,0,0
a8c97a2316a6b72915e859cbb73c005c72f4ce60b9ed7769b70c7fdd9afceed5,STAGE_3_FROZEN_FORMAL_EVALUATION,c190aefb826e6dfc8c5b9bf277f44ac0796d1e7946e00deefa378417c7e5f2fc,c190aefb826e6dfc8c5b9bf277f44ac0796d1e7946e00deefa378417c7e5f2fc,FM0_NO_MEMORY,,0,0
a8d1cd4f3786651ab67c2e90f6bd650b2220ed1292125071bce806d0433eb903,STAGE_3_FROZEN_FORMAL_EVALUATION,00cd9fa3fd2dd43f74f3c00010e956bd4547c9eec5e34e7c3c5587c77de5f19b,00cd9fa3fd2dd43f74f3c00010e956bd4547c9eec5e34e7c3c5587c77de5f19b,FM0_NO_MEMORY,,0,0
a989af72d21134a11904d904e87d68cfa001f50667ee42e26bd4452c19440b0e,STAGE_3_FROZEN_FORMAL_EVALUATION,df96a4214a7fe1239d0cd71a9f4886a49f7ff01fb0173870af783a8f896b29bc,df96a4214a7fe1239d0cd71a9f4886a49f7ff01fb0173870af783a8f896b29bc,FM1_MATCHED_RAW_EPISODIC,,0,0
a9911f428fc5ce8a3ff4dcaec66186f5cb09973caee26742241772d51fbc5476,STAGE_3_FROZEN_FORMAL_EVALUATION,53c6d0550a147380c8d55532839dfe699faf6f0cea09c0afbd4b2d604a2dddd2,53c6d0550a147380c8d55532839dfe699faf6f0cea09c0afbd4b2d604a2dddd2,FM2_STRUCTURED_DESCRIPTIVE,,0,0
a9c11c39ec72e6c565d76af1192416e346e26b1aaaba9d9aec6280cc80b1c814,STAGE_3_FROZEN_FORMAL_EVALUATION,b2e3ea3f072ba5bc197a01d0193a2dcb92e3b3522e3349b2247215a4f23533e9,b2e3ea3f072ba5bc197a01d0193a2dcb92e3b3522e3349b2247215a4f23533e9,FM3_GATED_PRESCRIPTIVE,,0,0
aa934c9de5ba96f16a8f514e72ad450ae2195816f36b7a76d59fcc6bcbcafe3c,STAGE_3_FROZEN_FORMAL_EVALUATION,0f893331697e42979dc0e5214fcf075381be034f4ff1db40c70c54b171eb3611,0f893331697e42979dc0e5214fcf075381be034f4ff1db40c70c54b171eb3611,FM3_GATED_PRESCRIPTIVE,,0,0
ab03df27f818eec5508244064aae165dfcc337ad32a52d3ad3cb12070f1d1d45,STAGE_3_FROZEN_FORMAL_EVALUATION,8b67a4dc04f3b526bc15220c823bee66444c0485bdd6936a7e9ae54c9dc2b2f7,8b67a4dc04f3b526bc15220c823bee66444c0485bdd6936a7e9ae54c9dc2b2f7,FM0_NO_MEMORY,,0,0
ab9501a77f2816e12b69616b3d9b8e15de2175a6e90e0482608bd2f17b847325,STAGE_3_FROZEN_FORMAL_EVALUATION,f69db7d0df8cefc386fc2ec91a4e5041beefc5c0c5cd721c60bdb16c03237c45,f69db7d0df8cefc386fc2ec91a4e5041beefc5c0c5cd721c60bdb16c03237c45,FM0_NO_MEMORY,,0,0
aba5cd558df0e0c1e00a8e9a924adff97afe40aabed21a8209859b73276f5c6e,STAGE_3_FROZEN_FORMAL_EVALUATION,5a015a29e4c63536d51883df0906522e8d2aa34763976e67222247c20f558e40,5a015a29e4c63536d51883df0906522e8d2aa34763976e67222247c20f558e40,FM2_STRUCTURED_DESCRIPTIVE,,0,0
abad7637df96b38def697608c944d82b5792a5990f9f11469f1d81312c22b8d1,STAGE_3_FROZEN_FORMAL_EVALUATION,c1fe7f3f25500781f09bac8ef0b4a29445b34eae640cfc6c2d5d7cf2a1fa837d,c1fe7f3f25500781f09bac8ef0b4a29445b34eae640cfc6c2d5d7cf2a1fa837d,FM3_GATED_PRESCRIPTIVE,,0,0
abb2924a73ea322d5cb5e98bdeb8f98691dcbb87c6a577c157ebe9b14c6e0138,STAGE_3_FROZEN_FORMAL_EVALUATION,8777b23bf2baddcb4ec7e021a0dafd6060c5629c0c8d8595d4f723744070fee3,8777b23bf2baddcb4ec7e021a0dafd6060c5629c0c8d8595d4f723744070fee3,FM0_NO_MEMORY,,0,0
ac3c623dd87f547f17a00e0381ddbe7953885b83435f00c2b5e8709882b58cf7,STAGE_3_FROZEN_FORMAL_EVALUATION,c85c5bf3ca4d310e76043d22465aa4f0a9f05b2e89f6763ed48aea0069b0b484,c85c5bf3ca4d310e76043d22465aa4f0a9f05b2e89f6763ed48aea0069b0b484,FM2_STRUCTURED_DESCRIPTIVE,,0,0
ac46f341d16dabe5b2cc81cf84a4fefd428c92f17ade155ad58055bb16c57e3b,STAGE_3_FROZEN_FORMAL_EVALUATION,705843cf9c01e309ec7bd9bf91478465e840dc180ea760a3823a9d24346c1c92,705843cf9c01e309ec7bd9bf91478465e840dc180ea760a3823a9d24346c1c92,FM0_NO_MEMORY,,0,0
ac81ec2d83f5f4e9a02b06d5b4626b70c1da9b4a21d1b7fbc5c945141540ff54,STAGE_3_FROZEN_FORMAL_EVALUATION,c1fe7f3f25500781f09bac8ef0b4a29445b34eae640cfc6c2d5d7cf2a1fa837d,c1fe7f3f25500781f09bac8ef0b4a29445b34eae640cfc6c2d5d7cf2a1fa837d,FM0_NO_MEMORY,,0,0
acea9b3279a535e6cb8f907b6ae158319a11a7f141a306bfa6730752e48534ed,STAGE_3_FROZEN_FORMAL_EVALUATION,fa775bada462be64fa16d3f3a81fb3e01e973251bca7085bf5db9824ca3ca63a,fa775bada462be64fa16d3f3a81fb3e01e973251bca7085bf5db9824ca3ca63a,FM0_NO_MEMORY,,0,0
ae059d89e32a5711201a4862414e8a930f06e373fdc77b7726df441b4415faa8,STAGE_3_FROZEN_FORMAL_EVALUATION,c1fe7f3f25500781f09bac8ef0b4a29445b34eae640cfc6c2d5d7cf2a1fa837d,c1fe7f3f25500781f09bac8ef0b4a29445b34eae640cfc6c2d5d7cf2a1fa837d,FM1_MATCHED_RAW_EPISODIC,,0,0
ae2e1dc1999d4ee4859601eaf40d00531a8115490a3a8d8706158e6373fc04e3,STAGE_3_FROZEN_FORMAL_EVALUATION,c8a61da53df787533b2a9b7483755aa04cbbf72edd02c33f7fd570004c1ce481,c8a61da53df787533b2a9b7483755aa04cbbf72edd02c33f7fd570004c1ce481,FM1_MATCHED_RAW_EPISODIC,,0,0
aed490a314498e791976dbcc9db91a3b3ffdebc7f1c0be6519ca7804accfacfe,STAGE_3_FROZEN_FORMAL_EVALUATION,1e1387682d5bd068e241ecf10041cae32e437418c3d77a376d83c6bdeb0baf8f,1e1387682d5bd068e241ecf10041cae32e437418c3d77a376d83c6bdeb0baf8f,FM2_STRUCTURED_DESCRIPTIVE,,0,0
aef7309e2238533f7997882b8a97dfc167e558d5f594676879e71d7464434bdb,STAGE_3_FROZEN_FORMAL_EVALUATION,e2fe3cd9462d31e9ee24f094135690e33c9f27999f8b07f6dd734abc582bb4ec,e2fe3cd9462d31e9ee24f094135690e33c9f27999f8b07f6dd734abc582bb4ec,FM1_MATCHED_RAW_EPISODIC,,0,0
af0d27df66e049438a78cdb4ae2f220f765debb4c423e879358bdf88be9d4959,STAGE_3_FROZEN_FORMAL_EVALUATION,90789c0ad942e1576194acbe87f94d6ac92d4728dbaa808cad016e32d798d09c,90789c0ad942e1576194acbe87f94d6ac92d4728dbaa808cad016e32d798d09c,FM2_STRUCTURED_DESCRIPTIVE,,0,0
af46df72519432a17d28f6095b61bfdccbfa42e02f5ff0c9bd9eee0bcd380c2d,STAGE_3_FROZEN_FORMAL_EVALUATION,1edafa1fdaa214d529d3610c0587f9bc0c25f0677c86ca1e9f4191815f7fcdea,1edafa1fdaa214d529d3610c0587f9bc0c25f0677c86ca1e9f4191815f7fcdea,FM2_STRUCTURED_DESCRIPTIVE,,0,0
b0597b31ada2c690f7b37d98463a5a5d6c85f9396ac7ec92e4aed5030422867c,STAGE_3_FROZEN_FORMAL_EVALUATION,453ee4ceb87996882d49890ebfb7ef66bbd799aab136fb16b65e9c85353f3e7d,453ee4ceb87996882d49890ebfb7ef66bbd799aab136fb16b65e9c85353f3e7d,FM2_STRUCTURED_DESCRIPTIVE,,0,0
b06bc89995b4e53c1787c7f7bd0bb9e824da708a9e4f1fcfda9a6f17b22f6f4f,STAGE_3_FROZEN_FORMAL_EVALUATION,cb913167c58ed588abf487d51994dec02fd33c995dc8f19eaaf916acd90f4196,cb913167c58ed588abf487d51994dec02fd33c995dc8f19eaaf916acd90f4196,FM3_GATED_PRESCRIPTIVE,,0,0
b0cb8be430ab26a43329146f9b4407c59ac4ab6f9bc0315000d135f6aa8769a2,STAGE_3_FROZEN_FORMAL_EVALUATION,1191792376f591acb634ecea8da3085e2521dad5c710b9d9a90ef162b1356e7a,1191792376f591acb634ecea8da3085e2521dad5c710b9d9a90ef162b1356e7a,FM1_MATCHED_RAW_EPISODIC,,0,0
b1326c6246486e8dc3304c0bc9788b032747ee8971e9833ae872140e3cf4b2a4,STAGE_3_FROZEN_FORMAL_EVALUATION,8c80b61d6eba8f29e9e2cfbee18a3d900fbc2c34a4ccf7e5f17b5a4815cb8049,8c80b61d6eba8f29e9e2cfbee18a3d900fbc2c34a4ccf7e5f17b5a4815cb8049,FM0_NO_MEMORY,,0,0
b155fee874fb94dbe70a2fa281a09b741050010888aed540eedd2ef4ad8704bc,STAGE_3_FROZEN_FORMAL_EVALUATION,d9cae5ea66f1cda00086c86d040d1ccb8f72cee028425f7bc3e6da56d547feb6,d9cae5ea66f1cda00086c86d040d1ccb8f72cee028425f7bc3e6da56d547feb6,FM0_NO_MEMORY,,0,0
b168698d37364073fa13d62bad24a54da9a5c3979b2c58366fcc4077fdd2eabd,STAGE_3_FROZEN_FORMAL_EVALUATION,ee53869fc560245e88ed4aba3e8b407fad5d2113b834c3381221e2cf4c199e45,ee53869fc560245e88ed4aba3e8b407fad5d2113b834c3381221e2cf4c199e45,FM0_NO_MEMORY,,0,0
b177362e94ff09cac18361107a151c9d7488d00886a142f2e6980a63f1827cd4,STAGE_3_FROZEN_FORMAL_EVALUATION,489c4b77dffccefd2162cd6a1f01aead570180e96a786561d19ba28f78e0a80e,489c4b77dffccefd2162cd6a1f01aead570180e96a786561d19ba28f78e0a80e,FM3_GATED_PRESCRIPTIVE,,0,0
b1c05e2de67f7dab42e51710ff846f5cd38bdb54f650a339ff4b0f5274013096,STAGE_3_FROZEN_FORMAL_EVALUATION,0f893331697e42979dc0e5214fcf075381be034f4ff1db40c70c54b171eb3611,0f893331697e42979dc0e5214fcf075381be034f4ff1db40c70c54b171eb3611,FM0_NO_MEMORY,,0,0
b1d8b9532d54a65ccded6a0125d2f4eb4f45f5166073e7292fb5f657d314c2a2,STAGE_3_FROZEN_FORMAL_EVALUATION,395816af774fd4bf554cc547f74905254e4031f4b2ca51abb20bec5f61665334,395816af774fd4bf554cc547f74905254e4031f4b2ca51abb20bec5f61665334,FM3_GATED_PRESCRIPTIVE,,0,0
b1fdaca7d4fbf3d909c7b1d4596ade5f4ac6e549b1b042f76cbf450f4c80a1da,STAGE_3_FROZEN_FORMAL_EVALUATION,1cc7cfde4a48db274a308df7dfe149785753b1c62a981881dc89cf3ab047de96,1cc7cfde4a48db274a308df7dfe149785753b1c62a981881dc89cf3ab047de96,FM1_MATCHED_RAW_EPISODIC,,0,0
b2069c3bb54e0debf7603f11f0ee098e6f0391dcf3f404b0b0e223729db2acb3,STAGE_3_FROZEN_FORMAL_EVALUATION,be3f82d5bd606ae5c413b6140ad1b41c6074ff1e4f90acd8b3bf4c869ab3618f,be3f82d5bd606ae5c413b6140ad1b41c6074ff1e4f90acd8b3bf4c869ab3618f,FM2_STRUCTURED_DESCRIPTIVE,,0,0
b261fb67bd79befb4c809054e253e9e818e8d113acc7527c197942e8da59eac0,STAGE_3_FROZEN_FORMAL_EVALUATION,a0051834d5c512777d1a04f4fe75d909d6ef9913b3063e0ec37d0eb4f4d1c503,a0051834d5c512777d1a04f4fe75d909d6ef9913b3063e0ec37d0eb4f4d1c503,FM2_STRUCTURED_DESCRIPTIVE,,0,0
b33fadcde4937fb16475b44fe7b1b21103954a591cc89a4216e8dae1de158b5c,STAGE_3_FROZEN_FORMAL_EVALUATION,4f0df1dec9b157e5c76e099a68f0df0035e139305db1dcdaad50edd7ca6567c6,4f0df1dec9b157e5c76e099a68f0df0035e139305db1dcdaad50edd7ca6567c6,FM2_STRUCTURED_DESCRIPTIVE,,0,0
b3711fe33b142c5c8a08f0fcdd65208ba039a51c9a2b2bdd7427a518941d5f07,STAGE_3_FROZEN_FORMAL_EVALUATION,56363463967f8898e8ce3df75375f3ec8407c554261f967fea017533444a94f7,56363463967f8898e8ce3df75375f3ec8407c554261f967fea017533444a94f7,FM1_MATCHED_RAW_EPISODIC,,0,0
b372853a9150fdfb94d9b5d74b00add7abb363de87fe9980fb20657fca60d888,STAGE_3_FROZEN_FORMAL_EVALUATION,8c80b61d6eba8f29e9e2cfbee18a3d900fbc2c34a4ccf7e5f17b5a4815cb8049,8c80b61d6eba8f29e9e2cfbee18a3d900fbc2c34a4ccf7e5f17b5a4815cb8049,FM1_MATCHED_RAW_EPISODIC,,0,0
b3c1f01fa9c4184de9904a668705aa8e7931ab05df8f1fb03093e1566cd3a879,STAGE_3_FROZEN_FORMAL_EVALUATION,dde148f6373bfdc2afda6af94e6a5f5e304573a08bef9541cec885a60099b568,dde148f6373bfdc2afda6af94e6a5f5e304573a08bef9541cec885a60099b568,FM1_MATCHED_RAW_EPISODIC,,0,0
b48fd8ddbd95d29084f410deab5c1d911b4200ffc02d5aaccdcb703aabba36c8,STAGE_3_FROZEN_FORMAL_EVALUATION,f8e59475c6751cf0667c94a0075204bd2b89cbbe3c295e474a9ea86a2466fa8a,f8e59475c6751cf0667c94a0075204bd2b89cbbe3c295e474a9ea86a2466fa8a,FM3_GATED_PRESCRIPTIVE,,0,0
b49a9d8c7c00bd3d251b9f04127a9d08b42171ecfabefefb626318c134774568,STAGE_3_FROZEN_FORMAL_EVALUATION,fe208be6aafa418f429da9217f693354357e70446541b90364d581861c06fb70,fe208be6aafa418f429da9217f693354357e70446541b90364d581861c06fb70,FM3_GATED_PRESCRIPTIVE,,0,0
b5602707a97539d4b5e21d5b2f7baf653959b3157bf6fe77272469b0419e1939,STAGE_3_FROZEN_FORMAL_EVALUATION,4f0df1dec9b157e5c76e099a68f0df0035e139305db1dcdaad50edd7ca6567c6,4f0df1dec9b157e5c76e099a68f0df0035e139305db1dcdaad50edd7ca6567c6,FM1_MATCHED_RAW_EPISODIC,,0,0
b5773ade410a48131d3626f419cd5eb3ded2aadbd89c1f3b0ca00f517f7c00da,STAGE_3_FROZEN_FORMAL_EVALUATION,bd8aa757af6e3f896eca38f90cc154a0b11d980dc1e91ef14a91266ff8ec4298,bd8aa757af6e3f896eca38f90cc154a0b11d980dc1e91ef14a91266ff8ec4298,FM0_NO_MEMORY,,0,0
b58799dfc42ab55cbbec1aed161320f5bfe3f47ec6e07e6e0b638314efd18769,STAGE_3_FROZEN_FORMAL_EVALUATION,8d870094be7858046fe5a6a7d84116ca39a67522fd65bc0a69595c0d5b51ac88,8d870094be7858046fe5a6a7d84116ca39a67522fd65bc0a69595c0d5b51ac88,FM2_STRUCTURED_DESCRIPTIVE,,0,0
b58af4e370ba51f3bf123bd3b1d8babb151210a8d29f7f52be1587d6de64c7c2,STAGE_3_FROZEN_FORMAL_EVALUATION,98bc1723fc55e9f5fd5201d11742f41b47d1597f1cb3c6719f734bf786918933,98bc1723fc55e9f5fd5201d11742f41b47d1597f1cb3c6719f734bf786918933,FM2_STRUCTURED_DESCRIPTIVE,,0,0
b58f72bf57ea31499556816bcd39a6d408135c15e66b32655be13caa080f21cd,STAGE_3_FROZEN_FORMAL_EVALUATION,d28f790daa61a427deae6ff9b8f738bea85805d141c36537cf40355397ff1153,d28f790daa61a427deae6ff9b8f738bea85805d141c36537cf40355397ff1153,FM0_NO_MEMORY,,0,0
b5d8440c7b3166e2c5890438f8d94d469d9e8514632d422706c67bd9238fc468,STAGE_3_FROZEN_FORMAL_EVALUATION,1d9beeb0de383df1162fb66567670068820190ce583428db2154cd269edcd0a2,1d9beeb0de383df1162fb66567670068820190ce583428db2154cd269edcd0a2,FM2_STRUCTURED_DESCRIPTIVE,,0,0
b6404d1b34efe1c7932920cdd65d50f4a265372e982f5add5fcbd6b220fb0e3f,STAGE_3_FROZEN_FORMAL_EVALUATION,de8d9035871e434a2fe8aa94e9a83d7e01ea59665735df8fb30c24a81b73c622,de8d9035871e434a2fe8aa94e9a83d7e01ea59665735df8fb30c24a81b73c622,FM3_GATED_PRESCRIPTIVE,,0,0
b660e3be32effa1b9f70565c716e8bfea33110045e33056d9f4a5e362b44689d,STAGE_3_FROZEN_FORMAL_EVALUATION,ba1b1f73776dc0f15634ed431208474317679798d5295bcc07605b21ebda1672,ba1b1f73776dc0f15634ed431208474317679798d5295bcc07605b21ebda1672,FM0_NO_MEMORY,,0,0
b67350cf2ab37a4b0ca5b3892f2bd744e953614461645ff2d63e461f0928997a,STAGE_3_FROZEN_FORMAL_EVALUATION,39b8dda2ab6d5124465527a78bdb1c7d3e7f17b0c263b5b60f4731e8ff18ba1a,39b8dda2ab6d5124465527a78bdb1c7d3e7f17b0c263b5b60f4731e8ff18ba1a,FM0_NO_MEMORY,,0,0
b67607e91773ca15fde7bcedd826df03325e11a32cf743e41eab2047562b2143,STAGE_3_FROZEN_FORMAL_EVALUATION,460695368fcf50132ba0a0ef1fadb5ae026230dbbcddbab87a2b041aa10c2f73,460695368fcf50132ba0a0ef1fadb5ae026230dbbcddbab87a2b041aa10c2f73,FM2_STRUCTURED_DESCRIPTIVE,,0,0
b6e72ba01a7d1a0a18092289de4c4a19451fdf5c84774195e723eaa223379514,STAGE_3_FROZEN_FORMAL_EVALUATION,18dc1f1fbfa4eea9a727bd53e0c0abc6d5c973215ff98cfd748754f0d38c3da8,18dc1f1fbfa4eea9a727bd53e0c0abc6d5c973215ff98cfd748754f0d38c3da8,FM2_STRUCTURED_DESCRIPTIVE,,0,0
b6f390f1dcc90bec835d7da8cc4f2fa2e94c85cfb934429faf6f2ec26c323f86,STAGE_3_FROZEN_FORMAL_EVALUATION,58c8280e2054e5a754dee268067f127dbf04bc698c48d6d9c52a679b6fad2d32,58c8280e2054e5a754dee268067f127dbf04bc698c48d6d9c52a679b6fad2d32,FM2_STRUCTURED_DESCRIPTIVE,,0,0
b70ca8c38ca86f59b42cc7023caafdd10e766dcdc735dee47e737fee160aa5e3,STAGE_3_FROZEN_FORMAL_EVALUATION,266dcea51821e49a1307d53accf8dd41497491f96eaae3309a653a97849cb742,266dcea51821e49a1307d53accf8dd41497491f96eaae3309a653a97849cb742,FM3_GATED_PRESCRIPTIVE,,0,0
b721518c3c9597d01adff8c02ecf2bd47c264700f3637898adcbef9611a4fc40,STAGE_3_FROZEN_FORMAL_EVALUATION,a76f38ef8ea0bf1900e575ffd987369402e81dbdbf15dbdfe99683946535bb6e,a76f38ef8ea0bf1900e575ffd987369402e81dbdbf15dbdfe99683946535bb6e,FM0_NO_MEMORY,,0,0
b72dd02cf845f60abdae902358dd5a20bd9f978337fedeb2f0f060e418da740e,STAGE_3_FROZEN_FORMAL_EVALUATION,0b2b1c2016801fa1243e08afa2178bc82c20433b00cb416d4b532d223e4d5c57,0b2b1c2016801fa1243e08afa2178bc82c20433b00cb416d4b532d223e4d5c57,FM2_STRUCTURED_DESCRIPTIVE,,0,0
b74cf43eee32af3bd116f15ec85acf90573fd87458311d092f8576dd658540ca,STAGE_3_FROZEN_FORMAL_EVALUATION,a3d90ba9512e01baffc71bb1f7e7cd44a390de7f0ef3e2f2f777a699afad491e,a3d90ba9512e01baffc71bb1f7e7cd44a390de7f0ef3e2f2f777a699afad491e,FM0_NO_MEMORY,,0,0
b7a38d2c8fe4f22d18a97e57db0756568d4755323659b8adddf8649b5c928fbd,STAGE_3_FROZEN_FORMAL_EVALUATION,42a18c99f27c6510a4cbcfc0d705e7de7a3c6bb2e501609cefe5ac142fc52e16,42a18c99f27c6510a4cbcfc0d705e7de7a3c6bb2e501609cefe5ac142fc52e16,FM1_MATCHED_RAW_EPISODIC,,0,0
b821caf1854a5d25d4d524dc0c327bab35e874e5c5cc0cdeb867467059f103cc,STAGE_3_FROZEN_FORMAL_EVALUATION,bd73534e9031cdf63e1d87bf4942afe3eb4de857c9808325a9c44178491aa848,bd73534e9031cdf63e1d87bf4942afe3eb4de857c9808325a9c44178491aa848,FM1_MATCHED_RAW_EPISODIC,,0,0
b8c98e17a1391f99fcd8e68b49275cfddc46859a0bfdf1af24e50fda6cc2a40d,STAGE_3_FROZEN_FORMAL_EVALUATION,111aa5985a41c8a7d6d87f78966d3c3f7acf1570415d0e21af03450342bf4051,111aa5985a41c8a7d6d87f78966d3c3f7acf1570415d0e21af03450342bf4051,FM2_STRUCTURED_DESCRIPTIVE,,0,0
b90414d55f5eac89affa8a97e6a89abd1ccee7011550fe837fdf9f4ca5f76bd4,STAGE_3_FROZEN_FORMAL_EVALUATION,c63cbba84598234be095a459b9eb1068ad26d0deff41c44a4bfa643b53e089f6,c63cbba84598234be095a459b9eb1068ad26d0deff41c44a4bfa643b53e089f6,FM2_STRUCTURED_DESCRIPTIVE,,0,0
b917bc6341aac73f5ebe8ceb97198a5a53993a16c7fdb5bc796d5b766c2ac557,STAGE_3_FROZEN_FORMAL_EVALUATION,5bb883bb11aabe259d58e3e727e4edb4374641e172c4166e86121d14b71655c6,5bb883bb11aabe259d58e3e727e4edb4374641e172c4166e86121d14b71655c6,FM2_STRUCTURED_DESCRIPTIVE,,0,0
b9b256ed02363cc8ef46067e3cfb7305aef040627fd48fa881b85dce7c2b79a3,STAGE_3_FROZEN_FORMAL_EVALUATION,b306e222a2a3fd0f1a04d60a97fed88cea15a7c59782227910110cb968a79bd0,b306e222a2a3fd0f1a04d60a97fed88cea15a7c59782227910110cb968a79bd0,FM3_GATED_PRESCRIPTIVE,,0,0
b9cf96c5c7648287a77fe287b1147506c1d20c87f814c7e7ac623c6613b4d6a0,STAGE_3_FROZEN_FORMAL_EVALUATION,0355c534b639e517cfd9155fc8cd017e2f38976f20ba9ec365293bc0b162b887,0355c534b639e517cfd9155fc8cd017e2f38976f20ba9ec365293bc0b162b887,FM1_MATCHED_RAW_EPISODIC,,0,0
ba4e192ed86ffcf2d527609341a2644b9c3fe338048c55fd93182351a258d753,STAGE_3_FROZEN_FORMAL_EVALUATION,1edafa1fdaa214d529d3610c0587f9bc0c25f0677c86ca1e9f4191815f7fcdea,1edafa1fdaa214d529d3610c0587f9bc0c25f0677c86ca1e9f4191815f7fcdea,FM0_NO_MEMORY,,0,0
bab70bbb3868ebc6cef6475cb4173632305c47c31ca57a6798a899e379ebc214,STAGE_3_FROZEN_FORMAL_EVALUATION,8b77d955a9219274e8a9df633cb772b54b6d228697e33b3bca61ce72ce34b405,8b77d955a9219274e8a9df633cb772b54b6d228697e33b3bca61ce72ce34b405,FM0_NO_MEMORY,,0,0
bacb783c4e9b0521c7811eb749d282cb29aa189942714cced2b7c774ab68eace,STAGE_3_FROZEN_FORMAL_EVALUATION,2df4a3e9f33b35ae33196d738c0b2b9be6bf934815ee6c56560840e09964d159,2df4a3e9f33b35ae33196d738c0b2b9be6bf934815ee6c56560840e09964d159,FM0_NO_MEMORY,,0,0
baffddbac669d17f21592ab8a76159fc49d90a1f4c564035cb51cb1fb58ff3ea,STAGE_3_FROZEN_FORMAL_EVALUATION,ba8687de7517191dbfc915d082b8bd02672b2c3397f8cd1abcef374314b8dd7f,ba8687de7517191dbfc915d082b8bd02672b2c3397f8cd1abcef374314b8dd7f,FM2_STRUCTURED_DESCRIPTIVE,,0,0
bb3090e34ccaddebb869cc0494b2dde42e41c284dd4b8e386bc52456e7601914,STAGE_3_FROZEN_FORMAL_EVALUATION,1b685d05815e5f3358d274b9189b54c7c4e78318a5b57e8c055bf9a7e22b701b,1b685d05815e5f3358d274b9189b54c7c4e78318a5b57e8c055bf9a7e22b701b,FM1_MATCHED_RAW_EPISODIC,,0,0
bb7c5510ef6270f3858716b589b3e767bc8d265f31a76595a8f6c2962640c77b,STAGE_3_FROZEN_FORMAL_EVALUATION,50728db1515207157e17c86f0e2fcfb8a8c75d9812d67c301c44d8b91beb5dfc,50728db1515207157e17c86f0e2fcfb8a8c75d9812d67c301c44d8b91beb5dfc,FM3_GATED_PRESCRIPTIVE,,0,0
bbda972ace2d1b73216dd2a2b9a61fa925a530e1ab3a2c7df8443e57899acab7,STAGE_3_FROZEN_FORMAL_EVALUATION,bd73534e9031cdf63e1d87bf4942afe3eb4de857c9808325a9c44178491aa848,bd73534e9031cdf63e1d87bf4942afe3eb4de857c9808325a9c44178491aa848,FM0_NO_MEMORY,,0,0
bc155d427bac5e5a502b4bc48a9704099f0864ce5d5c4796be9b0ff1c8b38937,STAGE_3_FROZEN_FORMAL_EVALUATION,868ad61797e1fe345de80bbe306a98e6351fb3a0a5b9acfec2db1a777408d442,868ad61797e1fe345de80bbe306a98e6351fb3a0a5b9acfec2db1a777408d442,FM0_NO_MEMORY,,0,0
bc21b0f9e7b004a169119e582b10b0294cc4596360b41c51c483e7e2a0677072,STAGE_3_FROZEN_FORMAL_EVALUATION,3f231b5689ebd32ff89df5fda53d2d4daedd4eb16dd111822c78c63c861045a3,3f231b5689ebd32ff89df5fda53d2d4daedd4eb16dd111822c78c63c861045a3,FM2_STRUCTURED_DESCRIPTIVE,,0,0
bc3ce3ed8d4cd202c2310b243622f5c6455de70dc6db1ebd550178634363213e,STAGE_3_FROZEN_FORMAL_EVALUATION,0daf369ee1493afd993c377f6c49eedbe493abd88624206266ccb0c3e236ebad,0daf369ee1493afd993c377f6c49eedbe493abd88624206266ccb0c3e236ebad,FM3_GATED_PRESCRIPTIVE,,0,0
bc435522181d38c93befcc2774f0e993b27ad94b064eb8c264df7dc1428bf5e0,STAGE_3_FROZEN_FORMAL_EVALUATION,61083acd4289523e5afa6363f9e4e5010b3f14d364f5a916349883b7bd82e74f,61083acd4289523e5afa6363f9e4e5010b3f14d364f5a916349883b7bd82e74f,FM3_GATED_PRESCRIPTIVE,,0,0
bcb7ca0ac8b193c885280d7727e0500228b4407a10de15ac8fe5f31888d6da65,STAGE_3_FROZEN_FORMAL_EVALUATION,88cd8b27aaa35c6cf5ea92dd8af4b767ab3c508f57ef4412e6cfffa0ee0860a9,88cd8b27aaa35c6cf5ea92dd8af4b767ab3c508f57ef4412e6cfffa0ee0860a9,FM0_NO_MEMORY,,0,0
bcc837e1e4b909e4ddff34e59d31137f9baa7c6a4fc5092876fe49a18a55b9ce,STAGE_3_FROZEN_FORMAL_EVALUATION,5fef9e36819b2ae843ec482d7ec88aed73a501be4f232daf29db0f91d4f720ef,5fef9e36819b2ae843ec482d7ec88aed73a501be4f232daf29db0f91d4f720ef,FM3_GATED_PRESCRIPTIVE,,0,0
bccea128524d8bad473a89aaf1625d54e3c5c9ef099b342be40b79980dab5a00,STAGE_3_FROZEN_FORMAL_EVALUATION,1ec1508e5a11de90e567d19e42eb4b2e72ba8f0d984a5873255b3a645122e1fc,1ec1508e5a11de90e567d19e42eb4b2e72ba8f0d984a5873255b3a645122e1fc,FM0_NO_MEMORY,,0,0
bcefe1e33cb175f0ce8187c05946bb18b6143b8de77e839e8d9caee052e94787,STAGE_3_FROZEN_FORMAL_EVALUATION,0b782582a19371a4f4fea7035e39e5528049ca9eb0757c0c842270039aebe611,0b782582a19371a4f4fea7035e39e5528049ca9eb0757c0c842270039aebe611,FM1_MATCHED_RAW_EPISODIC,,0,0
bcf2f14f6625c9dcb9415bfd4d07095f60d7c05952c426475d7804ef0631e6d8,STAGE_3_FROZEN_FORMAL_EVALUATION,bbbf912b2f269f41853be14d529851451fd2e48b81ac81938b3008507e6f5d7e,bbbf912b2f269f41853be14d529851451fd2e48b81ac81938b3008507e6f5d7e,FM1_MATCHED_RAW_EPISODIC,,0,0
bd115cc531bec361bc1e4a5cc805c6849a49fd1a65119a2b79ae6dccd5c79a5b,STAGE_3_FROZEN_FORMAL_EVALUATION,ce0a1d1dcf08174a0e95553c1218705ccccad0d18ec232cbdeff0548a1e72397,ce0a1d1dcf08174a0e95553c1218705ccccad0d18ec232cbdeff0548a1e72397,FM2_STRUCTURED_DESCRIPTIVE,,0,0
bd15de52f4b05e95820d5ca9c55f9da610e541c30c9e7e7730748c9a9e30da5b,STAGE_3_FROZEN_FORMAL_EVALUATION,c204693144acf4903fe866263771b44e21f2c6524174dc5c60cc075a9236dd8e,c204693144acf4903fe866263771b44e21f2c6524174dc5c60cc075a9236dd8e,FM0_NO_MEMORY,,0,0
bd31197542df48d66983dbb645f4e480b663d1a79013f9e07a447f813c7c9b93,STAGE_3_FROZEN_FORMAL_EVALUATION,bbbf912b2f269f41853be14d529851451fd2e48b81ac81938b3008507e6f5d7e,bbbf912b2f269f41853be14d529851451fd2e48b81ac81938b3008507e6f5d7e,FM0_NO_MEMORY,,0,0
bd37c4d559517a70f497e85439500dcc2f8bb4c111b85f61c92a56326b1e5b69,STAGE_3_FROZEN_FORMAL_EVALUATION,7bdfa3747235974f0c28b91152bbd8bc500cc07408fd7db711ddff07c6f50c54,7bdfa3747235974f0c28b91152bbd8bc500cc07408fd7db711ddff07c6f50c54,FM0_NO_MEMORY,,0,0
bd3b53fc585146fe9e507f505f4d43a2d710dec638411d96efd9a6bfce158780,STAGE_3_FROZEN_FORMAL_EVALUATION,9eabea3d7d28b8c40dfeff869c8a7255802f9335a828b9d67b2189ba15a57c1f,9eabea3d7d28b8c40dfeff869c8a7255802f9335a828b9d67b2189ba15a57c1f,FM3_GATED_PRESCRIPTIVE,,0,0
bd4183aba493d8902a8087d4ca3039a779f2f5072467f1b02bafdf7b82d4162e,STAGE_3_FROZEN_FORMAL_EVALUATION,22c782dc65da973bdea2324ca6e7dfb1ce14e3ec48a23619076398dc028df6f1,22c782dc65da973bdea2324ca6e7dfb1ce14e3ec48a23619076398dc028df6f1,FM0_NO_MEMORY,,0,0
be50e302ecc864caccb14f9c65f71a24b63aac8664efc1717058cf972561c3db,STAGE_3_FROZEN_FORMAL_EVALUATION,3a742c362945a800f18a5ad57e5701986ba4f7b4cde6c04845796e0551649d17,3a742c362945a800f18a5ad57e5701986ba4f7b4cde6c04845796e0551649d17,FM3_GATED_PRESCRIPTIVE,,0,0
be524de8f8ffcb8028405974161afae0bf12b38e82ca025d1d54da07e9241f9e,STAGE_3_FROZEN_FORMAL_EVALUATION,798f26082685163a1df0e3e62738808eb7c975e84531b94cb0abec9592cea7c6,798f26082685163a1df0e3e62738808eb7c975e84531b94cb0abec9592cea7c6,FM0_NO_MEMORY,,0,0
be5751976b674c968872948656bef47a136d1a9ae92cde2cab6c2cf210772b4b,STAGE_3_FROZEN_FORMAL_EVALUATION,06cd8821902acb3e77a2259e295291a7c912a3359051bc7b04b2e5d441fb7eec,06cd8821902acb3e77a2259e295291a7c912a3359051bc7b04b2e5d441fb7eec,FM1_MATCHED_RAW_EPISODIC,,0,0
be5a413f1897f7d96b47a880a536f6ecbb07efd8ff923ad9a61c7b446c5b732c,STAGE_3_FROZEN_FORMAL_EVALUATION,90b3082aa9a43f3dcf24d8d0e7eb3d3ce1849649b60dcce5df1930f763404ea7,90b3082aa9a43f3dcf24d8d0e7eb3d3ce1849649b60dcce5df1930f763404ea7,FM1_MATCHED_RAW_EPISODIC,,0,0
be670466483ea79b04fee875a40ed8a5e0daeafd72043b8fc4af0ea0a1c2a0ae,STAGE_3_FROZEN_FORMAL_EVALUATION,1f144d6f19febefc941beddbf8940e69600eb3df412769b259b52c14e487a739,1f144d6f19febefc941beddbf8940e69600eb3df412769b259b52c14e487a739,FM1_MATCHED_RAW_EPISODIC,,0,0
bf1e78958893fd7031144f01f0d5e77562718b9f1772e65867094a644e14ccc9,STAGE_3_FROZEN_FORMAL_EVALUATION,cb913167c58ed588abf487d51994dec02fd33c995dc8f19eaaf916acd90f4196,cb913167c58ed588abf487d51994dec02fd33c995dc8f19eaaf916acd90f4196,FM0_NO_MEMORY,,0,0
bf3da115650fea284b0d94aec3be59166c94d5384b0d9bbcfd4c662b77664aa4,STAGE_3_FROZEN_FORMAL_EVALUATION,2c6b3eecb2686868a6ca84d3bc7d15deaca0d5c4332406fdadc6bd8c6dbb86b7,2c6b3eecb2686868a6ca84d3bc7d15deaca0d5c4332406fdadc6bd8c6dbb86b7,FM2_STRUCTURED_DESCRIPTIVE,,0,0
bf903288c6f53bfc4cc211a5fcc0b5e5b15bbd335f57429b6fe22d651606270d,STAGE_3_FROZEN_FORMAL_EVALUATION,ce0a1d1dcf08174a0e95553c1218705ccccad0d18ec232cbdeff0548a1e72397,ce0a1d1dcf08174a0e95553c1218705ccccad0d18ec232cbdeff0548a1e72397,FM3_GATED_PRESCRIPTIVE,,0,0
bf976cde1374ad89b08943b55869859f54deb4ba5b1bd9cfcb6e47206b497bfe,STAGE_3_FROZEN_FORMAL_EVALUATION,1ac635da19fddb65b0157b733fceae8aeaca4cf3a7f2d0b92e1410f94078baca,1ac635da19fddb65b0157b733fceae8aeaca4cf3a7f2d0b92e1410f94078baca,FM1_MATCHED_RAW_EPISODIC,,0,0
bface99d407733080b98a68fc6cacaf2669903d5d00d262583cceff9db374167,STAGE_3_FROZEN_FORMAL_EVALUATION,b22f9a97e4f6fcc25b8bae36a939717ccc951d73c341eeccf9dc7a5dc8a67877,b22f9a97e4f6fcc25b8bae36a939717ccc951d73c341eeccf9dc7a5dc8a67877,FM3_GATED_PRESCRIPTIVE,,0,0
c0217fb9f898a0ca68c6cf1ff1001762a3be6a21e197dc39dc44ac73c31ea00a,STAGE_3_FROZEN_FORMAL_EVALUATION,2be74b9b4e63b9edd26f27b183dc998adc7437be84d20fe45456659833c56389,2be74b9b4e63b9edd26f27b183dc998adc7437be84d20fe45456659833c56389,FM1_MATCHED_RAW_EPISODIC,,0,0
c02dfe900cbb2b4e01801c019d55a10086cdd6b36f79204692518bcd95410393,STAGE_3_FROZEN_FORMAL_EVALUATION,f239f5124cc8c4646eb0bfb5fdca4bb2c21137b7e041e31eed5b213034facd6d,f239f5124cc8c4646eb0bfb5fdca4bb2c21137b7e041e31eed5b213034facd6d,FM3_GATED_PRESCRIPTIVE,,0,0
c0ea0c00ccaafe7e59ce574ab9000816bcdb8cedb5169b2338d571625cb4b6a6,STAGE_3_FROZEN_FORMAL_EVALUATION,e03deb250334596d9cc7c9295d2f0717fd96100ae6a22fc2fdd02f70ebcda73f,e03deb250334596d9cc7c9295d2f0717fd96100ae6a22fc2fdd02f70ebcda73f,FM1_MATCHED_RAW_EPISODIC,,0,0
c14bae77dbe8f84a9a8f760b3911ed9585ee2116386cf6f8ffe0a1ceb574cd10,STAGE_3_FROZEN_FORMAL_EVALUATION,6fce1e9ebc7b8f5a5ffc2c5faa6e93f965c4530c993246aa2cac7f9d97c936d0,6fce1e9ebc7b8f5a5ffc2c5faa6e93f965c4530c993246aa2cac7f9d97c936d0,FM1_MATCHED_RAW_EPISODIC,,0,0
c183a2e400aac318a90309243dd0932bfe593999c14febd140a3043f240518f7,STAGE_3_FROZEN_FORMAL_EVALUATION,34556fc5b1c7f56d9646009d4118e4f5650b0bddb2357511fbfec1ff54a1d61f,34556fc5b1c7f56d9646009d4118e4f5650b0bddb2357511fbfec1ff54a1d61f,FM0_NO_MEMORY,,0,0
c235274e4e6c7ff2a308c91e73b2de67c52cd20cde3ee04eee282299e5bc03ee,STAGE_3_FROZEN_FORMAL_EVALUATION,798f26082685163a1df0e3e62738808eb7c975e84531b94cb0abec9592cea7c6,798f26082685163a1df0e3e62738808eb7c975e84531b94cb0abec9592cea7c6,FM1_MATCHED_RAW_EPISODIC,,0,0
c26bb3422565b70af7bc1be98509747ffc90a62fc5ba5643d9bf4440887a7a63,STAGE_3_FROZEN_FORMAL_EVALUATION,ad14fc1e62c5d155e71f05dd240bdf939066c26356d21c981def9d32eb1644dc,ad14fc1e62c5d155e71f05dd240bdf939066c26356d21c981def9d32eb1644dc,FM2_STRUCTURED_DESCRIPTIVE,,0,0
c27fa22bf20e6d0cb47988600a0e23caee9d270151a0266f39f6fa5bfd3ca77e,STAGE_3_FROZEN_FORMAL_EVALUATION,6c5ffa674deb34afcf22c7c7bfab19e4bb88f24dbdde04851695cee3d698165a,6c5ffa674deb34afcf22c7c7bfab19e4bb88f24dbdde04851695cee3d698165a,FM1_MATCHED_RAW_EPISODIC,,0,0
c28fe7c5d475a2c0850c545dd1126dffffe4efa345dc8f9d2375e7c8913ae4b6,STAGE_3_FROZEN_FORMAL_EVALUATION,9333e8922d6aec6a07767d7e3bbf20b7216e19bda2cb081a54d37fef0ff986eb,9333e8922d6aec6a07767d7e3bbf20b7216e19bda2cb081a54d37fef0ff986eb,FM0_NO_MEMORY,,0,0
c3f1abb3d58bffb9d8d15a984f9233a93a9826c4e106036abf34e6b658445e41,STAGE_3_FROZEN_FORMAL_EVALUATION,7538cab348724836811358e6c21e653bc0f35914c60528b052801111f57384af,7538cab348724836811358e6c21e653bc0f35914c60528b052801111f57384af,FM1_MATCHED_RAW_EPISODIC,,0,0
c403ccda2b107ce5946368fbc38f0e0ec88e7c343aeb2c6fda54d21775e7b1b3,STAGE_3_FROZEN_FORMAL_EVALUATION,c873f7f4202e3594f83a6de5352fef5518214937a708d661dba5e5b19e54b552,c873f7f4202e3594f83a6de5352fef5518214937a708d661dba5e5b19e54b552,FM1_MATCHED_RAW_EPISODIC,,0,0
c4408b7f858cabff123bb611134b2ca178f4482dc12f9992071efe11c5909176,STAGE_3_FROZEN_FORMAL_EVALUATION,9ac0725f419e87dfab0ddd41aaa5b20a793ef985c6912fd90b54ee7234f16a54,9ac0725f419e87dfab0ddd41aaa5b20a793ef985c6912fd90b54ee7234f16a54,FM2_STRUCTURED_DESCRIPTIVE,,0,0
c46cf2d7ace94449e6eef5d5d7aa7b9acc750dd215c802ff37576d7f58f3b1c9,STAGE_3_FROZEN_FORMAL_EVALUATION,534c2199ce65eb83ef537fa7fb0249e5f5a3569e62b55376579c80d1f896c4d2,534c2199ce65eb83ef537fa7fb0249e5f5a3569e62b55376579c80d1f896c4d2,FM0_NO_MEMORY,,0,0
c4b6896606cedf15ef6df62c77825dbf9eb263dc4221232e63a022121be3ff5c,STAGE_3_FROZEN_FORMAL_EVALUATION,4212a13e41cffc175b898d7342858fa857789ba9e7a0f38384d711ee41eae331,4212a13e41cffc175b898d7342858fa857789ba9e7a0f38384d711ee41eae331,FM3_GATED_PRESCRIPTIVE,,0,0
c53c71ec344afcd362e4a7e4afcab9df492829f88c07c2afe48def46f7b65d8f,STAGE_3_FROZEN_FORMAL_EVALUATION,a6e31827a86f728742e6c2a28d9797331b6abee643208c83d7597fbb9aa184ef,a6e31827a86f728742e6c2a28d9797331b6abee643208c83d7597fbb9aa184ef,FM2_STRUCTURED_DESCRIPTIVE,,0,0
c5e260c4df49f0cfdae4c25dd5cd2c43fe1be59989cfdbc1ffe7660c3cc8d6d5,STAGE_3_FROZEN_FORMAL_EVALUATION,f850514f31e42da61c30c21b1572cc98a67425b355522c8ab670cbc367362e7c,f850514f31e42da61c30c21b1572cc98a67425b355522c8ab670cbc367362e7c,FM1_MATCHED_RAW_EPISODIC,,0,0
c63dddfcd56f824e5e8697d846e8d5804c35e7d46f08cbc57afc5d0345978c7f,STAGE_3_FROZEN_FORMAL_EVALUATION,e8f316773b28645c217670e58485b4f8a005f99c9a3d2760af93a0a18ec7ca87,e8f316773b28645c217670e58485b4f8a005f99c9a3d2760af93a0a18ec7ca87,FM3_GATED_PRESCRIPTIVE,,0,0
c63f97d4b402dc48a2814b9501154f7159f63bcd5f7b598fe81a530a28a0edfe,STAGE_3_FROZEN_FORMAL_EVALUATION,90789c0ad942e1576194acbe87f94d6ac92d4728dbaa808cad016e32d798d09c,90789c0ad942e1576194acbe87f94d6ac92d4728dbaa808cad016e32d798d09c,FM1_MATCHED_RAW_EPISODIC,,0,0
c68a5b06becdac435e3c2ed58105edcc24576ab0e5775bdb4ce4d95469de3c48,STAGE_3_FROZEN_FORMAL_EVALUATION,511ce16048e30b6154238e6b161cea9fa5642a3062a6d3b9922544a6ddd145eb,511ce16048e30b6154238e6b161cea9fa5642a3062a6d3b9922544a6ddd145eb,FM2_STRUCTURED_DESCRIPTIVE,,0,0
c68cd0ee7d0628dee3e6b04c9f3ac1a9ab094481b9e1941a6f6cc8eb8abc0a63,STAGE_3_FROZEN_FORMAL_EVALUATION,16153c638df26c225bdcb2558227feb7ca977dbd854fc132eef2078992582c89,16153c638df26c225bdcb2558227feb7ca977dbd854fc132eef2078992582c89,FM0_NO_MEMORY,,0,0
c68dd72be35ef8d4a294ff83a462e008cd2b65d3c8941274e1e06e15ffe11e32,STAGE_3_FROZEN_FORMAL_EVALUATION,9b905faf8bf044465ea714d03cef7ed97f5ae68728a3a692ca40725793bf6058,9b905faf8bf044465ea714d03cef7ed97f5ae68728a3a692ca40725793bf6058,FM3_GATED_PRESCRIPTIVE,,0,0
c6aa8fc38165f65d820c6abcc5fa712954e509bf9156f183b8c6fdde5a523753,STAGE_3_FROZEN_FORMAL_EVALUATION,67e276ec8028d65f3df9dc131cdc671687c981ecc8f66c52720b20d76ebe0637,67e276ec8028d65f3df9dc131cdc671687c981ecc8f66c52720b20d76ebe0637,FM0_NO_MEMORY,,0,0
c6fcac77aa9fab75c35ad9000b90c2b90779d1e1034506cd35c3eef323998e1a,STAGE_3_FROZEN_FORMAL_EVALUATION,489c4b77dffccefd2162cd6a1f01aead570180e96a786561d19ba28f78e0a80e,489c4b77dffccefd2162cd6a1f01aead570180e96a786561d19ba28f78e0a80e,FM0_NO_MEMORY,,0,0
c711c4881cd997c024e34eba85581d830590eaff37908d782a6d8fcbc6eda953,STAGE_3_FROZEN_FORMAL_EVALUATION,f65f79c26b5e3b86a8b15032e61eba98b2c4f231d4908cfaed21635fc0f1224f,f65f79c26b5e3b86a8b15032e61eba98b2c4f231d4908cfaed21635fc0f1224f,FM3_GATED_PRESCRIPTIVE,,0,0
c81efc82ec2c2affb92561b775b97e12fb7b9ac16fd8de5cdf472a10e399cb7b,STAGE_3_FROZEN_FORMAL_EVALUATION,54b0da32a8043311764068be5bb688b8fac26215fee0208a88a80ef76ccbad76,54b0da32a8043311764068be5bb688b8fac26215fee0208a88a80ef76ccbad76,FM1_MATCHED_RAW_EPISODIC,,0,0
c81ff9074494ce397203e0900aab1b2327ee3234d961e55100fc1fa0af5b4762,STAGE_3_FROZEN_FORMAL_EVALUATION,13f868af81c4061bc811fe24926e5177d0b5da442acb930303d66f432119e45b,13f868af81c4061bc811fe24926e5177d0b5da442acb930303d66f432119e45b,FM2_STRUCTURED_DESCRIPTIVE,,0,0
c82397eb88f5d0d4b55fbab3508bb0333cffb5904d1ffa1d31b811564195a19d,STAGE_3_FROZEN_FORMAL_EVALUATION,af1db020bb87087906d74fd63dd946a9ecfdc723c4037735f238469844313ce5,af1db020bb87087906d74fd63dd946a9ecfdc723c4037735f238469844313ce5,FM0_NO_MEMORY,,0,0
c8a3816e220252c4a09143697805938c4b68df255f8ef65c7715b49a8dea811f,STAGE_3_FROZEN_FORMAL_EVALUATION,50734d37e1e04926e4a569f4682c0bb3601f9efbc71ce19c9e547755e9a423b1,50734d37e1e04926e4a569f4682c0bb3601f9efbc71ce19c9e547755e9a423b1,FM0_NO_MEMORY,,0,0
c8eb20a92365ae03abf52312cacece69fd9394b0a462eb99632a1af4a6743ea6,STAGE_3_FROZEN_FORMAL_EVALUATION,ba3d8890684ca4a264a615a49194bf277f34ee8743adf4fb29a6f2b3523cce51,ba3d8890684ca4a264a615a49194bf277f34ee8743adf4fb29a6f2b3523cce51,FM0_NO_MEMORY,,0,0
c8f203ab739aa3fc06add545a9539e9fc78b238e02575bbcb7219fbd9f26f53f,STAGE_3_FROZEN_FORMAL_EVALUATION,d9e5f53603dc7715c060a99cdc2f923bf08e3c74f0c3901b9e52ae20af5e6c24,d9e5f53603dc7715c060a99cdc2f923bf08e3c74f0c3901b9e52ae20af5e6c24,FM0_NO_MEMORY,,0,0
c91c362f3bcb9b56725b2bda4d31b8bc6adaf47d5c6f196c1de4f33c5d68fb59,STAGE_3_FROZEN_FORMAL_EVALUATION,913bb5b1a7a794e8eb46a5c5f5479dee57f7670dbeee5bdf4a2499a759523fb5,913bb5b1a7a794e8eb46a5c5f5479dee57f7670dbeee5bdf4a2499a759523fb5,FM2_STRUCTURED_DESCRIPTIVE,,0,0
c93ae500446bb15fbd065b420ef979f9c223cde92cdfbf1120089551effb2d79,STAGE_3_FROZEN_FORMAL_EVALUATION,645f36c72ef39192be89c8ead643822d988b1d07ec5f7a645f1e41549f814c2b,645f36c72ef39192be89c8ead643822d988b1d07ec5f7a645f1e41549f814c2b,FM0_NO_MEMORY,,0,0
c944f88e9ed1347614b8fa6c7f095b4d6f133f79a72c8e3dfe9bb7e6a9a409cc,STAGE_3_FROZEN_FORMAL_EVALUATION,58f8d959c4efc3d916af96d03b58aff4d4fc92eafa61a5aa02bf9ad0fb18fe6e,58f8d959c4efc3d916af96d03b58aff4d4fc92eafa61a5aa02bf9ad0fb18fe6e,FM1_MATCHED_RAW_EPISODIC,,0,0
c9631b41aadc4bfda1e2d1d3864818d7a0fa37a88d238ecdced124f7eb1431fc,STAGE_3_FROZEN_FORMAL_EVALUATION,e8e9a6a6957ab0d09aacf53957cdc5c122e69b559e566e92421c7c7315598579,e8e9a6a6957ab0d09aacf53957cdc5c122e69b559e566e92421c7c7315598579,FM1_MATCHED_RAW_EPISODIC,,0,0
c986fd62133ed4c163095fc7d4885dcefbb5aff4e07c5fc90f406adab7baac4d,STAGE_3_FROZEN_FORMAL_EVALUATION,ed0f0c258041fca0c39f1095376af9d406e0f133ca896c1dc74cc4d71b07822a,ed0f0c258041fca0c39f1095376af9d406e0f133ca896c1dc74cc4d71b07822a,FM0_NO_MEMORY,,0,0
c9b88a12dcd14f97262320e8aaf36cb282bd38d5efcad3280f584e5db04fe6ff,STAGE_3_FROZEN_FORMAL_EVALUATION,3bac2f36c4546446a835fd268fa5f77359e1c460e0968726c8b1c169232b4cac,3bac2f36c4546446a835fd268fa5f77359e1c460e0968726c8b1c169232b4cac,FM1_MATCHED_RAW_EPISODIC,,0,0
c9c7e39382b620484e12b8fb569e062d7c2440f38b883e053401127cae336736,STAGE_3_FROZEN_FORMAL_EVALUATION,32d710bd08e180ae1404a1ff32c534ad84aecc7955078784e880c68c7ff4d090,32d710bd08e180ae1404a1ff32c534ad84aecc7955078784e880c68c7ff4d090,FM1_MATCHED_RAW_EPISODIC,,0,0
ca1850fce9d079de64e171c7ef2847e17cb05fe1c848202021b656ede176f240,STAGE_3_FROZEN_FORMAL_EVALUATION,24bd6dfad7b3c324103c897e70fa5cfb44c02ed6bb4449b73dc6b31706f06c77,24bd6dfad7b3c324103c897e70fa5cfb44c02ed6bb4449b73dc6b31706f06c77,FM0_NO_MEMORY,,0,0
ca3dd633bc3ba9f9a806184a7fc7e01d26fc925e48e1f2b7dab74907950d6960,STAGE_3_FROZEN_FORMAL_EVALUATION,868ad61797e1fe345de80bbe306a98e6351fb3a0a5b9acfec2db1a777408d442,868ad61797e1fe345de80bbe306a98e6351fb3a0a5b9acfec2db1a777408d442,FM1_MATCHED_RAW_EPISODIC,,0,0
ca487f69cb28384d1ad4620a02df2d50b6559971778d57af5b3e112d045d995c,STAGE_3_FROZEN_FORMAL_EVALUATION,4f30a35053cad4e0686155c3c5213c50a3dd552ad17d61a5bb8fb93d2b2f5b27,4f30a35053cad4e0686155c3c5213c50a3dd552ad17d61a5bb8fb93d2b2f5b27,FM0_NO_MEMORY,,0,0
cad234df4f02c925a408d7db92caa1d2afa1b6632cdb70cf50abac78db62dad4,STAGE_3_FROZEN_FORMAL_EVALUATION,913bb5b1a7a794e8eb46a5c5f5479dee57f7670dbeee5bdf4a2499a759523fb5,913bb5b1a7a794e8eb46a5c5f5479dee57f7670dbeee5bdf4a2499a759523fb5,FM1_MATCHED_RAW_EPISODIC,,0,0
caf9776d6e702311d557d61680d354ee2b7813a5fe0bf83259d0b180ae4bc217,STAGE_3_FROZEN_FORMAL_EVALUATION,b1a5a1a6bd27a01ae24d03a25aa83fac0fa62d7ff035e56e9e53fd39ba72e626,b1a5a1a6bd27a01ae24d03a25aa83fac0fa62d7ff035e56e9e53fd39ba72e626,FM2_STRUCTURED_DESCRIPTIVE,,0,0
cbc04706a7e97fc3950c3a04295a81cff1a6291e72e3b8c148bddb37ce599bd4,STAGE_3_FROZEN_FORMAL_EVALUATION,e38e5758b56c3ddc3addd7d391651c0eaacbc8e355d07b45d052202203610b11,e38e5758b56c3ddc3addd7d391651c0eaacbc8e355d07b45d052202203610b11,FM2_STRUCTURED_DESCRIPTIVE,,0,0
cbc22ef4fdc0903e7b79a6a38db88f87995bf84ace8e0b3480ee4d54894d016e,STAGE_3_FROZEN_FORMAL_EVALUATION,f239f5124cc8c4646eb0bfb5fdca4bb2c21137b7e041e31eed5b213034facd6d,f239f5124cc8c4646eb0bfb5fdca4bb2c21137b7e041e31eed5b213034facd6d,FM2_STRUCTURED_DESCRIPTIVE,,0,0
cc3ba03ef9036e015ae27fe182d3dccfdb3b6567b9a9f7a93e08b17a3c71caf0,STAGE_3_FROZEN_FORMAL_EVALUATION,2bffeb8054375400c6bd6f014c93457ce2320292a45cceb13173131612ad0069,2bffeb8054375400c6bd6f014c93457ce2320292a45cceb13173131612ad0069,FM1_MATCHED_RAW_EPISODIC,,0,0
cc5b1fbb4c28ed8e296db5ba331df6eb23b03a7046446341c3dff312352d7e99,STAGE_3_FROZEN_FORMAL_EVALUATION,50728db1515207157e17c86f0e2fcfb8a8c75d9812d67c301c44d8b91beb5dfc,50728db1515207157e17c86f0e2fcfb8a8c75d9812d67c301c44d8b91beb5dfc,FM2_STRUCTURED_DESCRIPTIVE,,0,0
cc728f1d9845769ddea66098331d828bf0c3a817437c14a6481c00a44f842b02,STAGE_3_FROZEN_FORMAL_EVALUATION,f8c043123df07f1668705685435925d69bfb37d945ab30fbea703fe36ef751ad,f8c043123df07f1668705685435925d69bfb37d945ab30fbea703fe36ef751ad,FM3_GATED_PRESCRIPTIVE,,0,0
cca5a0b49002a0dd7e5bef1ee85103009ced1800e0073d2cd8c723ee04588b0b,STAGE_3_FROZEN_FORMAL_EVALUATION,a76f38ef8ea0bf1900e575ffd987369402e81dbdbf15dbdfe99683946535bb6e,a76f38ef8ea0bf1900e575ffd987369402e81dbdbf15dbdfe99683946535bb6e,FM3_GATED_PRESCRIPTIVE,,0,0
cce41a83ffb015a5569d3110e9b67564257790a6aaaceae92e6b70a2546f8375,STAGE_3_FROZEN_FORMAL_EVALUATION,7538cab348724836811358e6c21e653bc0f35914c60528b052801111f57384af,7538cab348724836811358e6c21e653bc0f35914c60528b052801111f57384af,FM2_STRUCTURED_DESCRIPTIVE,,0,0
cdecff75dc8fc0e5cd0f3c066c555ba45678c81c62dcda0fe879383ab320c271,STAGE_3_FROZEN_FORMAL_EVALUATION,798f26082685163a1df0e3e62738808eb7c975e84531b94cb0abec9592cea7c6,798f26082685163a1df0e3e62738808eb7c975e84531b94cb0abec9592cea7c6,FM2_STRUCTURED_DESCRIPTIVE,,0,0
ce1266effa4bf8883c4b6fdfa7d45d6f1729e8bb47d33d5324969c4ddeb12558,STAGE_3_FROZEN_FORMAL_EVALUATION,f4566380c9b89654ff2e13ff5594c96f05ae8b4f94914c9c09862694bbbd77f8,f4566380c9b89654ff2e13ff5594c96f05ae8b4f94914c9c09862694bbbd77f8,FM0_NO_MEMORY,,0,0
ce20718419be7eadb3e0e3bc514d28641efbc738e5ddbcff9e459e93f216d2c9,STAGE_3_FROZEN_FORMAL_EVALUATION,549a23cb6c731d43a0a452bf88018fc47764c196dc3103f7111c9ab1b574b9be,549a23cb6c731d43a0a452bf88018fc47764c196dc3103f7111c9ab1b574b9be,FM3_GATED_PRESCRIPTIVE,,0,0
ce42e25bcbc6ad2b2c169aa526e4d6ad39216a067a922146deef46bb6882ba39,STAGE_3_FROZEN_FORMAL_EVALUATION,e70d74caf52f707eb408f61fde844b3fe1e4f04793625c9912a3d9ff828f6531,e70d74caf52f707eb408f61fde844b3fe1e4f04793625c9912a3d9ff828f6531,FM0_NO_MEMORY,,0,0
ce43155e37861c717cacb6f8d25dc6c94fd8f68f31ec35bd265ab4db5347b3f6,STAGE_3_FROZEN_FORMAL_EVALUATION,8c5007b8c62721da9c2834e6fbabb7231dd921cdb31635bf7ad95a300819298c,8c5007b8c62721da9c2834e6fbabb7231dd921cdb31635bf7ad95a300819298c,FM3_GATED_PRESCRIPTIVE,,0,0
ce776a868600cea261a042a680ad3b8331336f0146df1d226727eb70b6561836,STAGE_3_FROZEN_FORMAL_EVALUATION,464dd7da73b72cebf5a7c8d2ff7d820c385e82a95f1ec161095e02732bba1fd8,464dd7da73b72cebf5a7c8d2ff7d820c385e82a95f1ec161095e02732bba1fd8,FM2_STRUCTURED_DESCRIPTIVE,,0,0
ce7942d4b51d03f2863d5f049e69bfa154b06a826c3d6b1eb584806026f40649,STAGE_3_FROZEN_FORMAL_EVALUATION,ad14fc1e62c5d155e71f05dd240bdf939066c26356d21c981def9d32eb1644dc,ad14fc1e62c5d155e71f05dd240bdf939066c26356d21c981def9d32eb1644dc,FM0_NO_MEMORY,,0,0
ce8b267f779edb19c497489d0a30513973baba679d2f15b4c67de3e63c4040ce,STAGE_3_FROZEN_FORMAL_EVALUATION,24bd6dfad7b3c324103c897e70fa5cfb44c02ed6bb4449b73dc6b31706f06c77,24bd6dfad7b3c324103c897e70fa5cfb44c02ed6bb4449b73dc6b31706f06c77,FM1_MATCHED_RAW_EPISODIC,,0,0
ce9ead16bf4a799fa4967ed7d1bcab700a0b140916aa2c24d90097e18c2257f1,STAGE_3_FROZEN_FORMAL_EVALUATION,2c6b3eecb2686868a6ca84d3bc7d15deaca0d5c4332406fdadc6bd8c6dbb86b7,2c6b3eecb2686868a6ca84d3bc7d15deaca0d5c4332406fdadc6bd8c6dbb86b7,FM1_MATCHED_RAW_EPISODIC,,0,0
cebdc49373799d784342d757c54e264127f25a1e01ce48c4199c57850f90d3b6,STAGE_3_FROZEN_FORMAL_EVALUATION,98bc1723fc55e9f5fd5201d11742f41b47d1597f1cb3c6719f734bf786918933,98bc1723fc55e9f5fd5201d11742f41b47d1597f1cb3c6719f734bf786918933,FM0_NO_MEMORY,,0,0
cf4c523c968fdb1fbfc37cd6d498abbc06e2cbce36c870d7f526a3e0bdc1edfb,STAGE_3_FROZEN_FORMAL_EVALUATION,ce0a1d1dcf08174a0e95553c1218705ccccad0d18ec232cbdeff0548a1e72397,ce0a1d1dcf08174a0e95553c1218705ccccad0d18ec232cbdeff0548a1e72397,FM0_NO_MEMORY,,0,0
cf6bb3eb4e8fe19d80ef73a265febe1fd738632092d2b3548fe1eae788fb34b2,STAGE_3_FROZEN_FORMAL_EVALUATION,e70d74caf52f707eb408f61fde844b3fe1e4f04793625c9912a3d9ff828f6531,e70d74caf52f707eb408f61fde844b3fe1e4f04793625c9912a3d9ff828f6531,FM3_GATED_PRESCRIPTIVE,,0,0
cf9ba9e0c6401a187f4242f736547f4e9a82498e56fc3b4b85d592b8c3fec840,STAGE_3_FROZEN_FORMAL_EVALUATION,f8e59475c6751cf0667c94a0075204bd2b89cbbe3c295e474a9ea86a2466fa8a,f8e59475c6751cf0667c94a0075204bd2b89cbbe3c295e474a9ea86a2466fa8a,FM0_NO_MEMORY,,0,0
cfe5f644df623625a3a0ab79cd517458605d4f54366190b26de9ba238215c3e5,STAGE_3_FROZEN_FORMAL_EVALUATION,c8347a1e5768c097e822ae9c21733737892678db531346665751cd7bb6986834,c8347a1e5768c097e822ae9c21733737892678db531346665751cd7bb6986834,FM1_MATCHED_RAW_EPISODIC,,0,0
cff632d1ab6e67135f1061ffba5abfc6edd1f0e98e767f531b33613be4671375,STAGE_3_FROZEN_FORMAL_EVALUATION,e0aee4f850eb8f0c64ef77e40ea5a6114ef69b07ba480744c539219ce15026a7,e0aee4f850eb8f0c64ef77e40ea5a6114ef69b07ba480744c539219ce15026a7,FM1_MATCHED_RAW_EPISODIC,,0,0
d018d350e191c79a84afa79a5fc2606752a541f3cddf1160d7c23fa01c45111b,STAGE_3_FROZEN_FORMAL_EVALUATION,9b905faf8bf044465ea714d03cef7ed97f5ae68728a3a692ca40725793bf6058,9b905faf8bf044465ea714d03cef7ed97f5ae68728a3a692ca40725793bf6058,FM0_NO_MEMORY,,0,0
d01cc6bbf268a8df24664a185579156076a63da4a4a5785590b550e9f9096e1a,STAGE_3_FROZEN_FORMAL_EVALUATION,e42d640224db33338b8a2e3e376aa73d552d7c945bac3e1c68e5069000d5ba39,e42d640224db33338b8a2e3e376aa73d552d7c945bac3e1c68e5069000d5ba39,FM2_STRUCTURED_DESCRIPTIVE,,0,0
d0280265f5944f79173b4aa413addba04958394b1d0afe39cd2a7b4da7c3511d,STAGE_3_FROZEN_FORMAL_EVALUATION,770d1cae9ab9977d05f90693a8a1b0a593b90067ec45160432d2dcd541bd6c9c,770d1cae9ab9977d05f90693a8a1b0a593b90067ec45160432d2dcd541bd6c9c,FM3_GATED_PRESCRIPTIVE,,0,0
d02f35513a99d5d2af19ef04270cdea49df4bbe83e99dabd3a17edc85fc81cd8,STAGE_3_FROZEN_FORMAL_EVALUATION,eba8227f3566ce5c880c1746b655c75123332d15ea76f2fd7185ab5cb3c73098,eba8227f3566ce5c880c1746b655c75123332d15ea76f2fd7185ab5cb3c73098,FM0_NO_MEMORY,,0,0
d06392f8b8390fbfaae7ec0065ca1520ae4a53bd48339e8a4448b22294e1e402,STAGE_3_FROZEN_FORMAL_EVALUATION,2070daad8acdd19be42421eb62af6b82fc7d2e047906a050eadc67ed1c2ca034,2070daad8acdd19be42421eb62af6b82fc7d2e047906a050eadc67ed1c2ca034,FM2_STRUCTURED_DESCRIPTIVE,,0,0
d06a55810285c494ca2a969f172926a6782f6af25fc1784ef69e2e6783fa1ee5,STAGE_3_FROZEN_FORMAL_EVALUATION,910d0c1275986da52a6550263c9c766b5c0b5a4e4286c651dbc53e1410a6f009,910d0c1275986da52a6550263c9c766b5c0b5a4e4286c651dbc53e1410a6f009,FM0_NO_MEMORY,,0,0
d0f91683291bf0af70ec4ef4a431df32587b4e626c18318f14a2ed1362066551,STAGE_3_FROZEN_FORMAL_EVALUATION,3ebb77a2503286efa98e7a643565ddcd94c4f270ac1323da8b48a372f71c2df4,3ebb77a2503286efa98e7a643565ddcd94c4f270ac1323da8b48a372f71c2df4,FM3_GATED_PRESCRIPTIVE,,0,0
d106354a910f7258ffd11d56d39639903da610cdcbbf4ab0d46df23643cab45e,STAGE_3_FROZEN_FORMAL_EVALUATION,f8e59475c6751cf0667c94a0075204bd2b89cbbe3c295e474a9ea86a2466fa8a,f8e59475c6751cf0667c94a0075204bd2b89cbbe3c295e474a9ea86a2466fa8a,FM1_MATCHED_RAW_EPISODIC,,0,0
d10a12152971544b27215be943e908ff058a513ad639f03604039062c1412840,STAGE_3_FROZEN_FORMAL_EVALUATION,1d9beeb0de383df1162fb66567670068820190ce583428db2154cd269edcd0a2,1d9beeb0de383df1162fb66567670068820190ce583428db2154cd269edcd0a2,FM0_NO_MEMORY,,0,0
d136c9ec357fa4e66cce63740f7bf1b4199eb113c379322b93ebcf13787a4404,STAGE_3_FROZEN_FORMAL_EVALUATION,c204693144acf4903fe866263771b44e21f2c6524174dc5c60cc075a9236dd8e,c204693144acf4903fe866263771b44e21f2c6524174dc5c60cc075a9236dd8e,FM3_GATED_PRESCRIPTIVE,,0,0
d13bcf31df4e3664338298f06daf40370af25fe85007ab3a7174e49219410a14,STAGE_3_FROZEN_FORMAL_EVALUATION,8777b23bf2baddcb4ec7e021a0dafd6060c5629c0c8d8595d4f723744070fee3,8777b23bf2baddcb4ec7e021a0dafd6060c5629c0c8d8595d4f723744070fee3,FM3_GATED_PRESCRIPTIVE,,0,0
d18b0c029d8e5594e751dc6d0c9b80fc94aac275b33d85da938f876ac548dd23,STAGE_3_FROZEN_FORMAL_EVALUATION,a05fe943ad6ab2b9f18017fdb8bf8f07aeb8419d5a83dbfb4f0237ec6ece3e68,a05fe943ad6ab2b9f18017fdb8bf8f07aeb8419d5a83dbfb4f0237ec6ece3e68,FM1_MATCHED_RAW_EPISODIC,,0,0
d18d2f23cf5fe54a3913928beb2df1dc4c50fb28a4fc5d020b51a376ede4b5b3,STAGE_3_FROZEN_FORMAL_EVALUATION,f43a9c21b95447ad2dc23ab3833ed58b57a517d511b19864aff293253dba6125,f43a9c21b95447ad2dc23ab3833ed58b57a517d511b19864aff293253dba6125,FM1_MATCHED_RAW_EPISODIC,,0,0
d1d3ede571b2d2a5d85a2459cb4fb35890ad96c5ac96c98534aadee8b8c38ab1,STAGE_3_FROZEN_FORMAL_EVALUATION,67e276ec8028d65f3df9dc131cdc671687c981ecc8f66c52720b20d76ebe0637,67e276ec8028d65f3df9dc131cdc671687c981ecc8f66c52720b20d76ebe0637,FM1_MATCHED_RAW_EPISODIC,,0,0
d1f460f6d756f820d8a44c122d6e9d2ab72afd38e365fbceb3eff4b963612f2d,STAGE_3_FROZEN_FORMAL_EVALUATION,1f51bb964beb2ca4b89de4b53bd7f4fe46c98e7fecf78ea543bb36573d8a91da,1f51bb964beb2ca4b89de4b53bd7f4fe46c98e7fecf78ea543bb36573d8a91da,FM0_NO_MEMORY,,0,0
d2161feb9bd95e224fcff31831b7c69d99c78e3737705d4c2b140ad501e01ae2,STAGE_3_FROZEN_FORMAL_EVALUATION,ba8687de7517191dbfc915d082b8bd02672b2c3397f8cd1abcef374314b8dd7f,ba8687de7517191dbfc915d082b8bd02672b2c3397f8cd1abcef374314b8dd7f,FM1_MATCHED_RAW_EPISODIC,,0,0
d22961c45ceef889f48db36a8397a63f27e1696b684e39588ab22aa7e4d562ad,STAGE_3_FROZEN_FORMAL_EVALUATION,266dcea51821e49a1307d53accf8dd41497491f96eaae3309a653a97849cb742,266dcea51821e49a1307d53accf8dd41497491f96eaae3309a653a97849cb742,FM2_STRUCTURED_DESCRIPTIVE,,0,0
d26e825cab17a75814af7b7fcf42820927a6f426eb25e3c853415ee9e82d541e,STAGE_3_FROZEN_FORMAL_EVALUATION,47642b364aa6cc5c6c5aee4f5b7f30b2947b636916ab55bd9705c3a5cf600a88,47642b364aa6cc5c6c5aee4f5b7f30b2947b636916ab55bd9705c3a5cf600a88,FM0_NO_MEMORY,,0,0
d280a1b1df39789690be8c5cf557ecd376ca5f78ba6ffd6380ee38629b949974,STAGE_3_FROZEN_FORMAL_EVALUATION,705843cf9c01e309ec7bd9bf91478465e840dc180ea760a3823a9d24346c1c92,705843cf9c01e309ec7bd9bf91478465e840dc180ea760a3823a9d24346c1c92,FM2_STRUCTURED_DESCRIPTIVE,,0,0
d2a67fa456c72709e8077b5566511b08ad661ec71e9391933135750661b90313,STAGE_3_FROZEN_FORMAL_EVALUATION,1b321d5a2a37713dd71dab6248689b263af426ba41ec0b56718f36c87ac40a29,1b321d5a2a37713dd71dab6248689b263af426ba41ec0b56718f36c87ac40a29,FM3_GATED_PRESCRIPTIVE,,0,0
d309f1e56cc3b72de01efa506513a9652a1a87ad8f4e70f049d38e0bca8ca9d5,STAGE_3_FROZEN_FORMAL_EVALUATION,868ad61797e1fe345de80bbe306a98e6351fb3a0a5b9acfec2db1a777408d442,868ad61797e1fe345de80bbe306a98e6351fb3a0a5b9acfec2db1a777408d442,FM2_STRUCTURED_DESCRIPTIVE,,0,0
d3b99f1adf85fa7a34d8f406c8460be2b542a73e7b4f84d70c4c8a1b4e2163d7,STAGE_3_FROZEN_FORMAL_EVALUATION,6d138bd4feb3272a84eece56ecbd9da2d5466ba0f85bfb07ff66a54ec4cc56b0,6d138bd4feb3272a84eece56ecbd9da2d5466ba0f85bfb07ff66a54ec4cc56b0,FM2_STRUCTURED_DESCRIPTIVE,,0,0
d3cd5eb6c285e5c6a4ffc200dad30b480e0f69e165f85af4717c1250d8aa1780,STAGE_3_FROZEN_FORMAL_EVALUATION,3bac2f36c4546446a835fd268fa5f77359e1c460e0968726c8b1c169232b4cac,3bac2f36c4546446a835fd268fa5f77359e1c460e0968726c8b1c169232b4cac,FM0_NO_MEMORY,,0,0
d3d49d4581538960f1226d11274188590317dce48609502c097c72b3e28e0894,STAGE_3_FROZEN_FORMAL_EVALUATION,eba8227f3566ce5c880c1746b655c75123332d15ea76f2fd7185ab5cb3c73098,eba8227f3566ce5c880c1746b655c75123332d15ea76f2fd7185ab5cb3c73098,FM1_MATCHED_RAW_EPISODIC,,0,0
d40cbddb47def02235db3ffd640d63af81adcc3035a129a6953cc6c8d45a6867,STAGE_3_FROZEN_FORMAL_EVALUATION,63b85e91086d40f52ba0553f4dc65ecece2a8f16b2c5232bd4a986468e884bd0,63b85e91086d40f52ba0553f4dc65ecece2a8f16b2c5232bd4a986468e884bd0,FM1_MATCHED_RAW_EPISODIC,,0,0
d4166e759c1aba68040cdac5544ec9b8ba16a4f6df9508560f07968953293c22,STAGE_3_FROZEN_FORMAL_EVALUATION,70ff714028c2b470c09e03dd366b6c3295aa87c70378649a3e8e3c17eaed27d1,70ff714028c2b470c09e03dd366b6c3295aa87c70378649a3e8e3c17eaed27d1,FM0_NO_MEMORY,,0,0
d46d67ca2b736af9314711ca26677525796036bf72fc9b49395fb8a26d43cc7b,STAGE_3_FROZEN_FORMAL_EVALUATION,eba8227f3566ce5c880c1746b655c75123332d15ea76f2fd7185ab5cb3c73098,eba8227f3566ce5c880c1746b655c75123332d15ea76f2fd7185ab5cb3c73098,FM2_STRUCTURED_DESCRIPTIVE,,0,0
d48bbec07b8232a1609c6859c74bdbe4e6baa4289cc6f66c8f0f74e38493c90e,STAGE_3_FROZEN_FORMAL_EVALUATION,fc7ee78fb5004376ddf473ce8d743fe8fa74fd55a9d8c59ad9d3da6be2527a1a,fc7ee78fb5004376ddf473ce8d743fe8fa74fd55a9d8c59ad9d3da6be2527a1a,FM2_STRUCTURED_DESCRIPTIVE,,0,0
d4f01a7ff171a4250c67c7193ee0e54772012dc0465ed4a7a0931e2b004d6370,STAGE_3_FROZEN_FORMAL_EVALUATION,c190aefb826e6dfc8c5b9bf277f44ac0796d1e7946e00deefa378417c7e5f2fc,c190aefb826e6dfc8c5b9bf277f44ac0796d1e7946e00deefa378417c7e5f2fc,FM3_GATED_PRESCRIPTIVE,,0,0
d500d195b83ae8c1ede0e9f632f889c98ae9b60cad93bfb4a817dddf776f7e3f,STAGE_3_FROZEN_FORMAL_EVALUATION,98bc1723fc55e9f5fd5201d11742f41b47d1597f1cb3c6719f734bf786918933,98bc1723fc55e9f5fd5201d11742f41b47d1597f1cb3c6719f734bf786918933,FM1_MATCHED_RAW_EPISODIC,,0,0
d50305315bb01e2f6724e420af410662f86c24cdf646290313627615eb4b0642,STAGE_3_FROZEN_FORMAL_EVALUATION,511662448d156e651c24e86fb7ef10785d2e9973ad805dbbd3998c3c3c01d388,511662448d156e651c24e86fb7ef10785d2e9973ad805dbbd3998c3c3c01d388,FM3_GATED_PRESCRIPTIVE,,0,0
d595b48fc0650fae98a4e924ed906848a0f444e29b0b5012f608801919e83f02,STAGE_3_FROZEN_FORMAL_EVALUATION,a41a609f6b5423477704a84761cad4fa457868af583203080fd0a1caddd846af,a41a609f6b5423477704a84761cad4fa457868af583203080fd0a1caddd846af,FM2_STRUCTURED_DESCRIPTIVE,,0,0
d5a69d6a085b1e3ed7f337e2ed4984d0a08661c32b96a083a5b39ea26f9fb72b,STAGE_3_FROZEN_FORMAL_EVALUATION,2be74b9b4e63b9edd26f27b183dc998adc7437be84d20fe45456659833c56389,2be74b9b4e63b9edd26f27b183dc998adc7437be84d20fe45456659833c56389,FM2_STRUCTURED_DESCRIPTIVE,,0,0
d5b2f59a1114d8fbd45ad7b1cb466b8340349c8ce20c65409dda9ddf0b97b735,STAGE_3_FROZEN_FORMAL_EVALUATION,9333e8922d6aec6a07767d7e3bbf20b7216e19bda2cb081a54d37fef0ff986eb,9333e8922d6aec6a07767d7e3bbf20b7216e19bda2cb081a54d37fef0ff986eb,FM2_STRUCTURED_DESCRIPTIVE,,0,0
d5eb2f0b344953dcd8acc62189971458a8bdf51955290e7ed2bbeb3cebc5c13d,STAGE_3_FROZEN_FORMAL_EVALUATION,13e2149fd53e9a3a5dbfde4a3400ef3376b9bb1a9092505b65fc36d74a48b01d,13e2149fd53e9a3a5dbfde4a3400ef3376b9bb1a9092505b65fc36d74a48b01d,FM2_STRUCTURED_DESCRIPTIVE,,0,0
d61f2d2ee60f6cb65ce4bf419be12e47a2065343be17628efe0d59a78a1d0b66,STAGE_3_FROZEN_FORMAL_EVALUATION,7c99740d5facda9c9b03fd9eeeadac2fb3271d5a90decdb04769f184b6c5b5da,7c99740d5facda9c9b03fd9eeeadac2fb3271d5a90decdb04769f184b6c5b5da,FM0_NO_MEMORY,,0,0
d653ebe23c6abc6db989271c350843a9bd142bfb6d7e9202ffce68d5edbb3f52,STAGE_3_FROZEN_FORMAL_EVALUATION,511ce16048e30b6154238e6b161cea9fa5642a3062a6d3b9922544a6ddd145eb,511ce16048e30b6154238e6b161cea9fa5642a3062a6d3b9922544a6ddd145eb,FM0_NO_MEMORY,,0,0
d65bb6466163f6d7a8a0bf5436f671cf89f8b18ba7c859c9a622169d22df603d,STAGE_3_FROZEN_FORMAL_EVALUATION,5e910bbc72b892506277ed6dc213e757a8ad32d90fc7dd862c5ae7671caca163,5e910bbc72b892506277ed6dc213e757a8ad32d90fc7dd862c5ae7671caca163,FM3_GATED_PRESCRIPTIVE,,0,0
d67e66934c6667236d4a6dd2aad62f36c88d68080be4773dfc445a06928d56c6,STAGE_3_FROZEN_FORMAL_EVALUATION,133f2c9f9ba11372d91f1c68ecf5260a292bb160a77d910db43a0903cc117c27,133f2c9f9ba11372d91f1c68ecf5260a292bb160a77d910db43a0903cc117c27,FM0_NO_MEMORY,,0,0
d68c833dfd88255ea53fe9704b24de829773cff9ce28a9541c5f3724db9c0c0f,STAGE_3_FROZEN_FORMAL_EVALUATION,a99aad62d7f3bc968de6cf1f35160e418e94704952998e0b5ac1d8d9a649a50e,a99aad62d7f3bc968de6cf1f35160e418e94704952998e0b5ac1d8d9a649a50e,FM3_GATED_PRESCRIPTIVE,,0,0
d6c72f31ed3579db43f40cad7f1769796e47eed5a751038d2f15c257510253e1,STAGE_3_FROZEN_FORMAL_EVALUATION,f239f5124cc8c4646eb0bfb5fdca4bb2c21137b7e041e31eed5b213034facd6d,f239f5124cc8c4646eb0bfb5fdca4bb2c21137b7e041e31eed5b213034facd6d,FM0_NO_MEMORY,,0,0
d6e3ce3d62349e587a6396882d48e52e02c6747368d22206227a78a4c0ddcc92,STAGE_3_FROZEN_FORMAL_EVALUATION,e03deb250334596d9cc7c9295d2f0717fd96100ae6a22fc2fdd02f70ebcda73f,e03deb250334596d9cc7c9295d2f0717fd96100ae6a22fc2fdd02f70ebcda73f,FM0_NO_MEMORY,,0,0
d73ee98b08bbc7aaac6d2b14f80b1d5ea61112fde36fd59d95f73fa829678ecd,STAGE_3_FROZEN_FORMAL_EVALUATION,a05fe943ad6ab2b9f18017fdb8bf8f07aeb8419d5a83dbfb4f0237ec6ece3e68,a05fe943ad6ab2b9f18017fdb8bf8f07aeb8419d5a83dbfb4f0237ec6ece3e68,FM2_STRUCTURED_DESCRIPTIVE,,0,0
d76f994ecf06d4c16cae3f180df808d0ed42d8bab12eca985ede87a54bb8829c,STAGE_3_FROZEN_FORMAL_EVALUATION,fa75124b1dd987fd34505f6d3de70426d1e43bea9dd379c3fd58cca020663ff9,fa75124b1dd987fd34505f6d3de70426d1e43bea9dd379c3fd58cca020663ff9,FM1_MATCHED_RAW_EPISODIC,,0,0
d7c02e324a86745a84447b4ec2c6d9f3a257b1e25864db1d76dfe06bb61756cb,STAGE_3_FROZEN_FORMAL_EVALUATION,482ebf7a2ce4b0859dd139d627a6b899f3a0055239974db8eba7c6e46c3c7d6c,482ebf7a2ce4b0859dd139d627a6b899f3a0055239974db8eba7c6e46c3c7d6c,FM3_GATED_PRESCRIPTIVE,,0,0
d7dd1ddbbfe65c9227b7b8365aa0027534168a3d4bf4f40dfbec6d546f8c2b08,STAGE_3_FROZEN_FORMAL_EVALUATION,a8aba4cd2aa81de8e21ca49a38463da802a43fed3d93fad152aeae84975ed943,a8aba4cd2aa81de8e21ca49a38463da802a43fed3d93fad152aeae84975ed943,FM3_GATED_PRESCRIPTIVE,,0,0
d7f005003cd4dc1440bb71c451dedd7e893aba04b5f7fc66d53f7926bebb9dd6,STAGE_3_FROZEN_FORMAL_EVALUATION,6d9958e435a0c4b6759effcc413a839b785af606c3fc92dbaceeca19871b6112,6d9958e435a0c4b6759effcc413a839b785af606c3fc92dbaceeca19871b6112,FM3_GATED_PRESCRIPTIVE,,0,0
d83c7ac30b7cc7780e658aeb77dd7dd96e2b018d76e221dbfac78f742279863a,STAGE_3_FROZEN_FORMAL_EVALUATION,13f868af81c4061bc811fe24926e5177d0b5da442acb930303d66f432119e45b,13f868af81c4061bc811fe24926e5177d0b5da442acb930303d66f432119e45b,FM1_MATCHED_RAW_EPISODIC,,0,0
d8431975db4990084a9c92fff053bf667003d77453cde216b3bca32f0287a7cf,STAGE_3_FROZEN_FORMAL_EVALUATION,7a6c4d1ab0e228239f1ca7195b580758539f2b2a8cd8eb4999bbcf8be7b3348c,7a6c4d1ab0e228239f1ca7195b580758539f2b2a8cd8eb4999bbcf8be7b3348c,FM2_STRUCTURED_DESCRIPTIVE,,0,0
d855a1dcc89aba48059428956b3c50784ae3224cd75e4977d229f814d5351ca2,STAGE_3_FROZEN_FORMAL_EVALUATION,a41a609f6b5423477704a84761cad4fa457868af583203080fd0a1caddd846af,a41a609f6b5423477704a84761cad4fa457868af583203080fd0a1caddd846af,FM1_MATCHED_RAW_EPISODIC,,0,0
d8ac730409f0195ef57a7676a95159f3540fbaefcd6c42b2d2a8cbee91046514,STAGE_3_FROZEN_FORMAL_EVALUATION,fcf9a567a1870c92176cfbbf345717fd602c6f42472a4eef765a70f80932d97e,fcf9a567a1870c92176cfbbf345717fd602c6f42472a4eef765a70f80932d97e,FM2_STRUCTURED_DESCRIPTIVE,,0,0
d99313bf6460efca5bba3ef34c513b6154bf85c971cf13ce70d7b0c2334659da,STAGE_3_FROZEN_FORMAL_EVALUATION,9d58366ef25db7cebd2444116acd39085d6132e8a6f729344b2642047ccf9056,9d58366ef25db7cebd2444116acd39085d6132e8a6f729344b2642047ccf9056,FM1_MATCHED_RAW_EPISODIC,,0,0
d99b06658e8090786a87c45058530de9f08e5f53a6a29f9795a385cec9570d06,STAGE_3_FROZEN_FORMAL_EVALUATION,7b62cb1f12c210cc8842211d359b15d174fbe6c1ec9d7d7fee7681eb808bf75a,7b62cb1f12c210cc8842211d359b15d174fbe6c1ec9d7d7fee7681eb808bf75a,FM3_GATED_PRESCRIPTIVE,,0,0
d9f21356eb0cc40c22d851db646c750e34a5226c7c2b657ebbd4fe09251919ee,STAGE_3_FROZEN_FORMAL_EVALUATION,f2c944eac5da20d5de0361f39a1998fa84f7069db9f86a6ed2b25762e56449c2,f2c944eac5da20d5de0361f39a1998fa84f7069db9f86a6ed2b25762e56449c2,FM2_STRUCTURED_DESCRIPTIVE,,0,0
d9f823a4757bb106de90f3491ca77043f162ea22e7ee9b8574e7da7a9876fab3,STAGE_3_FROZEN_FORMAL_EVALUATION,2236e910ed5c0d96cb6aa1be5f7ba60e55290a53c8876416c5b67e87462a4af4,2236e910ed5c0d96cb6aa1be5f7ba60e55290a53c8876416c5b67e87462a4af4,FM1_MATCHED_RAW_EPISODIC,,0,0
da23146d495e041badb0ee9dfd5571f37961dd3402b90a3177df6c0c3752acea,STAGE_3_FROZEN_FORMAL_EVALUATION,f4566380c9b89654ff2e13ff5594c96f05ae8b4f94914c9c09862694bbbd77f8,f4566380c9b89654ff2e13ff5594c96f05ae8b4f94914c9c09862694bbbd77f8,FM2_STRUCTURED_DESCRIPTIVE,,0,0
da4fa615c77d4b772f723c667392b73ba8423510c62661ae6a1d0eaa7f3ba220,STAGE_3_FROZEN_FORMAL_EVALUATION,6eaa61931c40de01d16e3e38a7cf3dea43b9363b4f2e63d0fd813d11c0c4fa5b,6eaa61931c40de01d16e3e38a7cf3dea43b9363b4f2e63d0fd813d11c0c4fa5b,FM2_STRUCTURED_DESCRIPTIVE,,0,0
da5c70bd02398840e08f681bbde7a3996098244f899bf174734e073ada683682,STAGE_3_FROZEN_FORMAL_EVALUATION,d9e5f53603dc7715c060a99cdc2f923bf08e3c74f0c3901b9e52ae20af5e6c24,d9e5f53603dc7715c060a99cdc2f923bf08e3c74f0c3901b9e52ae20af5e6c24,FM1_MATCHED_RAW_EPISODIC,,0,0
da6889a2ca0f06ffc076cf21021d899f08101586a69bc66fa2ca8c33907b8f6e,STAGE_3_FROZEN_FORMAL_EVALUATION,0d20bca9ce80e3800b60a1b5149f9196655373a5e94271dfcc19e2a9a6396869,0d20bca9ce80e3800b60a1b5149f9196655373a5e94271dfcc19e2a9a6396869,FM2_STRUCTURED_DESCRIPTIVE,,0,0
da8444aac52f645a5f397b805db38b319e70e8263be17f6dc2e7f4a31da419fb,STAGE_3_FROZEN_FORMAL_EVALUATION,88bdc49b4d58988d6da6672f056d8d671b48c599fc5d2dc8d681614f74acf052,88bdc49b4d58988d6da6672f056d8d671b48c599fc5d2dc8d681614f74acf052,FM0_NO_MEMORY,,0,0
da89912288ecebb47cd079be072f5acff5b74c641f67fbe364d0a51ed29e19fb,STAGE_3_FROZEN_FORMAL_EVALUATION,61083acd4289523e5afa6363f9e4e5010b3f14d364f5a916349883b7bd82e74f,61083acd4289523e5afa6363f9e4e5010b3f14d364f5a916349883b7bd82e74f,FM1_MATCHED_RAW_EPISODIC,,0,0
da8d82eab63770c5544fb2a0815d571c7e1031940fcf76652bc099b4b0b3e0b6,STAGE_3_FROZEN_FORMAL_EVALUATION,e38e5758b56c3ddc3addd7d391651c0eaacbc8e355d07b45d052202203610b11,e38e5758b56c3ddc3addd7d391651c0eaacbc8e355d07b45d052202203610b11,FM0_NO_MEMORY,,0,0
daaedb0843fc850ded8c7791e8df697402df6e6bcf0ceccecabf38c60090b15c,STAGE_3_FROZEN_FORMAL_EVALUATION,f37c0084751707c0ca56375140c69b3797d7c71577b7896f29d84ca7f900a77b,f37c0084751707c0ca56375140c69b3797d7c71577b7896f29d84ca7f900a77b,FM1_MATCHED_RAW_EPISODIC,,0,0
db0e6a062e7b968c52a3816eeb3f8bce231ae4e83fc85d24baee8ad05fbaa568,STAGE_3_FROZEN_FORMAL_EVALUATION,1b321d5a2a37713dd71dab6248689b263af426ba41ec0b56718f36c87ac40a29,1b321d5a2a37713dd71dab6248689b263af426ba41ec0b56718f36c87ac40a29,FM1_MATCHED_RAW_EPISODIC,,0,0
db3c8d1efe251f432b6a30bcbf724bad88e1f7842c26d40203eb81360fa815a3,STAGE_3_FROZEN_FORMAL_EVALUATION,66764aed62e9e22c59b5a88d27910bc3619f7d14059baa6619817ca0cc3404c0,66764aed62e9e22c59b5a88d27910bc3619f7d14059baa6619817ca0cc3404c0,FM0_NO_MEMORY,,0,0
db99e805f4b7dfe7b37696b1249ec4608d363e6974bc0908a547fb4d13d8301f,STAGE_3_FROZEN_FORMAL_EVALUATION,2223403684b8c0961dd02805a30a9cdf20838732cfce42a067ca35f937addf09,2223403684b8c0961dd02805a30a9cdf20838732cfce42a067ca35f937addf09,FM1_MATCHED_RAW_EPISODIC,,0,0
dbb76ddf8adcb79e4918d7658b884e0e00625ed4fb547d95933a68883afbe70d,STAGE_3_FROZEN_FORMAL_EVALUATION,9b905faf8bf044465ea714d03cef7ed97f5ae68728a3a692ca40725793bf6058,9b905faf8bf044465ea714d03cef7ed97f5ae68728a3a692ca40725793bf6058,FM1_MATCHED_RAW_EPISODIC,,0,0
dbc76442adcf436fcff4011042654497ff579297a7810db16d8cf1c44ff86e0b,STAGE_3_FROZEN_FORMAL_EVALUATION,32376a1849c7dfaea743d26b87eaca5b239a34ea43f3ba031292b2f3f8b29c58,32376a1849c7dfaea743d26b87eaca5b239a34ea43f3ba031292b2f3f8b29c58,FM2_STRUCTURED_DESCRIPTIVE,,0,0
dc0731f8e6d974126287945c55bd95639df0784eb735d67b4e5d5435c7a8dc8a,STAGE_3_FROZEN_FORMAL_EVALUATION,56363463967f8898e8ce3df75375f3ec8407c554261f967fea017533444a94f7,56363463967f8898e8ce3df75375f3ec8407c554261f967fea017533444a94f7,FM0_NO_MEMORY,,0,0
dc07cc0db3bc67c4f76873a95c7b0ae23dcd0b6fe1b4c13119690ed6c60531ef,STAGE_3_FROZEN_FORMAL_EVALUATION,fe208be6aafa418f429da9217f693354357e70446541b90364d581861c06fb70,fe208be6aafa418f429da9217f693354357e70446541b90364d581861c06fb70,FM0_NO_MEMORY,,0,0
dc2dec4eb1344a9f5fc974238b5bbc02e0499611495f5a3442467bc6f569a644,STAGE_3_FROZEN_FORMAL_EVALUATION,3aa4ee21bf3ff8a70ba80d611217f696a9f2cb78c4e69295c9a1118112149d48,3aa4ee21bf3ff8a70ba80d611217f696a9f2cb78c4e69295c9a1118112149d48,FM0_NO_MEMORY,,0,0
dc60c99b51c076c86e1069ef8816ff92d74eaeb99ffa997e4c46d74b3d84f24d,STAGE_3_FROZEN_FORMAL_EVALUATION,534c2199ce65eb83ef537fa7fb0249e5f5a3569e62b55376579c80d1f896c4d2,534c2199ce65eb83ef537fa7fb0249e5f5a3569e62b55376579c80d1f896c4d2,FM2_STRUCTURED_DESCRIPTIVE,,0,0
dccab35cbd6663c318b5c31455b68a5f342faa1d0f63ab8c822fe26f56086996,STAGE_3_FROZEN_FORMAL_EVALUATION,bd73534e9031cdf63e1d87bf4942afe3eb4de857c9808325a9c44178491aa848,bd73534e9031cdf63e1d87bf4942afe3eb4de857c9808325a9c44178491aa848,FM3_GATED_PRESCRIPTIVE,,0,0
dd0a64cf7ecac72152195f1c6ce32de6444f85eec462d4f9d391c11cb4c87002,STAGE_3_FROZEN_FORMAL_EVALUATION,fd2efce47d9af9e913bdebb7d97e2588c8ef214b0b4e07bf67f3675140199bda,fd2efce47d9af9e913bdebb7d97e2588c8ef214b0b4e07bf67f3675140199bda,FM3_GATED_PRESCRIPTIVE,,0,0
dd0d33ecb6a33967666329121b39f033273221b8dda9b2c3fd47910d30a3f0f5,STAGE_3_FROZEN_FORMAL_EVALUATION,2b81b1a14808cf6e2a387203c073520e6887ce113e90454dfb441ac120dba603,2b81b1a14808cf6e2a387203c073520e6887ce113e90454dfb441ac120dba603,FM3_GATED_PRESCRIPTIVE,,0,0
dd5c14015c3073025c0fe109effe205fb9172db08e8ebd7fe9ce335f105e8df4,STAGE_3_FROZEN_FORMAL_EVALUATION,910d0c1275986da52a6550263c9c766b5c0b5a4e4286c651dbc53e1410a6f009,910d0c1275986da52a6550263c9c766b5c0b5a4e4286c651dbc53e1410a6f009,FM1_MATCHED_RAW_EPISODIC,,0,0
dda5b8ab4edec293d4bf4b6bd762e062149ab33840334744bfc214c809d21371,STAGE_3_FROZEN_FORMAL_EVALUATION,50bfe79472d36fa959e29900bdc3e41b52869af10f93f8faa086f334726e5907,50bfe79472d36fa959e29900bdc3e41b52869af10f93f8faa086f334726e5907,FM1_MATCHED_RAW_EPISODIC,,0,0
de5b131f31530025fc5ff5e69c1711b54ac08d5a730ece28c3eb15cebb0204dc,STAGE_3_FROZEN_FORMAL_EVALUATION,2e9df11c7fed1372b50b3f536b1e3ff1bc62c7a26c0fe7f7829c7632f3e1dcb0,2e9df11c7fed1372b50b3f536b1e3ff1bc62c7a26c0fe7f7829c7632f3e1dcb0,FM0_NO_MEMORY,,0,0
de6cde8fdb45317075b80b9348253bd8d314110e24cba4dc70e9efcd14531611,STAGE_3_FROZEN_FORMAL_EVALUATION,707372129e74a31373372c9e18ca3dcf64306edde976266e76fe06a99a50e0a1,707372129e74a31373372c9e18ca3dcf64306edde976266e76fe06a99a50e0a1,FM1_MATCHED_RAW_EPISODIC,,0,0
de8cc327622ae6892330c9883966c580ae25de4bc34811cabee00dbeaf66f3fa,STAGE_3_FROZEN_FORMAL_EVALUATION,0cde68830d212d00173e4c24f859b3cedcfe65da2ca95886b545d94c43a0a22f,0cde68830d212d00173e4c24f859b3cedcfe65da2ca95886b545d94c43a0a22f,FM1_MATCHED_RAW_EPISODIC,,0,0
dec4cff386878f026eae5daea5b990029a210eff5659e42093c91b04c9f4b050,STAGE_3_FROZEN_FORMAL_EVALUATION,4fbe8b2ff593bb5651cd9730276b52ff2aae7f5f85d4c09ac2de2123da6f5ee5,4fbe8b2ff593bb5651cd9730276b52ff2aae7f5f85d4c09ac2de2123da6f5ee5,FM0_NO_MEMORY,,0,0
ded6d9dac4233fe535b1eae9b2de23ac6e4686a9bdd4c1b599eccbe7796f6f63,STAGE_3_FROZEN_FORMAL_EVALUATION,a8aba4cd2aa81de8e21ca49a38463da802a43fed3d93fad152aeae84975ed943,a8aba4cd2aa81de8e21ca49a38463da802a43fed3d93fad152aeae84975ed943,FM1_MATCHED_RAW_EPISODIC,,0,0
df4e2225965a694a0fee12ff144f2a1f1908e28495a6eb042f711b26f8798242,STAGE_3_FROZEN_FORMAL_EVALUATION,18dc1f1fbfa4eea9a727bd53e0c0abc6d5c973215ff98cfd748754f0d38c3da8,18dc1f1fbfa4eea9a727bd53e0c0abc6d5c973215ff98cfd748754f0d38c3da8,FM3_GATED_PRESCRIPTIVE,,0,0
dfb3b328d3b4bc51eaaa76ef2180f6ee2ee8feb0378ced2201bc8b73aad0cb2a,STAGE_3_FROZEN_FORMAL_EVALUATION,705843cf9c01e309ec7bd9bf91478465e840dc180ea760a3823a9d24346c1c92,705843cf9c01e309ec7bd9bf91478465e840dc180ea760a3823a9d24346c1c92,FM3_GATED_PRESCRIPTIVE,,0,0
dfc0670fd6b71152570d64b39dd4492a4b528f5b6c1ab886eb1447ad2afbb10b,STAGE_3_FROZEN_FORMAL_EVALUATION,5fef9e36819b2ae843ec482d7ec88aed73a501be4f232daf29db0f91d4f720ef,5fef9e36819b2ae843ec482d7ec88aed73a501be4f232daf29db0f91d4f720ef,FM1_MATCHED_RAW_EPISODIC,,0,0
dfe9cac06b77a409133a1b8a5c6aaa3c770b26d64bbbbb1b4bec13eb7b1640bb,STAGE_3_FROZEN_FORMAL_EVALUATION,307c6da7cd5a6befcf9c577ae5bc5cba575f72c067184849af7c992cb3788fad,307c6da7cd5a6befcf9c577ae5bc5cba575f72c067184849af7c992cb3788fad,FM2_STRUCTURED_DESCRIPTIVE,,0,0
e0077c4282d03afd620026469d494237c15ace95d88a7c47d974bd483e9af199,STAGE_3_FROZEN_FORMAL_EVALUATION,2df4a3e9f33b35ae33196d738c0b2b9be6bf934815ee6c56560840e09964d159,2df4a3e9f33b35ae33196d738c0b2b9be6bf934815ee6c56560840e09964d159,FM3_GATED_PRESCRIPTIVE,,0,0
e016ff731a34a7633a9f6385082abf68423657f285966285b421e44c937fa044,STAGE_3_FROZEN_FORMAL_EVALUATION,24bd6dfad7b3c324103c897e70fa5cfb44c02ed6bb4449b73dc6b31706f06c77,24bd6dfad7b3c324103c897e70fa5cfb44c02ed6bb4449b73dc6b31706f06c77,FM2_STRUCTURED_DESCRIPTIVE,,0,0
e03ff42c6876f8d03579ea6e42293d6edd6849c8feae3764dcf8fe8ffd3054e3,STAGE_3_FROZEN_FORMAL_EVALUATION,6fc53a258d57efdacadf197aa9c83d72665c1172de45e0b091ce636129f18425,6fc53a258d57efdacadf197aa9c83d72665c1172de45e0b091ce636129f18425,FM0_NO_MEMORY,,0,0
e04fc1149af8cd0b79229a38c46768cb9545c26220a691d0321170746f6450cc,STAGE_3_FROZEN_FORMAL_EVALUATION,f0f774a00a36e1e21f51b853f4cc81f9caaecf57623a197e11aeb8789a1edf6c,f0f774a00a36e1e21f51b853f4cc81f9caaecf57623a197e11aeb8789a1edf6c,FM0_NO_MEMORY,,0,0
e0952354f4396e90a0e6f29cc956423bc9f105560f2618458038a9826371087b,STAGE_3_FROZEN_FORMAL_EVALUATION,a0051834d5c512777d1a04f4fe75d909d6ef9913b3063e0ec37d0eb4f4d1c503,a0051834d5c512777d1a04f4fe75d909d6ef9913b3063e0ec37d0eb4f4d1c503,FM1_MATCHED_RAW_EPISODIC,,0,0
e09b06473973aad8d8ddd46bb9b129e22c52f223f439291c6a2f1efc2aa9ccd7,STAGE_3_FROZEN_FORMAL_EVALUATION,707372129e74a31373372c9e18ca3dcf64306edde976266e76fe06a99a50e0a1,707372129e74a31373372c9e18ca3dcf64306edde976266e76fe06a99a50e0a1,FM3_GATED_PRESCRIPTIVE,,0,0
e1221419a613ee6433aa4553c4af2d80a6b9edf3b27e8bbcd61234bd9c979cc9,STAGE_3_FROZEN_FORMAL_EVALUATION,c1fe7f3f25500781f09bac8ef0b4a29445b34eae640cfc6c2d5d7cf2a1fa837d,c1fe7f3f25500781f09bac8ef0b4a29445b34eae640cfc6c2d5d7cf2a1fa837d,FM2_STRUCTURED_DESCRIPTIVE,,0,0
e1285428d1d734132a5c9928331d02c415ba82ba129010e28ff5bed5f7b8985e,STAGE_3_FROZEN_FORMAL_EVALUATION,92463efa84c99c592df09a1da4c9b2d38231b36167de01967f1b4ad4b1dfc309,92463efa84c99c592df09a1da4c9b2d38231b36167de01967f1b4ad4b1dfc309,FM3_GATED_PRESCRIPTIVE,,0,0
e19ab95a62e219dad431b07b4e6d706c4fd006f1176faaa2f379737825fe2cc1,STAGE_3_FROZEN_FORMAL_EVALUATION,8ef1eea0e1fcea4c38f5d3af0f0b590c94b17730187ff80ae965f05317dc4254,8ef1eea0e1fcea4c38f5d3af0f0b590c94b17730187ff80ae965f05317dc4254,FM0_NO_MEMORY,,0,0
e1a0b8a4504d4e403c2f93fe201e0ae65602aea24cc46041701aa6395a37db54,STAGE_3_FROZEN_FORMAL_EVALUATION,01b6f44034d4995181aa5affa292cb265f3baf44bcb2a9b63fe34193384eb983,01b6f44034d4995181aa5affa292cb265f3baf44bcb2a9b63fe34193384eb983,FM0_NO_MEMORY,,0,0
e1fcab3da140ab36816e3c6527022fd56bc77e2c2fd91e02da03dda34c92ce3e,STAGE_3_FROZEN_FORMAL_EVALUATION,0b2b1c2016801fa1243e08afa2178bc82c20433b00cb416d4b532d223e4d5c57,0b2b1c2016801fa1243e08afa2178bc82c20433b00cb416d4b532d223e4d5c57,FM1_MATCHED_RAW_EPISODIC,,0,0
e226c9e8f7275e8e6098202d1e0eba8dd512768b9f7ea7facd2a3e4b4f43cc01,STAGE_3_FROZEN_FORMAL_EVALUATION,e8f316773b28645c217670e58485b4f8a005f99c9a3d2760af93a0a18ec7ca87,e8f316773b28645c217670e58485b4f8a005f99c9a3d2760af93a0a18ec7ca87,FM1_MATCHED_RAW_EPISODIC,,0,0
e245e0c48a05ec6f63e68267395658b7ce7a68e84ad08ec23377ffb447117262,STAGE_3_FROZEN_FORMAL_EVALUATION,54b0da32a8043311764068be5bb688b8fac26215fee0208a88a80ef76ccbad76,54b0da32a8043311764068be5bb688b8fac26215fee0208a88a80ef76ccbad76,FM2_STRUCTURED_DESCRIPTIVE,,0,0
e269e948a9248058fc5affb6facac1033eb5e4029fbc6a28f1bbca103b076db4,STAGE_3_FROZEN_FORMAL_EVALUATION,1ac635da19fddb65b0157b733fceae8aeaca4cf3a7f2d0b92e1410f94078baca,1ac635da19fddb65b0157b733fceae8aeaca4cf3a7f2d0b92e1410f94078baca,FM0_NO_MEMORY,,0,0
e28aa89e40a20f3d27ea46d869511d90ebe0e0f3785199eb56de1b49d7cbc042,STAGE_3_FROZEN_FORMAL_EVALUATION,8d870094be7858046fe5a6a7d84116ca39a67522fd65bc0a69595c0d5b51ac88,8d870094be7858046fe5a6a7d84116ca39a67522fd65bc0a69595c0d5b51ac88,FM1_MATCHED_RAW_EPISODIC,,0,0
e28fa291c0ec40eca058951b1cfff228d6dd6ccc077a0644172f53949bb47de1,STAGE_3_FROZEN_FORMAL_EVALUATION,db593769c0ccb8780a911d475a94942656d50f1d03de0e88ffe42a2d162d35bd,db593769c0ccb8780a911d475a94942656d50f1d03de0e88ffe42a2d162d35bd,FM3_GATED_PRESCRIPTIVE,,0,0
e298eba68d58bb2c883f52cba30fb28d6e80f82a23fbd19c492379cc86c1d98b,STAGE_3_FROZEN_FORMAL_EVALUATION,2d40294ea8d50b6982e3bbef52aa9d3cea5e679446a7a30bb886bb44230c0f67,2d40294ea8d50b6982e3bbef52aa9d3cea5e679446a7a30bb886bb44230c0f67,FM1_MATCHED_RAW_EPISODIC,,0,0
e2d957909b0fdd40147837f313dfdb9b570b7c36f3880b332638865f6d71cf7d,STAGE_3_FROZEN_FORMAL_EVALUATION,785b0e55f3142d39fa6cb2f94c769813bbfb41cad4eecbae7126ea9f9d534993,785b0e55f3142d39fa6cb2f94c769813bbfb41cad4eecbae7126ea9f9d534993,FM0_NO_MEMORY,,0,0
e2da358615190a64cd48ca3ca1e107d394f3c8c0de7bea38e62a7fdcdda37d7b,STAGE_3_FROZEN_FORMAL_EVALUATION,3f4d42f0daf1d4235b42a99433a9607c7400e9bbe8bf3c04cec1fe825ecd0a09,3f4d42f0daf1d4235b42a99433a9607c7400e9bbe8bf3c04cec1fe825ecd0a09,FM3_GATED_PRESCRIPTIVE,,0,0
e3af4e13ddd969f793c8e22c5c199ebaa12dc66869d2e1102b39dd85cb22c668,STAGE_3_FROZEN_FORMAL_EVALUATION,2c6b3eecb2686868a6ca84d3bc7d15deaca0d5c4332406fdadc6bd8c6dbb86b7,2c6b3eecb2686868a6ca84d3bc7d15deaca0d5c4332406fdadc6bd8c6dbb86b7,FM3_GATED_PRESCRIPTIVE,,0,0
e3b6baac8c359b04b2d955ffecc6df80ebd4a1da3d52145a2fd99f6e9ab71e97,STAGE_3_FROZEN_FORMAL_EVALUATION,6eaa61931c40de01d16e3e38a7cf3dea43b9363b4f2e63d0fd813d11c0c4fa5b,6eaa61931c40de01d16e3e38a7cf3dea43b9363b4f2e63d0fd813d11c0c4fa5b,FM1_MATCHED_RAW_EPISODIC,,0,0
e3c6ef12fffee421fa86e05d4048a4603c7c06256c2c481c205014ca696445ca,STAGE_3_FROZEN_FORMAL_EVALUATION,2f1a003fd0355c645d71e613db0ae974f3310e2528da4b163bbb8b3d4d15b6c3,2f1a003fd0355c645d71e613db0ae974f3310e2528da4b163bbb8b3d4d15b6c3,FM2_STRUCTURED_DESCRIPTIVE,,0,0
e3caa1fe901f9922bbe6e14a8db073a5529fa3872a11669483c40b272a2ca54f,STAGE_3_FROZEN_FORMAL_EVALUATION,22c782dc65da973bdea2324ca6e7dfb1ce14e3ec48a23619076398dc028df6f1,22c782dc65da973bdea2324ca6e7dfb1ce14e3ec48a23619076398dc028df6f1,FM2_STRUCTURED_DESCRIPTIVE,,0,0
e426d6be67ac20573813fd3ad86ca74ef60d189a4ebd1139bfb45ef0a8679644,STAGE_3_FROZEN_FORMAL_EVALUATION,a6e31827a86f728742e6c2a28d9797331b6abee643208c83d7597fbb9aa184ef,a6e31827a86f728742e6c2a28d9797331b6abee643208c83d7597fbb9aa184ef,FM1_MATCHED_RAW_EPISODIC,,0,0
e4316a54d906bfd3f802a483371550b0a78ae180571b2c0e08a05a6da83f79b2,STAGE_3_FROZEN_FORMAL_EVALUATION,0cde68830d212d00173e4c24f859b3cedcfe65da2ca95886b545d94c43a0a22f,0cde68830d212d00173e4c24f859b3cedcfe65da2ca95886b545d94c43a0a22f,FM2_STRUCTURED_DESCRIPTIVE,,0,0
e43511a325bd4eef282c75136efd9870c9250a3e30cfb5e8a1d184acaa8cebd0,STAGE_3_FROZEN_FORMAL_EVALUATION,39b8dda2ab6d5124465527a78bdb1c7d3e7f17b0c263b5b60f4731e8ff18ba1a,39b8dda2ab6d5124465527a78bdb1c7d3e7f17b0c263b5b60f4731e8ff18ba1a,FM1_MATCHED_RAW_EPISODIC,,0,0
e44936ebe05f734890209234fa2d62adc8bff3852a8317dac263d8cfffd408d6,STAGE_3_FROZEN_FORMAL_EVALUATION,784e7088ee513af0469e8122fbd9ce2828385430c2c592ce0f604f67877b28db,784e7088ee513af0469e8122fbd9ce2828385430c2c592ce0f604f67877b28db,FM3_GATED_PRESCRIPTIVE,,0,0
e4c3a21e7e9ef95798b3e717d8c9be5621cdd18da3d8d6fabc173357aed0f82c,STAGE_3_FROZEN_FORMAL_EVALUATION,003493beb6024d0571a3fa54d666f48af8e00700a96f0aaffd0d7f9e4d772d95,003493beb6024d0571a3fa54d666f48af8e00700a96f0aaffd0d7f9e4d772d95,FM3_GATED_PRESCRIPTIVE,,0,0
e5106b51150469fab9795615c9b0da97d7bf71b192f811a5000090d3ba0f32aa,STAGE_3_FROZEN_FORMAL_EVALUATION,1f51bb964beb2ca4b89de4b53bd7f4fe46c98e7fecf78ea543bb36573d8a91da,1f51bb964beb2ca4b89de4b53bd7f4fe46c98e7fecf78ea543bb36573d8a91da,FM1_MATCHED_RAW_EPISODIC,,0,0
e52306dc0498567b2ef6e64ca865ccadaf3d409b788cb0f59ff11b0047da486c,STAGE_3_FROZEN_FORMAL_EVALUATION,57914c20c75d6720d5adcc2a28223f06ff6b27f5e3d76da1e923155d430caa94,57914c20c75d6720d5adcc2a28223f06ff6b27f5e3d76da1e923155d430caa94,FM0_NO_MEMORY,,0,0
e5892eea14d2e3af65ed2fea746d83f7b66ae07198a6ad73b1caf4dc7b43b5ff,STAGE_3_FROZEN_FORMAL_EVALUATION,ea1ac087cfdf9f5162202798830dd79e643334caca4e526bf96266c8f5d63eac,ea1ac087cfdf9f5162202798830dd79e643334caca4e526bf96266c8f5d63eac,FM3_GATED_PRESCRIPTIVE,,0,0
e596a932a24ce41aacb334de6ed592fc5850ac826917b07f7b5fb01ed7748c84,STAGE_3_FROZEN_FORMAL_EVALUATION,9d58366ef25db7cebd2444116acd39085d6132e8a6f729344b2642047ccf9056,9d58366ef25db7cebd2444116acd39085d6132e8a6f729344b2642047ccf9056,FM3_GATED_PRESCRIPTIVE,,0,0
e5e3d0438e650d86b75142767a07f365034a175ccf9769844f5dd96f2fe59c93,STAGE_3_FROZEN_FORMAL_EVALUATION,8b67a4dc04f3b526bc15220c823bee66444c0485bdd6936a7e9ae54c9dc2b2f7,8b67a4dc04f3b526bc15220c823bee66444c0485bdd6936a7e9ae54c9dc2b2f7,FM1_MATCHED_RAW_EPISODIC,,0,0
e5e967ab5ef329ed018124b7c2a19a68211892e8ed691283192413ff30e578b7,STAGE_3_FROZEN_FORMAL_EVALUATION,9061b26c447a5f389f52355bc6a5c9c3c5c361b472087d801e5ce69576deea5d,9061b26c447a5f389f52355bc6a5c9c3c5c361b472087d801e5ce69576deea5d,FM3_GATED_PRESCRIPTIVE,,0,0
e60000bde9ff27959f8ac02119fd364c56afb200ca3cf0e8e1b2daf8074823a4,STAGE_3_FROZEN_FORMAL_EVALUATION,24bd6dfad7b3c324103c897e70fa5cfb44c02ed6bb4449b73dc6b31706f06c77,24bd6dfad7b3c324103c897e70fa5cfb44c02ed6bb4449b73dc6b31706f06c77,FM3_GATED_PRESCRIPTIVE,,0,0
e603b0bf754615e9312b84139a5b3c4c50d623765127b5ce09e124b72ccfcd45,STAGE_3_FROZEN_FORMAL_EVALUATION,814c35c206636731696ee4bf3a466185c027779bea160ab92b722763a7a088c7,814c35c206636731696ee4bf3a466185c027779bea160ab92b722763a7a088c7,FM0_NO_MEMORY,,0,0
e60c8c2111769bb255fafeb75cafd60ef9c88963b6dc20b37200dc60765714c0,STAGE_3_FROZEN_FORMAL_EVALUATION,5fef9e36819b2ae843ec482d7ec88aed73a501be4f232daf29db0f91d4f720ef,5fef9e36819b2ae843ec482d7ec88aed73a501be4f232daf29db0f91d4f720ef,FM2_STRUCTURED_DESCRIPTIVE,,0,0
e6a411abcdd172409311ad046652d6dddaa530d402a6e196e3f9c7a847d35544,STAGE_3_FROZEN_FORMAL_EVALUATION,fb24b3dff92768b8c15b84c8c14964076dc7750b353328367208bb4a7ed2713f,fb24b3dff92768b8c15b84c8c14964076dc7750b353328367208bb4a7ed2713f,FM3_GATED_PRESCRIPTIVE,,0,0
e6c747e1200ad60b60a3b43c74f92e810f974f004b306d81f9c742816c470b1e,STAGE_3_FROZEN_FORMAL_EVALUATION,33e1184ce21ceffc94a65d662f1228df22b509fcfe4dd2bde1ba9ce3902b7af5,33e1184ce21ceffc94a65d662f1228df22b509fcfe4dd2bde1ba9ce3902b7af5,FM3_GATED_PRESCRIPTIVE,,0,0
e6d5bbbd16a1a96dd939c35c980ed7c3dfbd226982109b394f86bf1df5dc4b73,STAGE_3_FROZEN_FORMAL_EVALUATION,8b67a4dc04f3b526bc15220c823bee66444c0485bdd6936a7e9ae54c9dc2b2f7,8b67a4dc04f3b526bc15220c823bee66444c0485bdd6936a7e9ae54c9dc2b2f7,FM2_STRUCTURED_DESCRIPTIVE,,0,0
e6e68a239a40e6b64f84eb85619ace6c199957269f52d3ccb44d226dbb42c860,STAGE_3_FROZEN_FORMAL_EVALUATION,a8b37bbd99604124070c9db7c33c7a6fcb2016fc8a4194df51bbe3f4fb4e8e64,a8b37bbd99604124070c9db7c33c7a6fcb2016fc8a4194df51bbe3f4fb4e8e64,FM1_MATCHED_RAW_EPISODIC,,0,0
e7242139cd9fa0bc6680d7df8f7825748ad05163803468f6a327db6c4c5d872f,STAGE_3_FROZEN_FORMAL_EVALUATION,f09097299bf65889474571e66be4919ff718772fa9c57c423a008eaeb8e514a9,f09097299bf65889474571e66be4919ff718772fa9c57c423a008eaeb8e514a9,FM2_STRUCTURED_DESCRIPTIVE,,0,0
e74fd24f9aabca50ec486e17b069153aa2af3c7fd11ac21755f6377671cffb12,STAGE_3_FROZEN_FORMAL_EVALUATION,5f2e47105b1649a4394a8a8a2ef7bbeeb3fd23067776b3d63b75870b1e592f70,5f2e47105b1649a4394a8a8a2ef7bbeeb3fd23067776b3d63b75870b1e592f70,FM0_NO_MEMORY,,0,0
e7dcaa6426d417074fd474bfaeef220ecc103f2a63f248954157b870274f3f38,STAGE_3_FROZEN_FORMAL_EVALUATION,b1a5a1a6bd27a01ae24d03a25aa83fac0fa62d7ff035e56e9e53fd39ba72e626,b1a5a1a6bd27a01ae24d03a25aa83fac0fa62d7ff035e56e9e53fd39ba72e626,FM1_MATCHED_RAW_EPISODIC,,0,0
e85b41a491c6b9de5c2acbc8bde5721488241370a9dfa1aeffee929ea10d23b3,STAGE_3_FROZEN_FORMAL_EVALUATION,1b321d5a2a37713dd71dab6248689b263af426ba41ec0b56718f36c87ac40a29,1b321d5a2a37713dd71dab6248689b263af426ba41ec0b56718f36c87ac40a29,FM2_STRUCTURED_DESCRIPTIVE,,0,0
e8bb81bcc16a550d4f235ed37d017ec1b7f4297f156b59d6160e928dbe829532,STAGE_3_FROZEN_FORMAL_EVALUATION,f37c0084751707c0ca56375140c69b3797d7c71577b7896f29d84ca7f900a77b,f37c0084751707c0ca56375140c69b3797d7c71577b7896f29d84ca7f900a77b,FM2_STRUCTURED_DESCRIPTIVE,,0,0
e8e104a7f4e3f3b169f5ad602ea3cca3f63fa744b8e8b255f8a2d92811cc02ac,STAGE_3_FROZEN_FORMAL_EVALUATION,489c4b77dffccefd2162cd6a1f01aead570180e96a786561d19ba28f78e0a80e,489c4b77dffccefd2162cd6a1f01aead570180e96a786561d19ba28f78e0a80e,FM1_MATCHED_RAW_EPISODIC,,0,0
e91fde396a8c70a6044d00238e4455e2f6b0aa31771d166e7a082ed9c5a02795,STAGE_3_FROZEN_FORMAL_EVALUATION,66764aed62e9e22c59b5a88d27910bc3619f7d14059baa6619817ca0cc3404c0,66764aed62e9e22c59b5a88d27910bc3619f7d14059baa6619817ca0cc3404c0,FM1_MATCHED_RAW_EPISODIC,,0,0
e9ac84741ef8b234b53c2ed2ce54a2345711e3668e059a92aa1969329daa5139,STAGE_3_FROZEN_FORMAL_EVALUATION,0355c534b639e517cfd9155fc8cd017e2f38976f20ba9ec365293bc0b162b887,0355c534b639e517cfd9155fc8cd017e2f38976f20ba9ec365293bc0b162b887,FM2_STRUCTURED_DESCRIPTIVE,,0,0
e9b2970513dd8d1c3c868011873dc6a05a4823325097590b74a9ab4bfd8b3dbe,STAGE_3_FROZEN_FORMAL_EVALUATION,7bdfa3747235974f0c28b91152bbd8bc500cc07408fd7db711ddff07c6f50c54,7bdfa3747235974f0c28b91152bbd8bc500cc07408fd7db711ddff07c6f50c54,FM1_MATCHED_RAW_EPISODIC,,0,0
ea133534e856b78b5c552b8108ccc1a990bb2e6f483ebdbd3ba4c15a791321b7,STAGE_3_FROZEN_FORMAL_EVALUATION,00cd9fa3fd2dd43f74f3c00010e956bd4547c9eec5e34e7c3c5587c77de5f19b,00cd9fa3fd2dd43f74f3c00010e956bd4547c9eec5e34e7c3c5587c77de5f19b,FM1_MATCHED_RAW_EPISODIC,,0,0
ea8482abeb7ba73bef06c5f86016009c564ebfa8ca757531c3e35ff72f6979b0,STAGE_3_FROZEN_FORMAL_EVALUATION,2a326c9d5d194b28c4780dd4a611dbc7f6fda7ab51fb0eb3073e309b9284681e,2a326c9d5d194b28c4780dd4a611dbc7f6fda7ab51fb0eb3073e309b9284681e,FM2_STRUCTURED_DESCRIPTIVE,,0,0
ea9c7648c703f07b99f104ec0f7a5da76f3d244355bf9ef1ccf916f7d98d4c2e,STAGE_3_FROZEN_FORMAL_EVALUATION,d28f790daa61a427deae6ff9b8f738bea85805d141c36537cf40355397ff1153,d28f790daa61a427deae6ff9b8f738bea85805d141c36537cf40355397ff1153,FM2_STRUCTURED_DESCRIPTIVE,,0,0
eaae8082331060936485c047daa4be7b681afb817697cd669deeddd88e31594c,STAGE_3_FROZEN_FORMAL_EVALUATION,70ff714028c2b470c09e03dd366b6c3295aa87c70378649a3e8e3c17eaed27d1,70ff714028c2b470c09e03dd366b6c3295aa87c70378649a3e8e3c17eaed27d1,FM2_STRUCTURED_DESCRIPTIVE,,0,0
ead1257e73cf53dd8ecfb4ff14a80580a1e795da44179cd2230f531a1fa4170e,STAGE_3_FROZEN_FORMAL_EVALUATION,bdcc50683fa6c8723ec3a5f05aa1b9fe391300d35db0df8b9da07db579a7484d,bdcc50683fa6c8723ec3a5f05aa1b9fe391300d35db0df8b9da07db579a7484d,FM3_GATED_PRESCRIPTIVE,,0,0
eaff907ecc340b69afaf5e0b6bbe026fd4bb04aec93c779d759d091b8be11709,STAGE_3_FROZEN_FORMAL_EVALUATION,6eaa61931c40de01d16e3e38a7cf3dea43b9363b4f2e63d0fd813d11c0c4fa5b,6eaa61931c40de01d16e3e38a7cf3dea43b9363b4f2e63d0fd813d11c0c4fa5b,FM3_GATED_PRESCRIPTIVE,,0,0
ec544614f0b113132a392b1c39a3a2b64bfe82a798ab97e16b4c9e4ad604c302,STAGE_3_FROZEN_FORMAL_EVALUATION,f0f7cb11d3f0dd2aa4f1663d45e94ee73598024223e00426ca65f3dfd27f862e,f0f7cb11d3f0dd2aa4f1663d45e94ee73598024223e00426ca65f3dfd27f862e,FM2_STRUCTURED_DESCRIPTIVE,,0,0
ec93102b15648ac1bbfec8705b70951f269e7b59e0f5b1757f85b654f82342eb,STAGE_3_FROZEN_FORMAL_EVALUATION,1191792376f591acb634ecea8da3085e2521dad5c710b9d9a90ef162b1356e7a,1191792376f591acb634ecea8da3085e2521dad5c710b9d9a90ef162b1356e7a,FM0_NO_MEMORY,,0,0
ecbc5c1e60d2174c7d5d1ed76cc67698794420c04991c7542dcff9cc177f4161,STAGE_3_FROZEN_FORMAL_EVALUATION,b26e637acde919ee7ade0d791698f33b045f6562a8f1a16f9cef09049f7032b3,b26e637acde919ee7ade0d791698f33b045f6562a8f1a16f9cef09049f7032b3,FM3_GATED_PRESCRIPTIVE,,0,0
ed4f5f9a331059f69f6be121ea4440d175268e47fcdad4a7d7278f4119dec4ac,STAGE_3_FROZEN_FORMAL_EVALUATION,5fef9e36819b2ae843ec482d7ec88aed73a501be4f232daf29db0f91d4f720ef,5fef9e36819b2ae843ec482d7ec88aed73a501be4f232daf29db0f91d4f720ef,FM0_NO_MEMORY,,0,0
ed7028b835af859f612dae77ef99539b244104109fe00ea4dfac501461c640e8,STAGE_3_FROZEN_FORMAL_EVALUATION,f25921b4ba82b234150556f4097b59d4581bffbb78a2ef13443b2389dd9db973,f25921b4ba82b234150556f4097b59d4581bffbb78a2ef13443b2389dd9db973,FM1_MATCHED_RAW_EPISODIC,,0,0
ed7875708204c17110a9aa53d53d2436ee89c406abd9a2e5d2affdac5db48ab8,STAGE_3_FROZEN_FORMAL_EVALUATION,3c96fcc7d27dd498cdd1b3439dafedf1af5dccc95c8f067008f2bbe6e2b60822,3c96fcc7d27dd498cdd1b3439dafedf1af5dccc95c8f067008f2bbe6e2b60822,FM2_STRUCTURED_DESCRIPTIVE,,0,0
ed7d13217433d5c765ac79e77463bef1b23955d5481c8a0ae629034a8d8488f4,STAGE_3_FROZEN_FORMAL_EVALUATION,464dd7da73b72cebf5a7c8d2ff7d820c385e82a95f1ec161095e02732bba1fd8,464dd7da73b72cebf5a7c8d2ff7d820c385e82a95f1ec161095e02732bba1fd8,FM1_MATCHED_RAW_EPISODIC,,0,0
edbfa12454dcf024d0a92ee91d08e3a2d110da78372e132fed5e3605db00d007,STAGE_3_FROZEN_FORMAL_EVALUATION,bdcc50683fa6c8723ec3a5f05aa1b9fe391300d35db0df8b9da07db579a7484d,bdcc50683fa6c8723ec3a5f05aa1b9fe391300d35db0df8b9da07db579a7484d,FM0_NO_MEMORY,,0,0
edd149e2f82e42418c0e8e0c1d4dacab0ef2b110ba3fa57659fad857aeb811d8,STAGE_3_FROZEN_FORMAL_EVALUATION,e8e9a6a6957ab0d09aacf53957cdc5c122e69b559e566e92421c7c7315598579,e8e9a6a6957ab0d09aacf53957cdc5c122e69b559e566e92421c7c7315598579,FM0_NO_MEMORY,,0,0
ede12015ca4ff80b145e4f5437afd2b50a5c4f108305a3293b70659cc41d7a63,STAGE_3_FROZEN_FORMAL_EVALUATION,90b3082aa9a43f3dcf24d8d0e7eb3d3ce1849649b60dcce5df1930f763404ea7,90b3082aa9a43f3dcf24d8d0e7eb3d3ce1849649b60dcce5df1930f763404ea7,FM2_STRUCTURED_DESCRIPTIVE,,0,0
ee326e4af97b3654e8337cbc1354ad1c025657794dcf4d61bf17f82abd3ebfd8,STAGE_3_FROZEN_FORMAL_EVALUATION,caa80bd6f772d18ad7b6c910ea40c1c547de37625060237650b0a7044e812228,caa80bd6f772d18ad7b6c910ea40c1c547de37625060237650b0a7044e812228,FM2_STRUCTURED_DESCRIPTIVE,,0,0
ee36cd5689519e95dbaebb423f52bcfdda8e814c8a5992ba79b82637290897aa,STAGE_3_FROZEN_FORMAL_EVALUATION,01b6f44034d4995181aa5affa292cb265f3baf44bcb2a9b63fe34193384eb983,01b6f44034d4995181aa5affa292cb265f3baf44bcb2a9b63fe34193384eb983,FM3_GATED_PRESCRIPTIVE,,0,0
eead325de4522bb76a0646db631dcd7089fc4620aa830d01ebe4791328670313,STAGE_3_FROZEN_FORMAL_EVALUATION,16153c638df26c225bdcb2558227feb7ca977dbd854fc132eef2078992582c89,16153c638df26c225bdcb2558227feb7ca977dbd854fc132eef2078992582c89,FM2_STRUCTURED_DESCRIPTIVE,,0,0
ef2ba816a58a88be6eda2a5727c361df62948d7b2d6999a66117b239395c6426,STAGE_3_FROZEN_FORMAL_EVALUATION,afd2da8642fc2623772e8d3f18113656c786179bbf98b2fac049f0a4dc5221ac,afd2da8642fc2623772e8d3f18113656c786179bbf98b2fac049f0a4dc5221ac,FM1_MATCHED_RAW_EPISODIC,,0,0
ef35f30e3600a07e8a32c481f004c198088be8690a694471311fdcd98c685869,STAGE_3_FROZEN_FORMAL_EVALUATION,b1a5a1a6bd27a01ae24d03a25aa83fac0fa62d7ff035e56e9e53fd39ba72e626,b1a5a1a6bd27a01ae24d03a25aa83fac0fa62d7ff035e56e9e53fd39ba72e626,FM0_NO_MEMORY,,0,0
ef51742e4d45e11eb8f98d318e162ba15c73fe967dea5d979bcf56abab63e642,STAGE_3_FROZEN_FORMAL_EVALUATION,6d9958e435a0c4b6759effcc413a839b785af606c3fc92dbaceeca19871b6112,6d9958e435a0c4b6759effcc413a839b785af606c3fc92dbaceeca19871b6112,FM1_MATCHED_RAW_EPISODIC,,0,0
ef8dbe230b99fd3cec061c3bde7d613eb83abcdd6afa3ee602dd3a75d64c9406,STAGE_3_FROZEN_FORMAL_EVALUATION,7b62cb1f12c210cc8842211d359b15d174fbe6c1ec9d7d7fee7681eb808bf75a,7b62cb1f12c210cc8842211d359b15d174fbe6c1ec9d7d7fee7681eb808bf75a,FM2_STRUCTURED_DESCRIPTIVE,,0,0
ef9cc30e1646b2c272cf14005ed4bfed1203599203cab201628ca86bfd12dcae,STAGE_3_FROZEN_FORMAL_EVALUATION,c1ac7fbe6c096af42161ac454aaafef04e7b6eb1b49a78128cb3224dd823b344,c1ac7fbe6c096af42161ac454aaafef04e7b6eb1b49a78128cb3224dd823b344,FM0_NO_MEMORY,,0,0
efb92ae3d4729ffb15d626cc15c602cb83488f4c9bd89d6f137b5f4baef59ba4,STAGE_3_FROZEN_FORMAL_EVALUATION,e90e1c31e1ac4051bea532a8d72ff22e2b6fcf29bff2a4d51551c9b9f2744925,e90e1c31e1ac4051bea532a8d72ff22e2b6fcf29bff2a4d51551c9b9f2744925,FM3_GATED_PRESCRIPTIVE,,0,0
eff0fd04ded6b917788704577f83175f981e36fa27ec14e601b6a1c8759a077b,STAGE_3_FROZEN_FORMAL_EVALUATION,13f868af81c4061bc811fe24926e5177d0b5da442acb930303d66f432119e45b,13f868af81c4061bc811fe24926e5177d0b5da442acb930303d66f432119e45b,FM0_NO_MEMORY,,0,0
f01d32bf77b989c882b036624bec063a9be967c02c7f9d4711bbcd0572e0fa6a,STAGE_3_FROZEN_FORMAL_EVALUATION,133f2c9f9ba11372d91f1c68ecf5260a292bb160a77d910db43a0903cc117c27,133f2c9f9ba11372d91f1c68ecf5260a292bb160a77d910db43a0903cc117c27,FM2_STRUCTURED_DESCRIPTIVE,,0,0
f0b8c7dec35edcabaf138f78923e4ed5f5877a742e59005959fb7db672aed75e,STAGE_3_FROZEN_FORMAL_EVALUATION,b37d56aabdb06f3552f57517363a35d2279d8899a245d5586ef4a599225d7ae9,b37d56aabdb06f3552f57517363a35d2279d8899a245d5586ef4a599225d7ae9,FM2_STRUCTURED_DESCRIPTIVE,,0,0
f0ba962a2fd3665bb2949f4b4f529beefe8f63c7dc06bdc06b79815e13735c98,STAGE_3_FROZEN_FORMAL_EVALUATION,53c6d0550a147380c8d55532839dfe699faf6f0cea09c0afbd4b2d604a2dddd2,53c6d0550a147380c8d55532839dfe699faf6f0cea09c0afbd4b2d604a2dddd2,FM0_NO_MEMORY,,0,0
f0cb3c02051beae41ba012b03ee3212da819eba2b796e419b5a237f8c6b10659,STAGE_3_FROZEN_FORMAL_EVALUATION,e52caa1bcbf936b896faf0a469c4d5445fe950b5e123d95d4e55d51ac1f90369,e52caa1bcbf936b896faf0a469c4d5445fe950b5e123d95d4e55d51ac1f90369,FM0_NO_MEMORY,,0,0
f1315d97417e10d0d5b0f0a1dd6a38b83f075b37ec903d61407570eddf6a949d,STAGE_3_FROZEN_FORMAL_EVALUATION,e007082fd9dbb5689464c86f5303768562dbd65295e2e28d10272e3de9a7a541,e007082fd9dbb5689464c86f5303768562dbd65295e2e28d10272e3de9a7a541,FM1_MATCHED_RAW_EPISODIC,,0,0
f197e51483bbe05cb0c81b30c63577e8666bc6eba928dc6ee3cc715bc020120c,STAGE_3_FROZEN_FORMAL_EVALUATION,b26e637acde919ee7ade0d791698f33b045f6562a8f1a16f9cef09049f7032b3,b26e637acde919ee7ade0d791698f33b045f6562a8f1a16f9cef09049f7032b3,FM1_MATCHED_RAW_EPISODIC,,0,0
f1bebc1cfdea4d9f2d413de24019117f4701c26670132eadfdd272f7d31db202,STAGE_3_FROZEN_FORMAL_EVALUATION,76035d685eef338415ae2754b2ea02214b0d4346701324b0ab219d2f7a1ce5bd,76035d685eef338415ae2754b2ea02214b0d4346701324b0ab219d2f7a1ce5bd,FM3_GATED_PRESCRIPTIVE,,0,0
f1d0446fa640d9fdbbe41365c83f048c142b0389df114211fa5f530874d962e1,STAGE_3_FROZEN_FORMAL_EVALUATION,1d9beeb0de383df1162fb66567670068820190ce583428db2154cd269edcd0a2,1d9beeb0de383df1162fb66567670068820190ce583428db2154cd269edcd0a2,FM1_MATCHED_RAW_EPISODIC,,0,0
f22ce7639751388d7a51faf897c9a2d327fec54ca4e4f22cbe1f10af01dec34f,STAGE_3_FROZEN_FORMAL_EVALUATION,2d40294ea8d50b6982e3bbef52aa9d3cea5e679446a7a30bb886bb44230c0f67,2d40294ea8d50b6982e3bbef52aa9d3cea5e679446a7a30bb886bb44230c0f67,FM0_NO_MEMORY,,0,0
f246d855176a7fb34085290f0b2857b05f7ccf947b95c4bd70c595b7b902e97d,STAGE_3_FROZEN_FORMAL_EVALUATION,c1ac7fbe6c096af42161ac454aaafef04e7b6eb1b49a78128cb3224dd823b344,c1ac7fbe6c096af42161ac454aaafef04e7b6eb1b49a78128cb3224dd823b344,FM1_MATCHED_RAW_EPISODIC,,0,0
f3c11e90c2e8c814c107c792793620c1fc59eae7fed92331b1902314dabe0ce3,STAGE_3_FROZEN_FORMAL_EVALUATION,e03deb250334596d9cc7c9295d2f0717fd96100ae6a22fc2fdd02f70ebcda73f,e03deb250334596d9cc7c9295d2f0717fd96100ae6a22fc2fdd02f70ebcda73f,FM2_STRUCTURED_DESCRIPTIVE,,0,0
f3cfecf79a23b9ca651790e00c8d0442a64c46eea94e7c47f28f8a9ea69f47a0,STAGE_3_FROZEN_FORMAL_EVALUATION,1ac635da19fddb65b0157b733fceae8aeaca4cf3a7f2d0b92e1410f94078baca,1ac635da19fddb65b0157b733fceae8aeaca4cf3a7f2d0b92e1410f94078baca,FM3_GATED_PRESCRIPTIVE,,0,0
f3d7efc1c036efc8847da27ed9aa3120e6ca28130bb27741f85a4145024b0047,STAGE_3_FROZEN_FORMAL_EVALUATION,caa80bd6f772d18ad7b6c910ea40c1c547de37625060237650b0a7044e812228,caa80bd6f772d18ad7b6c910ea40c1c547de37625060237650b0a7044e812228,FM0_NO_MEMORY,,0,0
f48a2c126a30f24e8645085c15a640b2cacbe71ef1909a50d1f49d34d1514bd0,STAGE_3_FROZEN_FORMAL_EVALUATION,a05fe943ad6ab2b9f18017fdb8bf8f07aeb8419d5a83dbfb4f0237ec6ece3e68,a05fe943ad6ab2b9f18017fdb8bf8f07aeb8419d5a83dbfb4f0237ec6ece3e68,FM3_GATED_PRESCRIPTIVE,,0,0
f4a532b1052474deb50e08036526df06826fee1cd9d5d08cb3d687cccab50aad,STAGE_3_FROZEN_FORMAL_EVALUATION,66764aed62e9e22c59b5a88d27910bc3619f7d14059baa6619817ca0cc3404c0,66764aed62e9e22c59b5a88d27910bc3619f7d14059baa6619817ca0cc3404c0,FM3_GATED_PRESCRIPTIVE,,0,0
f4bd96bae89761587d85f1d757f6202e0ce25defacb1e7ccbda427a0bf0e04e0,STAGE_3_FROZEN_FORMAL_EVALUATION,0d20bca9ce80e3800b60a1b5149f9196655373a5e94271dfcc19e2a9a6396869,0d20bca9ce80e3800b60a1b5149f9196655373a5e94271dfcc19e2a9a6396869,FM3_GATED_PRESCRIPTIVE,,0,0
f4e82276f287f3fef9a89b2f278ba5c2baec794bbe1a9791dabe642bf45a0b48,STAGE_3_FROZEN_FORMAL_EVALUATION,f45d37703437d976338dc34d8063f826178c510defb4a5190f1c1b44899f3cb8,f45d37703437d976338dc34d8063f826178c510defb4a5190f1c1b44899f3cb8,FM2_STRUCTURED_DESCRIPTIVE,,0,0
f52e9bc7b94fbc85f234482ed29734880d89a87b159904f03eeef10643dff991,STAGE_3_FROZEN_FORMAL_EVALUATION,a3d90ba9512e01baffc71bb1f7e7cd44a390de7f0ef3e2f2f777a699afad491e,a3d90ba9512e01baffc71bb1f7e7cd44a390de7f0ef3e2f2f777a699afad491e,FM3_GATED_PRESCRIPTIVE,,0,0
f57de5f1de493c5f46b3f11a556d5d1ca62fe00c63c0a7f3de8c31e8559aef51,STAGE_3_FROZEN_FORMAL_EVALUATION,e2fe3cd9462d31e9ee24f094135690e33c9f27999f8b07f6dd734abc582bb4ec,e2fe3cd9462d31e9ee24f094135690e33c9f27999f8b07f6dd734abc582bb4ec,FM0_NO_MEMORY,,0,0
f6177f67ce99c37930dc2a8da669743edd9118e7dbb4a8bab613dfcfb1d3cf51,STAGE_3_FROZEN_FORMAL_EVALUATION,dbcb6a14e0ad59c5020143c887ec34c3a75e3393a579d7a0e6413b47e17452a9,dbcb6a14e0ad59c5020143c887ec34c3a75e3393a579d7a0e6413b47e17452a9,FM0_NO_MEMORY,,0,0
f664f16f129a9b18f89dcd9c25115c01504a7e324c333cefc793fc2b5fd6ef86,STAGE_3_FROZEN_FORMAL_EVALUATION,90b3082aa9a43f3dcf24d8d0e7eb3d3ce1849649b60dcce5df1930f763404ea7,90b3082aa9a43f3dcf24d8d0e7eb3d3ce1849649b60dcce5df1930f763404ea7,FM0_NO_MEMORY,,0,0
f6f217a5d57a4b074ad09ca06c06bbad437e33cd334b379f461095a7005abfdb,STAGE_3_FROZEN_FORMAL_EVALUATION,549a23cb6c731d43a0a452bf88018fc47764c196dc3103f7111c9ab1b574b9be,549a23cb6c731d43a0a452bf88018fc47764c196dc3103f7111c9ab1b574b9be,FM2_STRUCTURED_DESCRIPTIVE,,0,0
f78ea6c63bf894f692e64584d297849c6a7fa239be659df1b50d16d06a6b8bcd,STAGE_3_FROZEN_FORMAL_EVALUATION,afd2da8642fc2623772e8d3f18113656c786179bbf98b2fac049f0a4dc5221ac,afd2da8642fc2623772e8d3f18113656c786179bbf98b2fac049f0a4dc5221ac,FM2_STRUCTURED_DESCRIPTIVE,,0,0
f7fc0ec09166f0d85347ab634595d683083fe6cde751bdae7b1f7fe2b1791bcc,STAGE_3_FROZEN_FORMAL_EVALUATION,ae930f1c9fa2a61471b95a4344b8feb27a78c0115046ff487e4e13312a668249,ae930f1c9fa2a61471b95a4344b8feb27a78c0115046ff487e4e13312a668249,FM0_NO_MEMORY,,0,0
f83e31babd4258b724658e71056753993b1706276cc9b92c62e18795c56dd274,STAGE_3_FROZEN_FORMAL_EVALUATION,003493beb6024d0571a3fa54d666f48af8e00700a96f0aaffd0d7f9e4d772d95,003493beb6024d0571a3fa54d666f48af8e00700a96f0aaffd0d7f9e4d772d95,FM1_MATCHED_RAW_EPISODIC,,0,0
f89be3d99a4783fd6f6dddab841d5e0fa9d2d7707f34d8e21005321e28cf1654,STAGE_3_FROZEN_FORMAL_EVALUATION,5e910bbc72b892506277ed6dc213e757a8ad32d90fc7dd862c5ae7671caca163,5e910bbc72b892506277ed6dc213e757a8ad32d90fc7dd862c5ae7671caca163,FM1_MATCHED_RAW_EPISODIC,,0,0
f8d26e552571405d9b5822707d04a396fb401e5defe3addfe8ad1807b4a3e297,STAGE_3_FROZEN_FORMAL_EVALUATION,de8d9035871e434a2fe8aa94e9a83d7e01ea59665735df8fb30c24a81b73c622,de8d9035871e434a2fe8aa94e9a83d7e01ea59665735df8fb30c24a81b73c622,FM0_NO_MEMORY,,0,0
f9728e81b2fafe263e96f838596dd6786254988e6ceb1daa25a44af564b57119,STAGE_3_FROZEN_FORMAL_EVALUATION,df96a4214a7fe1239d0cd71a9f4886a49f7ff01fb0173870af783a8f896b29bc,df96a4214a7fe1239d0cd71a9f4886a49f7ff01fb0173870af783a8f896b29bc,FM0_NO_MEMORY,,0,0
f98142aaa2e8fc61d7ecb41f0f37d1b945ee06ed5e3210f26b0f46cc9b66611d,STAGE_3_FROZEN_FORMAL_EVALUATION,34556fc5b1c7f56d9646009d4118e4f5650b0bddb2357511fbfec1ff54a1d61f,34556fc5b1c7f56d9646009d4118e4f5650b0bddb2357511fbfec1ff54a1d61f,FM3_GATED_PRESCRIPTIVE,,0,0
f9ca07d22da56dde29062a30398dc011d07af5890f780205855cd4161320f925,STAGE_3_FROZEN_FORMAL_EVALUATION,2028f15fc7ecda068a4db7e482beba9d3e8f751252d60f068c2e7935e198c4d1,2028f15fc7ecda068a4db7e482beba9d3e8f751252d60f068c2e7935e198c4d1,FM0_NO_MEMORY,,0,0
f9e0da09f819defe9f20382647c0b32fe8d98a3dbed8614e03dacb89b13accd8,STAGE_3_FROZEN_FORMAL_EVALUATION,785b0e55f3142d39fa6cb2f94c769813bbfb41cad4eecbae7126ea9f9d534993,785b0e55f3142d39fa6cb2f94c769813bbfb41cad4eecbae7126ea9f9d534993,FM3_GATED_PRESCRIPTIVE,,0,0
f9fc7678959544c0f1130efcd0cfa6a6f92e3650d281615657d1c487ca59c0c6,STAGE_3_FROZEN_FORMAL_EVALUATION,460695368fcf50132ba0a0ef1fadb5ae026230dbbcddbab87a2b041aa10c2f73,460695368fcf50132ba0a0ef1fadb5ae026230dbbcddbab87a2b041aa10c2f73,FM0_NO_MEMORY,,0,0
faaa2dd373b88394e11b5c6797b4f1e3a15f0e7f26a0b76286fe727419e6a2bd,STAGE_3_FROZEN_FORMAL_EVALUATION,3ebb77a2503286efa98e7a643565ddcd94c4f270ac1323da8b48a372f71c2df4,3ebb77a2503286efa98e7a643565ddcd94c4f270ac1323da8b48a372f71c2df4,FM2_STRUCTURED_DESCRIPTIVE,,0,0
faab59981573011f4de0ca7c4bbeb822f6d696b94f93aea3bed0b5e2eb9cc8c0,STAGE_3_FROZEN_FORMAL_EVALUATION,c684cc103e12d427aaf5148f563e0c0a08d655de2189ffb133f44b302597dcfd,c684cc103e12d427aaf5148f563e0c0a08d655de2189ffb133f44b302597dcfd,FM2_STRUCTURED_DESCRIPTIVE,,0,0
fab9a217bcb77335783791675f0244755919cda999fe2a440b7ed07df7f3a4d5,STAGE_3_FROZEN_FORMAL_EVALUATION,50728db1515207157e17c86f0e2fcfb8a8c75d9812d67c301c44d8b91beb5dfc,50728db1515207157e17c86f0e2fcfb8a8c75d9812d67c301c44d8b91beb5dfc,FM1_MATCHED_RAW_EPISODIC,,0,0
fb58f8fae5c3f641f1b48461cf27ed21adc4d6962f8d0519d294656347796fe4,STAGE_3_FROZEN_FORMAL_EVALUATION,f500633f7992b75a082c682cf4396c50b5a20978657b032bd3ec9c5455c1f993,f500633f7992b75a082c682cf4396c50b5a20978657b032bd3ec9c5455c1f993,FM1_MATCHED_RAW_EPISODIC,,0,0
fbe82db59da09e1c0a43c9618aa3f5224cc1718b48705719e6503c12d7cbe0dc,STAGE_3_FROZEN_FORMAL_EVALUATION,f43a9c21b95447ad2dc23ab3833ed58b57a517d511b19864aff293253dba6125,f43a9c21b95447ad2dc23ab3833ed58b57a517d511b19864aff293253dba6125,FM3_GATED_PRESCRIPTIVE,,0,0
fc1b3fab31281ccc4b25f16b72df5678dfdb8f34e9baa44a1d0cbd676be6b818,STAGE_3_FROZEN_FORMAL_EVALUATION,fd2efce47d9af9e913bdebb7d97e2588c8ef214b0b4e07bf67f3675140199bda,fd2efce47d9af9e913bdebb7d97e2588c8ef214b0b4e07bf67f3675140199bda,FM0_NO_MEMORY,,0,0
fc203ff57a42c8615dfe2d4f4f18f7bb3ca40d78c6e1fe80f4d79bcd75b2d455,STAGE_3_FROZEN_FORMAL_EVALUATION,400d14f5692f0dd6c3f48bb46619af0ff17ba916e13a74db8c0ace03ccbb70bd,400d14f5692f0dd6c3f48bb46619af0ff17ba916e13a74db8c0ace03ccbb70bd,FM1_MATCHED_RAW_EPISODIC,,0,0
fc2b28027d37d364b795589f7b254fa88a54e62404309dc6aef142a6dfad7765,STAGE_3_FROZEN_FORMAL_EVALUATION,0b2b1c2016801fa1243e08afa2178bc82c20433b00cb416d4b532d223e4d5c57,0b2b1c2016801fa1243e08afa2178bc82c20433b00cb416d4b532d223e4d5c57,FM3_GATED_PRESCRIPTIVE,,0,0
fcab7329e1652838f4ee6d116c5889fb8659b2c9e06dd345da8062422a92cc4e,STAGE_3_FROZEN_FORMAL_EVALUATION,2e9df11c7fed1372b50b3f536b1e3ff1bc62c7a26c0fe7f7829c7632f3e1dcb0,2e9df11c7fed1372b50b3f536b1e3ff1bc62c7a26c0fe7f7829c7632f3e1dcb0,FM3_GATED_PRESCRIPTIVE,,0,0
fcbd6ef49ad7312166137ac7f469caa376f4376659a9cdde914967ed250475ee,STAGE_3_FROZEN_FORMAL_EVALUATION,57914c20c75d6720d5adcc2a28223f06ff6b27f5e3d76da1e923155d430caa94,57914c20c75d6720d5adcc2a28223f06ff6b27f5e3d76da1e923155d430caa94,FM1_MATCHED_RAW_EPISODIC,,0,0
fd01d6179d8ef2637ffde6e501dd7280a0e4cff7c01467f142b51fc83642a3e6,STAGE_3_FROZEN_FORMAL_EVALUATION,d2630d46f12e3337e921f8f8e8fb4d16871cefd9820f476666ae4b4fce9ea233,d2630d46f12e3337e921f8f8e8fb4d16871cefd9820f476666ae4b4fce9ea233,FM0_NO_MEMORY,,0,0
fd050fb9e6c238e94161cb9e040eb59a4a8b601fd28e4c05d957ebc8ef2d6941,STAGE_3_FROZEN_FORMAL_EVALUATION,9333e8922d6aec6a07767d7e3bbf20b7216e19bda2cb081a54d37fef0ff986eb,9333e8922d6aec6a07767d7e3bbf20b7216e19bda2cb081a54d37fef0ff986eb,FM3_GATED_PRESCRIPTIVE,,0,0
fd0a5013928f578767a0e468266a5e9cdfeab55c1c439cadb9d5ccf172fc4d1e,STAGE_3_FROZEN_FORMAL_EVALUATION,b37d56aabdb06f3552f57517363a35d2279d8899a245d5586ef4a599225d7ae9,b37d56aabdb06f3552f57517363a35d2279d8899a245d5586ef4a599225d7ae9,FM0_NO_MEMORY,,0,0
fd176f0a868777cf2ea970540b149556e0cb2c0be30e5e9e69c19820206dfe57,STAGE_3_FROZEN_FORMAL_EVALUATION,a2f89079fed77690df2dec5ad9bf63eb6f4055c7fff07e5e3d45670a68b0408c,a2f89079fed77690df2dec5ad9bf63eb6f4055c7fff07e5e3d45670a68b0408c,FM1_MATCHED_RAW_EPISODIC,,0,0
fd3969e6062f8cb60caf872480d66128fda1668ae8e225b4ce6071330f8c62a9,STAGE_3_FROZEN_FORMAL_EVALUATION,6f18b2eb4b406eaf9e56507c5c766a4b2f064b1b330e5e6af52b020b1a1cb6a3,6f18b2eb4b406eaf9e56507c5c766a4b2f064b1b330e5e6af52b020b1a1cb6a3,FM3_GATED_PRESCRIPTIVE,,0,0
fd3c20b8f77efa4266602921f1056082baa5b0aca78489bc85f00ac04e39bae3,STAGE_3_FROZEN_FORMAL_EVALUATION,2223403684b8c0961dd02805a30a9cdf20838732cfce42a067ca35f937addf09,2223403684b8c0961dd02805a30a9cdf20838732cfce42a067ca35f937addf09,FM2_STRUCTURED_DESCRIPTIVE,,0,0
fd4cd6376c9e21114fe1f06ac2f0753b336c5fddf5631789429d8eac20891481,STAGE_3_FROZEN_FORMAL_EVALUATION,f0f7cb11d3f0dd2aa4f1663d45e94ee73598024223e00426ca65f3dfd27f862e,f0f7cb11d3f0dd2aa4f1663d45e94ee73598024223e00426ca65f3dfd27f862e,FM3_GATED_PRESCRIPTIVE,,0,0
fd666d60d8a16b18a106f902228e32eba793c33a58c4b974a4551d3665f20a17,STAGE_3_FROZEN_FORMAL_EVALUATION,941c66f5ff8ef4367612a39fb0e21b793abebacd6bd15f6fc34d0d4a590db6d3,941c66f5ff8ef4367612a39fb0e21b793abebacd6bd15f6fc34d0d4a590db6d3,FM2_STRUCTURED_DESCRIPTIVE,,0,0
fdc4a5fe41f1e02c3954d7c59ed7bb9900f48ff1bffb93123e1d1d34faa7fbbe,STAGE_3_FROZEN_FORMAL_EVALUATION,56363463967f8898e8ce3df75375f3ec8407c554261f967fea017533444a94f7,56363463967f8898e8ce3df75375f3ec8407c554261f967fea017533444a94f7,FM3_GATED_PRESCRIPTIVE,,0,0
fde7c56f1194624a886daf6f5c4cd3e53807e50ec2bfd22a60ce10dcf22b6bda,STAGE_3_FROZEN_FORMAL_EVALUATION,464dd7da73b72cebf5a7c8d2ff7d820c385e82a95f1ec161095e02732bba1fd8,464dd7da73b72cebf5a7c8d2ff7d820c385e82a95f1ec161095e02732bba1fd8,FM0_NO_MEMORY,,0,0
fe12154c44d61450e73e7d0ec42c13bfb5a6faa79de6f4e0041b602cb82668b1,STAGE_3_FROZEN_FORMAL_EVALUATION,50734d37e1e04926e4a569f4682c0bb3601f9efbc71ce19c9e547755e9a423b1,50734d37e1e04926e4a569f4682c0bb3601f9efbc71ce19c9e547755e9a423b1,FM1_MATCHED_RAW_EPISODIC,,0,0
fe2ce5ed4abbe0cb6d1e48ab341424a7ae21fed27cdd441d391d30a0fd0dc585,STAGE_3_FROZEN_FORMAL_EVALUATION,76fc9b08fbde6d96ef97c08040f16d74e41d6876602f495cda03e1b797caa69e,76fc9b08fbde6d96ef97c08040f16d74e41d6876602f495cda03e1b797caa69e,FM3_GATED_PRESCRIPTIVE,,0,0
fe55cc9dca2c34560f0680a538a0ad73a7634cc630975ffc254935106095b9fa,STAGE_3_FROZEN_FORMAL_EVALUATION,ee53869fc560245e88ed4aba3e8b407fad5d2113b834c3381221e2cf4c199e45,ee53869fc560245e88ed4aba3e8b407fad5d2113b834c3381221e2cf4c199e45,FM3_GATED_PRESCRIPTIVE,,0,0
fedc71d413baa3e7ac4e9853680ee8c3a454e0cc104b2cab22022f6bbc672729,STAGE_3_FROZEN_FORMAL_EVALUATION,18dc1f1fbfa4eea9a727bd53e0c0abc6d5c973215ff98cfd748754f0d38c3da8,18dc1f1fbfa4eea9a727bd53e0c0abc6d5c973215ff98cfd748754f0d38c3da8,FM0_NO_MEMORY,,0,0
ff147cacb44cb371c6d070c008da4a1c0fa4908e61927de45f22cb8944a8e01c,STAGE_3_FROZEN_FORMAL_EVALUATION,7d43db91601c93736854daa3e440b7ed9f2919a7a3b423ab52e5f62bba6b8644,7d43db91601c93736854daa3e440b7ed9f2919a7a3b423ab52e5f62bba6b8644,FM0_NO_MEMORY,,0,0
ff1c6364788b858e1c3dad23888e142526474fed7f8fe8fd3e511e7662e46845,STAGE_3_FROZEN_FORMAL_EVALUATION,e007082fd9dbb5689464c86f5303768562dbd65295e2e28d10272e3de9a7a541,e007082fd9dbb5689464c86f5303768562dbd65295e2e28d10272e3de9a7a541,FM0_NO_MEMORY,,0,0
